-- --------------------------------------------------------
-- Host:                         localhost
-- Versión del servidor:         5.7.24 - MySQL Community Server (GPL)
-- SO del servidor:              Win64
-- HeidiSQL Versión:             10.2.0.5599
-- --------------------------------------------------------

/*!40101 SET @OLD_CHARACTER_SET_CLIENT=@@CHARACTER_SET_CLIENT */;
/*!40101 SET NAMES utf8 */;
/*!50503 SET NAMES utf8mb4 */;
/*!40014 SET @OLD_FOREIGN_KEY_CHECKS=@@FOREIGN_KEY_CHECKS, FOREIGN_KEY_CHECKS=0 */;
/*!40101 SET @OLD_SQL_MODE=@@SQL_MODE, SQL_MODE='NO_AUTO_VALUE_ON_ZERO' */;


-- Volcando estructura de base de datos para imagen
CREATE DATABASE IF NOT EXISTS `imagen` /*!40100 DEFAULT CHARACTER SET latin1 */;
USE `imagen`;

-- Volcando estructura para tabla imagen.actions
CREATE TABLE IF NOT EXISTS `actions` (
  `id` int(10) unsigned NOT NULL AUTO_INCREMENT,
  `name` varchar(120) NOT NULL,
  `method` varchar(120) NOT NULL,
  `title` varchar(120) NOT NULL,
  `order` int(11) NOT NULL,
  PRIMARY KEY (`id`)
) ENGINE=InnoDB AUTO_INCREMENT=56 DEFAULT CHARSET=latin1;

-- Volcando datos para la tabla imagen.actions: ~55 rows (aproximadamente)
/*!40000 ALTER TABLE `actions` DISABLE KEYS */;
INSERT INTO `actions` (`id`, `name`, `method`, `title`, `order`) VALUES
	(1, 'Acesso total al sistema', '*', 'Sistema', 1),
	(2, 'Ver Todos', 'quotations.index|quotations.pending|quotations.approved|quotations.executed', 'Cotizaciones', 2),
	(3, 'Ver Pendientes', 'quotations.pending', 'Cotizaciones', 3),
	(4, 'Ver Aprobadas', 'quotations.approved', 'Cotizaciones', 4),
	(5, 'Ver Ejecutadas', 'quotations.executed', 'Cotizaciones', 5),
	(6, 'Registrar', 'quotations.create', 'Cotizaciones', 6),
	(7, 'Ver Detalle Sucursal', 'quotations.show', 'Cotizaciones', 7),
	(8, 'Ver Detalle Todos', 'quotations.show|quotations.showall', 'Cotizaciones', 8),
	(9, 'Actualizar', 'quotations.update', 'Cotizaciones', 9),
	(10, 'Eliminar', 'quotations.destroy', 'Cotizaciones', 10),
	(11, 'Registrar', 'designs.create', 'Arte guía', 11),
	(12, 'Actualizar', 'designs.update', 'Arte guía', 12),
	(13, 'Ver Lista', 'workorders.index', 'Orden de trabajo', 13),
	(14, 'Registrar', 'workorders.create', 'Orden de trabajo', 14),
	(15, 'Actualizar', 'workorders.update', 'Orden de trabajo', 15),
	(16, 'Ver Lista', 'products.index', 'Productos', 16),
	(17, 'Registrar', 'products.create', 'Productos', 17),
	(18, 'Ver Detalle', 'products.show', 'Productos', 18),
	(19, 'Actualizar', 'products.update', 'Productos', 19),
	(20, 'Eliminar', 'products.destroy', 'Productos', 20),
	(21, 'Ver Lista', 'costs.index', 'Costos', 21),
	(22, 'Registrar', 'costs.create', 'Costos', 22),
	(23, 'Actualizar', 'costs.update', 'Costos', 23),
	(24, 'Ver Lista', 'customers.index', 'Clientes', 24),
	(25, 'Registrar', 'customers.create', 'Clientes', 25),
	(26, 'Ver Detalle', 'customers.show', 'Clientes', 26),
	(27, 'Actualizar', 'customers.update', 'Clientes', 27),
	(28, 'Eliminar', 'customers.destroy', 'Clientes', 28),
	(29, 'Ver Lista', 'employees.index', 'Empleados', 29),
	(30, 'Registrar', 'employees.create', 'Empleados', 30),
	(31, 'Actualizar', 'employees.show|employees.update', 'Empleados', 31),
	(32, 'Eliminar', 'employees.destroy', 'Empleados', 32),
	(33, 'Ver Lista', 'profiles.index', 'Perfiles', 33),
	(34, 'Registrar', 'profiles.create', 'Perfiles', 34),
	(35, 'Actualizar', 'profiles.show|profiles.update', 'Perfiles', 35),
	(36, 'Eliminar', 'profiles.destroy', 'Perfiles', 36),
	(37, 'Ver Lista', 'users.index', 'Usuarios', 37),
	(38, 'Registrar', 'users.create', 'Usuarios', 38),
	(39, 'Actualizar', 'users.show|users.update', 'Usuarios', 39),
	(40, 'Eliminar', 'users.destroy', 'Usuarios', 40),
	(41, 'Ver Todos', 'reports.index', 'Informes', 41),
	(42, 'Ver Lista', 'invoices.index', 'Facturas', 42),
	(43, 'Registrar', 'invoices.create', 'Facturas', 43),
	(44, 'Anular', 'invoices.cancel', 'Facturas', 44),
	(45, 'Ver Lista', 'notes.index', 'Notas de Remision', 45),
	(46, 'Registrar', 'notes.create', 'Notas de Remision', 46),
	(47, 'Actualizar', 'notes.update', 'Notas de Remision', 47),
	(48, 'Ver Lista', 'accounts.index', 'Cuentas', 48),
	(49, 'Cerrar Cuenta', 'accounts.close', 'Cuentas', 49),
	(50, 'Ver Lista Sucursal', 'quotations.single', 'Cotizaciones', 50),
	(51, 'Ver Lista Todos', 'quotations.all', 'Cotizaciones', 51),
	(52, 'Ver Lista Sucursal', 'invoices.single', 'Facturas', 52),
	(53, 'Var Lista Todos', 'invoices.all', 'Facturas', 53),
	(54, 'Ver Lista Sucursal', 'notes.single', 'Notas de Remision', 54),
	(55, 'Ver Lista Todos', 'notes.all', 'Notas de Remision', 55);
/*!40000 ALTER TABLE `actions` ENABLE KEYS */;

-- Volcando estructura para tabla imagen.action_profile
CREATE TABLE IF NOT EXISTS `action_profile` (
  `id` int(10) unsigned NOT NULL AUTO_INCREMENT,
  `profile_id` int(10) unsigned NOT NULL,
  `action_id` int(10) unsigned NOT NULL,
  PRIMARY KEY (`id`),
  KEY `action_profile_profile_id_foreign` (`profile_id`),
  KEY `action_profile_action_id_foreign` (`action_id`),
  CONSTRAINT `action_profile_action_id_foreign` FOREIGN KEY (`action_id`) REFERENCES `actions` (`id`) ON DELETE CASCADE ON UPDATE CASCADE,
  CONSTRAINT `action_profile_profile_id_foreign` FOREIGN KEY (`profile_id`) REFERENCES `profiles` (`id`) ON DELETE CASCADE ON UPDATE CASCADE
) ENGINE=InnoDB AUTO_INCREMENT=105 DEFAULT CHARSET=latin1;

-- Volcando datos para la tabla imagen.action_profile: ~64 rows (aproximadamente)
/*!40000 ALTER TABLE `action_profile` DISABLE KEYS */;
INSERT INTO `action_profile` (`id`, `profile_id`, `action_id`) VALUES
	(1, 1, 1),
	(6, 6, 14),
	(7, 6, 16),
	(8, 6, 20),
	(12, 6, 19),
	(24, 6, 18),
	(25, 6, 21),
	(26, 6, 22),
	(27, 6, 23),
	(28, 6, 7),
	(29, 6, 13),
	(30, 6, 15),
	(31, 6, 17),
	(32, 7, 2),
	(33, 7, 6),
	(34, 7, 9),
	(36, 7, 11),
	(37, 7, 12),
	(39, 7, 24),
	(40, 7, 25),
	(41, 7, 26),
	(42, 7, 27),
	(43, 7, 28),
	(44, 7, 7),
	(52, 6, 11),
	(53, 6, 12),
	(54, 6, 29),
	(55, 6, 30),
	(56, 6, 31),
	(57, 6, 32),
	(58, 8, 2),
	(59, 8, 7),
	(60, 8, 11),
	(61, 8, 12),
	(62, 7, 42),
	(63, 9, 2),
	(64, 9, 27),
	(65, 9, 42),
	(66, 9, 43),
	(67, 9, 41),
	(68, 9, 44),
	(70, 9, 8),
	(72, 7, 48),
	(75, 6, 2),
	(79, 6, 50),
	(80, 7, 50),
	(81, 9, 51),
	(82, 9, 49),
	(83, 9, 48),
	(84, 9, 45),
	(85, 9, 46),
	(86, 9, 47),
	(87, 7, 52),
	(88, 7, 43),
	(89, 6, 42),
	(91, 7, 45),
	(92, 7, 46),
	(93, 7, 54),
	(95, 9, 54),
	(97, 9, 52),
	(98, 6, 45),
	(102, 6, 52),
	(103, 6, 54),
	(104, 6, 48);
/*!40000 ALTER TABLE `action_profile` ENABLE KEYS */;

-- Volcando estructura para tabla imagen.categories
CREATE TABLE IF NOT EXISTS `categories` (
  `id` int(10) unsigned NOT NULL AUTO_INCREMENT,
  `name` varchar(60) COLLATE utf8mb4_unicode_ci NOT NULL,
  `deleted_at` timestamp NULL DEFAULT NULL,
  `created_at` timestamp NULL DEFAULT NULL,
  `updated_at` timestamp NULL DEFAULT NULL,
  PRIMARY KEY (`id`)
) ENGINE=InnoDB AUTO_INCREMENT=5 DEFAULT CHARSET=utf8mb4 COLLATE=utf8mb4_unicode_ci;

-- Volcando datos para la tabla imagen.categories: ~4 rows (aproximadamente)
/*!40000 ALTER TABLE `categories` DISABLE KEYS */;
INSERT INTO `categories` (`id`, `name`, `deleted_at`, `created_at`, `updated_at`) VALUES
	(1, 'Impresión Digital', NULL, '2020-02-04 18:06:35', '2020-02-04 18:07:30'),
	(2, 'Displays', NULL, '2020-02-04 18:07:27', '2020-02-04 18:07:29'),
	(3, 'Vallas Publicitarias', NULL, '2020-02-04 18:07:53', '2020-02-04 18:07:54'),
	(4, 'Servicios', NULL, '2020-10-28 07:40:00', '2020-10-28 07:40:00');
/*!40000 ALTER TABLE `categories` ENABLE KEYS */;

-- Volcando estructura para tabla imagen.cities
CREATE TABLE IF NOT EXISTS `cities` (
  `id` int(10) unsigned NOT NULL AUTO_INCREMENT,
  `name` varchar(60) COLLATE utf8mb4_unicode_ci NOT NULL,
  `code_city` varchar(8) COLLATE utf8mb4_unicode_ci NOT NULL,
  `deleted_at` timestamp NULL DEFAULT NULL,
  `created_at` timestamp NULL DEFAULT NULL,
  `updated_at` timestamp NULL DEFAULT NULL,
  PRIMARY KEY (`id`)
) ENGINE=InnoDB AUTO_INCREMENT=10 DEFAULT CHARSET=utf8mb4 COLLATE=utf8mb4_unicode_ci;

-- Volcando datos para la tabla imagen.cities: ~9 rows (aproximadamente)
/*!40000 ALTER TABLE `cities` DISABLE KEYS */;
INSERT INTO `cities` (`id`, `name`, `code_city`, `deleted_at`, `created_at`, `updated_at`) VALUES
	(1, 'La Paz', 'LPZ', NULL, '2020-02-04 17:51:03', '2020-02-04 17:51:04'),
	(2, 'Santa Cruz de la Sierra', 'SCZ', NULL, '2020-02-04 17:51:22', '2020-02-04 17:51:23'),
	(3, 'Cochabamba', 'CBBA', NULL, '2020-02-04 17:51:31', '2020-02-04 17:51:32'),
	(4, 'Oruro', 'ORU', NULL, '2020-02-04 17:52:45', '2020-02-04 17:52:46'),
	(5, 'Potosí', 'PSI', NULL, '2020-02-04 17:52:56', '2020-02-04 17:52:57'),
	(6, 'Tarija', 'TJA', NULL, '2020-02-04 17:53:08', '2020-02-04 17:53:09'),
	(7, 'Chuquisaca', 'CHQ', NULL, '2020-02-04 17:53:16', '2020-02-04 17:53:17'),
	(8, 'Beni', 'BNI', NULL, '2020-02-04 17:53:23', '2020-02-04 17:53:24'),
	(9, 'Pando', 'PND', NULL, '2020-02-04 17:53:30', '2020-02-04 17:53:32');
/*!40000 ALTER TABLE `cities` ENABLE KEYS */;

-- Volcando estructura para tabla imagen.code_cities
CREATE TABLE IF NOT EXISTS `code_cities` (
  `id` int(10) unsigned NOT NULL AUTO_INCREMENT,
  `number_quotation` int(10) unsigned NOT NULL,
  `city_id` int(10) unsigned NOT NULL,
  PRIMARY KEY (`id`),
  KEY `FK_code_cities_cities` (`city_id`),
  CONSTRAINT `code_cities_city_id_foreign` FOREIGN KEY (`city_id`) REFERENCES `cities` (`id`) ON DELETE CASCADE ON UPDATE CASCADE
) ENGINE=InnoDB AUTO_INCREMENT=3 DEFAULT CHARSET=latin1;

-- Volcando datos para la tabla imagen.code_cities: ~2 rows (aproximadamente)
/*!40000 ALTER TABLE `code_cities` DISABLE KEYS */;
INSERT INTO `code_cities` (`id`, `number_quotation`, `city_id`) VALUES
	(1, 149, 2),
	(2, 9, 1);
/*!40000 ALTER TABLE `code_cities` ENABLE KEYS */;

-- Volcando estructura para tabla imagen.costs
CREATE TABLE IF NOT EXISTS `costs` (
  `id` int(10) unsigned NOT NULL AUTO_INCREMENT,
  `tool` decimal(9,2) unsigned DEFAULT NULL,
  `admin_expense` decimal(9,2) unsigned DEFAULT NULL,
  `utility` decimal(9,2) unsigned DEFAULT NULL,
  `tax` decimal(9,2) unsigned DEFAULT NULL,
  `total_amount` decimal(12,2) unsigned DEFAULT NULL,
  `price_without_tax` decimal(12,2) unsigned DEFAULT NULL,
  `price_with_tax` decimal(12,2) unsigned DEFAULT NULL,
  `normal_price` decimal(12,2) unsigned DEFAULT NULL,
  `volume_price` decimal(12,2) unsigned DEFAULT NULL,
  `active` tinyint(1) unsigned NOT NULL DEFAULT '1',
  `product_id` int(10) unsigned NOT NULL,
  `office_id` int(10) unsigned NOT NULL,
  `deleted_at` timestamp NULL DEFAULT NULL,
  `created_at` timestamp NULL DEFAULT NULL,
  `updated_at` timestamp NULL DEFAULT NULL,
  PRIMARY KEY (`id`),
  KEY `costs_office_id_foreign` (`office_id`),
  KEY `costs_product_id_foreign` (`product_id`),
  CONSTRAINT `costs_office_id_foreign` FOREIGN KEY (`office_id`) REFERENCES `offices` (`id`) ON DELETE CASCADE ON UPDATE CASCADE,
  CONSTRAINT `costs_product_id_foreign` FOREIGN KEY (`product_id`) REFERENCES `products` (`id`) ON DELETE CASCADE ON UPDATE CASCADE
) ENGINE=InnoDB AUTO_INCREMENT=88 DEFAULT CHARSET=latin1;

-- Volcando datos para la tabla imagen.costs: ~86 rows (aproximadamente)
/*!40000 ALTER TABLE `costs` DISABLE KEYS */;
INSERT INTO `costs` (`id`, `tool`, `admin_expense`, `utility`, `tax`, `total_amount`, `price_without_tax`, `price_with_tax`, `normal_price`, `volume_price`, `active`, `product_id`, `office_id`, `deleted_at`, `created_at`, `updated_at`) VALUES
	(1, 50.00, 6.00, 40.00, 16.00, 7083.73, 38.17, 44.27, 55.00, 45.00, 1, 1, 1, NULL, '2020-06-26 13:52:45', '2020-06-26 16:53:33'),
	(2, 50.00, 10.00, 40.00, 16.00, 6283.66, 33.86, 39.27, 50.00, 40.00, 1, 1, 2, NULL, '2020-06-26 13:56:17', '2020-12-09 21:56:19'),
	(3, 50.00, 6.00, 40.00, 16.00, 7565.73, 40.76, 47.29, 58.00, 48.00, 1, 2, 1, NULL, '2020-06-26 14:11:14', '2020-06-26 16:55:21'),
	(4, 50.00, 6.00, 40.00, 16.00, 8460.88, 45.59, 52.88, 85.00, 65.00, 1, 3, 1, NULL, '2020-06-26 15:20:46', '2020-06-26 15:20:46'),
	(5, 150.00, 10.00, 40.00, 16.00, 8565.79, 46.15, 53.54, 120.00, 90.00, 1, 3, 2, NULL, '2020-06-26 16:25:14', '2020-12-03 23:11:44'),
	(6, 50.00, 6.00, 50.00, 18.00, 5628.60, 63.60, 75.05, 95.00, 80.00, 1, 4, 1, NULL, '2020-06-26 16:46:55', '2020-10-28 12:22:10'),
	(7, 50.00, 6.00, 40.00, 16.00, 4196.01, 48.23, 55.95, 95.00, 75.00, 1, 5, 1, NULL, '2020-06-26 16:52:19', '2020-06-27 10:33:18'),
	(8, 50.00, 6.00, 40.00, 16.00, 5401.02, 62.08, 72.01, 95.00, 85.00, 1, 6, 1, NULL, '2020-06-27 10:42:37', '2020-06-27 10:42:37'),
	(9, 50.00, 6.00, 40.00, 16.00, 4927.62, 76.13, 88.31, 95.00, 90.00, 1, 7, 1, NULL, '2020-06-27 10:48:54', '2020-06-27 10:48:54'),
	(10, 50.00, 6.00, 40.00, 16.00, 4023.87, 46.25, 53.65, 75.00, 65.00, 1, 8, 1, NULL, '2020-06-27 11:14:33', '2020-06-27 11:14:33'),
	(11, 50.00, 6.00, 40.00, 16.00, 7811.03, 89.78, 104.15, 130.00, 115.00, 1, 9, 1, NULL, '2020-06-27 11:23:40', '2020-06-27 11:23:40'),
	(12, 50.00, 6.00, 50.00, 16.00, 15469.91, 177.82, 206.27, 250.00, 230.00, 1, 10, 1, NULL, '2020-06-27 11:33:00', '2020-06-27 11:33:00'),
	(13, 50.00, 6.00, 50.00, 16.00, 7970.57, 42.94, 49.82, 60.00, 52.00, 1, 11, 1, NULL, '2020-06-27 11:48:31', '2020-06-27 11:48:31'),
	(14, 50.00, 6.00, 40.00, 16.00, 8460.88, 45.59, 52.88, 65.00, 55.00, 1, 12, 1, NULL, '2020-06-27 12:06:45', '2020-06-27 12:06:45'),
	(15, 30.00, 6.00, 40.00, 16.00, 1306.58, 379.25, 439.93, 485.00, 450.00, 1, 13, 1, NULL, '2020-06-27 12:20:01', '2020-12-02 16:23:06'),
	(16, 30.00, 6.00, 40.00, 10.00, 2104.17, 644.07, 708.47, 470.00, 710.00, 1, 14, 1, NULL, '2020-06-27 12:28:49', '2021-02-25 15:35:26'),
	(17, 30.00, 6.00, 40.00, 10.00, 1206.35, 369.25, 406.18, 455.00, 420.00, 1, 15, 1, NULL, '2020-06-28 11:35:08', '2020-06-28 11:35:08'),
	(18, 30.00, 6.00, 40.00, 10.00, 2593.89, 793.97, 873.36, 920.00, 900.00, 1, 16, 1, NULL, '2020-06-28 11:39:36', '2020-07-02 11:28:51'),
	(19, 5.00, 6.00, 40.00, 16.00, 1106.03, 953.47, 1106.03, 1200.00, 1110.00, 1, 17, 1, NULL, '2020-06-28 11:53:04', '2020-09-30 10:04:06'),
	(20, 5.00, 6.00, 40.00, 16.00, 1157.67, 997.99, 1157.67, 1250.00, 1160.00, 1, 18, 1, NULL, '2020-06-28 12:35:22', '2020-09-30 10:11:02'),
	(21, 6.14, 6.00, 40.00, 16.00, 286.52, 247.00, 286.52, 315.00, 290.00, 1, 19, 1, NULL, '2020-06-28 12:42:05', '2020-09-30 10:05:28'),
	(22, 50.00, 8.00, 40.00, 16.00, 22529.10, 281.47, 326.51, 326.00, 326.00, 1, 20, 1, NULL, '2020-06-28 12:55:47', '2020-06-28 12:55:47'),
	(23, 50.00, 3.00, 30.00, 16.00, 1194.44, 346.70, 402.17, 420.00, 410.00, 0, 16, 1, NULL, '2020-07-02 11:26:24', '2020-07-02 11:28:51'),
	(24, 0.00, 3.00, 30.00, 16.00, 77.66, 66.95, 77.66, 78.00, 77.66, 1, 21, 2, NULL, '2020-07-08 15:02:33', '2020-07-08 15:02:33'),
	(25, 50.00, 6.00, 100.00, 16.00, 11312.32, 162.53, 188.54, 305.00, 200.00, 1, 22, 1, NULL, '2020-09-16 13:47:45', '2020-09-16 13:47:45'),
	(26, 50.00, 6.00, 40.00, 16.00, 1506.26, 435.74, 505.46, 600.00, 550.00, 1, 23, 1, NULL, '2020-09-30 11:38:24', '2020-10-09 09:37:50'),
	(27, 20.00, 6.00, 30.00, 16.00, 648.99, 559.47, 648.99, 800.00, 700.00, 1, 24, 1, NULL, '2020-10-02 11:09:32', '2020-10-16 09:34:58'),
	(28, 50.00, 6.00, 40.00, 16.00, 5785.76, 1679.37, 1948.07, 2400.00, 2200.00, 1, 25, 1, NULL, '2020-10-05 11:01:12', '2020-10-05 11:20:13'),
	(29, 50.00, 10.00, 40.00, 16.00, 6283.66, 33.86, 39.27, 55.00, 40.00, 1, 2, 2, NULL, '2020-10-16 09:13:57', '2020-12-16 10:24:40'),
	(30, 100.00, 10.00, 40.00, 16.00, 5514.62, 63.39, 73.53, 150.00, 133.00, 1, 6, 2, NULL, '2020-10-16 09:45:46', '2020-12-03 23:03:01'),
	(31, 50.00, 6.00, 30.00, 16.00, 5366.10, 61.68, 71.55, 120.00, 100.00, 1, 4, 2, NULL, '2020-10-19 09:16:36', '2020-12-08 08:46:10'),
	(32, 50.00, 6.00, 40.00, 16.00, 5705.59, 65.58, 76.07, 132.00, 120.00, 1, 5, 2, NULL, '2020-10-19 09:56:41', '2020-12-03 23:09:15'),
	(33, 50.00, 10.00, 30.00, 16.00, 6842.55, 78.65, 91.23, 110.00, 97.00, 1, 8, 2, NULL, '2020-10-19 10:32:39', '2020-12-03 23:06:40'),
	(34, 50.00, 10.00, 40.00, 16.00, 8105.79, 93.17, 108.08, 120.00, 110.00, 1, 9, 2, NULL, '2020-10-19 11:20:24', '2020-12-09 21:53:42'),
	(35, 50.00, 10.00, 40.00, 16.00, 24480.83, 281.39, 326.41, 400.00, 370.00, 1, 10, 2, NULL, '2020-10-19 11:30:12', '2020-12-03 23:54:02'),
	(36, 50.00, 10.00, 40.00, 16.00, 9585.82, 51.65, 59.91, 70.00, 65.00, 1, 11, 2, NULL, '2020-10-19 11:45:00', '2020-12-09 21:52:13'),
	(37, 50.00, 10.00, 40.00, 16.00, 9634.06, 51.91, 60.21, 80.00, 70.00, 1, 12, 2, NULL, '2020-10-19 12:00:14', '2020-12-09 21:51:29'),
	(38, 30.00, 10.00, 40.00, 16.00, 562.72, 163.33, 189.47, 265.00, 200.00, 1, 13, 2, NULL, '2020-10-19 12:27:08', '2020-12-09 21:36:08'),
	(39, 50.00, 6.00, 35.00, 16.00, 1124.62, 969.50, 1124.62, 1150.00, 1140.00, 1, 17, 2, NULL, '2020-10-19 14:10:54', '2020-10-19 14:10:54'),
	(40, 50.00, 6.00, 40.00, 16.00, 1166.28, 1005.41, 1166.28, 120.00, 1180.00, 1, 18, 2, NULL, '2020-10-19 14:19:32', '2020-12-09 21:49:38'),
	(41, 5.00, 10.00, 40.00, 16.00, 268.49, 231.46, 268.49, 280.00, 270.00, 1, 19, 2, NULL, '2020-10-19 14:28:37', '2020-12-09 21:48:08'),
	(42, 50.00, 8.00, 40.00, 16.00, 22529.10, 281.47, 326.51, 360.00, 340.00, 1, 20, 2, NULL, '2020-10-19 14:35:31', '2020-10-19 14:35:31'),
	(43, 50.00, 6.00, 30.00, 16.00, 21506.75, 332.56, 385.77, 405.00, 395.00, 1, 27, 2, NULL, '2020-10-19 14:49:50', '2020-10-19 14:49:50'),
	(44, 30.00, 6.00, 30.00, 10.00, 806.41, 246.01, 270.61, 285.00, 275.00, 1, 28, 2, NULL, '2020-10-19 15:00:56', '2020-10-19 15:01:55'),
	(45, 30.00, 10.00, 40.00, 10.00, 963.89, 294.05, 323.45, 360.00, 340.00, 1, 29, 2, NULL, '2020-10-20 12:20:18', '2020-12-09 21:44:06'),
	(46, 30.00, 10.00, 40.00, 10.00, 1107.88, 337.97, 371.77, 400.00, 385.00, 1, 30, 2, NULL, '2020-10-20 12:23:48', '2020-12-09 21:45:30'),
	(47, 50.00, 6.00, 40.00, 16.00, 5748.75, 61.95, 71.86, 85.00, 75.00, 1, 32, 2, NULL, '2020-10-28 13:04:34', '2020-10-28 13:05:21'),
	(48, 50.00, 6.00, 40.00, 16.00, 5228.02, 60.09, 69.71, 150.00, 133.00, 1, 33, 2, NULL, '2020-10-28 15:30:03', '2020-12-03 23:04:01'),
	(49, 50.00, 6.00, 50.00, 16.00, 6016.43, 69.15, 80.22, 115.00, 95.00, 1, 34, 1, NULL, '2020-11-10 10:39:11', '2020-11-10 10:39:11'),
	(50, 50.00, 6.00, 30.00, 0.16, 418.75, 418.08, 418.75, 750.00, 712.00, 1, 35, 1, NULL, '2020-11-11 12:29:25', '2020-12-15 16:45:54'),
	(51, 30.00, 6.00, 30.00, 16.00, 298.92, 257.69, 298.92, 380.00, 370.00, 1, 36, 1, NULL, '2020-11-17 10:41:59', '2020-12-04 08:51:43'),
	(53, 50.00, 6.00, 30.00, 16.00, 535.49, 461.63, 535.49, 550.00, 540.00, 1, 37, 1, NULL, '2020-11-19 09:14:30', '2020-11-19 09:14:30'),
	(54, 50.00, 6.00, 30.00, 16.00, 680.15, 586.34, 680.15, 690.00, 680.00, 0, 38, 1, NULL, '2020-11-19 09:20:39', '2020-11-19 09:25:28'),
	(55, 50.00, 6.00, 30.00, 16.00, 671.36, 578.76, 671.36, 690.00, 680.00, 1, 38, 1, NULL, '2020-11-19 09:25:28', '2020-11-19 09:25:28'),
	(56, 10.00, 6.00, 30.00, 16.00, 54.35, 46.85, 54.35, 70.00, 60.00, 1, 39, 1, NULL, '2020-11-19 09:30:12', '2020-11-19 09:30:12'),
	(57, 50.00, 6.00, 30.00, 16.00, 282.14, 243.22, 282.14, 330.00, 285.00, 1, 40, 1, NULL, '2020-11-26 17:55:57', '2020-11-26 18:08:56'),
	(58, 6.00, 15.00, 40.00, 16.00, 64.43, 55.54, 64.43, 0.00, 0.00, 1, 42, 2, NULL, '2020-12-02 13:01:34', '2020-12-02 13:06:39'),
	(59, 10.00, 10.00, 40.00, 16.00, 57.16, 49.28, 57.16, 65.00, 60.00, 1, 42, 2, NULL, '2020-12-02 13:11:19', '2020-12-03 23:14:05'),
	(60, 30.00, 6.00, 35.00, 16.00, 805.09, 233.68, 271.07, 350.00, 280.00, 1, 43, 1, NULL, '2020-12-02 16:44:08', '2020-12-02 16:44:08'),
	(61, 150.00, 10.00, 40.00, 16.00, 1204.03, 349.48, 405.40, 550.00, 450.00, 1, 44, 2, NULL, '2020-12-03 16:09:43', '2021-01-20 14:23:39'),
	(62, 15.00, 10.00, 40.00, 16.00, 882.48, 256.15, 297.13, 325.00, 310.00, 1, 45, 2, NULL, '2020-12-03 22:14:28', '2020-12-03 22:14:28'),
	(63, 15.00, 10.00, 40.00, 16.00, 1563.10, 453.70, 526.30, 570.00, 545.00, 1, 46, 2, NULL, '2020-12-03 22:37:38', '2020-12-03 22:37:38'),
	(64, 45.00, 10.00, 40.00, 16.00, 1839.99, 534.07, 619.53, 900.00, 850.00, 1, 47, 2, NULL, '2020-12-03 22:58:56', '2021-01-20 14:24:54'),
	(65, 50.00, 10.00, 30.00, 16.00, 774.66, 667.81, 774.66, 850.00, 825.00, 1, 48, 2, NULL, '2020-12-03 23:34:48', '2020-12-03 23:34:48'),
	(66, 50.00, 10.00, 40.00, 16.00, 4617.84, 53.08, 61.57, 150.00, 125.00, 1, 49, 2, NULL, '2020-12-03 23:51:20', '2020-12-03 23:51:43'),
	(67, 10.00, 10.00, 40.00, 16.00, 334.06, 287.98, 334.06, 385.00, 350.00, 1, 36, 2, NULL, '2020-12-04 09:32:29', '2020-12-04 09:55:15'),
	(68, 20.00, 10.00, 40.00, 16.00, 459.10, 395.78, 459.10, 550.00, 520.00, 1, 37, 2, NULL, '2020-12-04 09:47:54', '2020-12-04 09:50:48'),
	(69, 90.00, 10.00, 40.00, 16.00, 1329.08, 385.78, 447.50, 650.00, 560.00, 1, 50, 2, NULL, '2020-12-04 10:18:06', '2021-01-20 14:24:20'),
	(70, 30.00, 10.00, 40.00, 16.00, 375.14, 323.40, 375.14, 400.00, 380.00, 1, 51, 2, NULL, '2020-12-04 11:13:30', '2020-12-04 11:14:55'),
	(71, 10.00, 10.00, 40.00, 16.00, 182.21, 52.89, 61.35, 85.00, 75.00, 1, 52, 2, NULL, '2020-12-05 10:31:43', '2020-12-10 15:35:51'),
	(72, 10.00, 10.00, 40.00, 16.00, 230.45, 66.89, 77.59, 150.00, 100.00, 1, 53, 2, NULL, '2020-12-05 10:39:06', '2020-12-05 10:41:41'),
	(73, 30.00, 10.00, 40.00, 16.00, 696.70, 202.22, 234.58, 350.00, 300.00, 1, 54, 2, NULL, '2020-12-05 10:48:21', '2020-12-05 10:49:29'),
	(74, 10.00, 10.00, 40.00, 16.00, 234.02, 201.74, 234.02, 280.00, 250.00, 1, 55, 2, NULL, '2020-12-07 09:03:40', '2020-12-07 09:03:40'),
	(75, 10.00, 10.00, 40.00, 16.00, 291.18, 251.02, 291.18, 310.00, 300.00, 1, 56, 2, NULL, '2020-12-07 09:15:55', '2020-12-07 09:15:55'),
	(76, 30.00, 10.00, 40.00, 16.00, 3824.68, 3297.14, 3824.68, 4500.00, 4200.00, 1, 57, 2, NULL, '2020-12-07 10:05:10', '2020-12-07 10:09:44'),
	(77, 50.00, 10.00, 30.00, 16.00, 3710.74, 3198.91, 3710.74, 4000.00, 3900.00, 1, 58, 2, NULL, '2020-12-07 11:02:22', '2020-12-07 11:02:22'),
	(78, 5.00, 10.00, 40.00, 16.00, 241.16, 207.90, 241.16, 280.00, 260.00, 1, 59, 2, NULL, '2020-12-07 15:13:24', '2020-12-08 10:20:41'),
	(79, 0.00, 15.00, 40.00, 16.00, 4.09, 3.53, 4.09, 4.50, 4.00, 1, 60, 2, NULL, '2020-12-08 08:53:49', '2020-12-16 12:13:23'),
	(80, 3000.00, 60.00, 40.00, 16.00, 31554.84, 27202.45, 31554.84, 67500.00, 43000.00, 0, 61, 1, NULL, '2020-12-16 09:05:01', '2021-02-04 19:03:20'),
	(81, 2.00, 6.00, 30.00, 16.00, 13.18, 11.36, 13.18, 0.00, 0.00, 1, 62, 1, NULL, '2020-12-30 10:25:49', '2020-12-30 10:25:49'),
	(82, 30.00, 6.00, 40.00, 16.00, 1273.87, 369.75, 428.91, 450.00, 429.00, 1, 63, 1, NULL, '2021-01-05 09:28:56', '2021-01-05 09:37:27'),
	(83, 50.00, 6.00, 50.00, 16.00, 4832.33, 55.54, 64.43, 95.00, 65.00, 1, 64, 1, NULL, '2021-01-14 15:57:13', '2021-01-14 16:02:49'),
	(84, 10.00, 6.00, 40.00, 16.00, 275.43, 237.44, 275.43, 280.00, 276.00, 1, 65, 1, NULL, '2021-01-18 11:57:49', '2021-01-21 11:49:52'),
	(85, 4500.00, 50.00, 20.00, 16.00, 126324.00, 108900.00, 126324.00, 135000.00, 130000.00, 1, 61, 1, NULL, '2021-02-04 19:03:20', '2021-02-04 19:05:14'),
	(86, 4000.00, 15.00, 30.00, 16.00, 52372.84, 45149.00, 52372.84, 55000.00, 52000.00, 0, 57, 1, NULL, '2021-02-04 19:07:56', '2021-02-04 19:12:28'),
	(87, 2500.00, 15.00, 40.00, 16.00, 25212.60, 21735.00, 25212.60, 30600.00, 27500.00, 1, 57, 1, NULL, '2021-02-04 19:12:28', '2021-02-04 19:12:58');
/*!40000 ALTER TABLE `costs` ENABLE KEYS */;

-- Volcando estructura para tabla imagen.cost_material
CREATE TABLE IF NOT EXISTS `cost_material` (
  `id` int(10) unsigned NOT NULL AUTO_INCREMENT,
  `cost_id` int(10) unsigned NOT NULL,
  `material_id` int(10) unsigned NOT NULL,
  `quantity` decimal(10,2) unsigned NOT NULL,
  `price` decimal(12,2) unsigned NOT NULL,
  `total` decimal(12,2) unsigned NOT NULL,
  PRIMARY KEY (`id`),
  KEY `cost_material_cost_id_foreign` (`cost_id`),
  KEY `cost_material_material_id_foreign` (`material_id`),
  CONSTRAINT `cost_material_cost_id_foreign` FOREIGN KEY (`cost_id`) REFERENCES `costs` (`id`) ON DELETE CASCADE ON UPDATE CASCADE,
  CONSTRAINT `cost_material_material_id_foreign` FOREIGN KEY (`material_id`) REFERENCES `materials` (`id`) ON DELETE CASCADE ON UPDATE CASCADE
) ENGINE=InnoDB AUTO_INCREMENT=334 DEFAULT CHARSET=latin1;

-- Volcando datos para la tabla imagen.cost_material: ~316 rows (aproximadamente)
/*!40000 ALTER TABLE `cost_material` DISABLE KEYS */;
INSERT INTO `cost_material` (`id`, `cost_id`, `material_id`, `quantity`, `price`, `total`) VALUES
	(1, 1, 1, 1.00, 1120.00, 1120.00),
	(2, 1, 2, 8.00, 280.00, 2240.00),
	(3, 1, 3, 2.00, 150.00, 300.00),
	(4, 1, 4, 1.00, 15.00, 15.00),
	(5, 2, 5, 1.00, 1200.00, 1200.00),
	(6, 2, 2, 4.00, 370.00, 1480.00),
	(7, 2, 3, 2.00, 150.00, 300.00),
	(8, 2, 4, 1.00, 15.00, 15.00),
	(9, 3, 1, 1.00, 1120.00, 1120.00),
	(10, 3, 2, 8.00, 280.00, 2240.00),
	(11, 3, 3, 2.00, 150.00, 300.00),
	(12, 3, 4, 1.00, 15.00, 15.00),
	(13, 3, 6, 4.00, 70.00, 280.00),
	(14, 4, 7, 1.00, 1600.00, 1600.00),
	(15, 4, 2, 8.00, 280.00, 2240.00),
	(16, 4, 8, 4.00, 150.00, 600.00),
	(17, 4, 4, 1.00, 15.00, 15.00),
	(18, 4, 9, 1.00, 20.00, 20.00),
	(19, 5, 7, 1.00, 1600.00, 1600.00),
	(20, 5, 2, 6.00, 370.00, 2220.00),
	(21, 5, 8, 4.00, 150.00, 600.00),
	(22, 5, 4, 1.00, 15.00, 15.00),
	(23, 6, 10, 1.00, 1450.00, 1450.00),
	(24, 6, 2, 4.00, 300.00, 1200.00),
	(25, 6, 11, 1.00, 30.00, 30.00),
	(26, 6, 4, 1.00, 15.00, 15.00),
	(27, 7, 10, 1.00, 750.00, 750.00),
	(28, 7, 2, 4.00, 280.00, 1120.00),
	(29, 7, 11, 1.00, 30.00, 30.00),
	(30, 7, 4, 1.00, 15.00, 15.00),
	(31, 8, 10, 1.00, 1450.00, 1450.00),
	(32, 8, 2, 4.00, 280.00, 1120.00),
	(33, 8, 11, 1.00, 30.00, 30.00),
	(34, 8, 4, 1.00, 15.00, 15.00),
	(35, 9, 10, 1.00, 1175.00, 1175.00),
	(36, 9, 2, 4.00, 280.00, 1120.00),
	(37, 9, 11, 1.00, 30.00, 30.00),
	(38, 9, 4, 1.00, 15.00, 15.00),
	(39, 10, 10, 1.00, 650.00, 650.00),
	(40, 10, 2, 4.00, 280.00, 1120.00),
	(41, 10, 11, 1.00, 30.00, 30.00),
	(42, 10, 4, 1.00, 15.00, 15.00),
	(43, 11, 10, 1.00, 2850.00, 2850.00),
	(44, 11, 2, 4.00, 280.00, 1120.00),
	(45, 11, 11, 1.00, 30.00, 30.00),
	(46, 11, 4, 1.00, 15.00, 15.00),
	(47, 12, 10, 1.00, 6700.00, 6700.00),
	(48, 12, 2, 4.00, 280.00, 1120.00),
	(49, 12, 11, 1.00, 30.00, 30.00),
	(50, 12, 4, 1.00, 15.00, 15.00),
	(51, 13, 1, 1.00, 1326.50, 1326.50),
	(52, 13, 2, 8.00, 280.00, 2240.00),
	(53, 13, 3, 2.00, 150.00, 300.00),
	(54, 13, 4, 1.00, 15.00, 15.00),
	(55, 14, 1, 1.00, 1920.00, 1920.00),
	(56, 14, 2, 8.00, 280.00, 2240.00),
	(57, 14, 3, 2.00, 150.00, 300.00),
	(58, 14, 4, 1.00, 15.00, 15.00),
	(59, 15, 10, 3.00, 75.00, 225.00),
	(60, 15, 12, 1.00, 170.00, 170.00),
	(61, 15, 11, 1.00, 30.00, 30.00),
	(62, 15, 4, 1.00, 15.00, 15.00),
	(63, 15, 14, 40.00, 2.50, 100.00),
	(64, 15, 13, 1.50, 96.00, 144.00),
	(65, 16, 10, 3.00, 75.00, 225.00),
	(66, 16, 12, 1.00, 650.00, 650.00),
	(67, 16, 11, 1.00, 30.00, 30.00),
	(68, 16, 4, 1.00, 15.00, 15.00),
	(69, 16, 14, 60.00, 2.50, 150.00),
	(70, 16, 13, 1.50, 96.00, 144.00),
	(71, 17, 10, 3.00, 75.00, 225.00),
	(72, 17, 12, 1.00, 100.00, 100.00),
	(73, 17, 11, 1.00, 30.00, 30.00),
	(74, 17, 4, 1.00, 15.00, 15.00),
	(75, 17, 14, 60.00, 2.50, 150.00),
	(76, 17, 13, 1.50, 96.00, 144.00),
	(77, 18, 10, 3.00, 75.00, 225.00),
	(79, 18, 11, 1.00, 30.00, 30.00),
	(80, 18, 4, 1.00, 15.00, 15.00),
	(81, 18, 14, 60.00, 2.50, 150.00),
	(82, 18, 13, 1.50, 96.00, 144.00),
	(83, 19, 1, 1.00, 55.00, 55.00),
	(84, 19, 15, 2.00, 45.00, 90.00),
	(85, 19, 8, 0.35, 150.00, 52.50),
	(86, 19, 16, 0.30, 27.00, 8.10),
	(87, 19, 17, 0.50, 75.00, 37.50),
	(88, 19, 9, 0.20, 97.00, 19.40),
	(89, 19, 18, 4.00, 70.00, 280.00),
	(90, 19, 19, 1.00, 20.00, 20.00),
	(91, 20, 7, 1.00, 85.00, 85.00),
	(92, 20, 15, 2.00, 45.00, 90.00),
	(93, 20, 8, 0.35, 150.00, 52.50),
	(94, 20, 16, 0.30, 27.00, 8.10),
	(95, 20, 17, 0.50, 75.00, 37.50),
	(96, 20, 9, 0.20, 97.00, 19.40),
	(97, 20, 18, 4.00, 70.00, 280.00),
	(98, 20, 19, 1.00, 20.00, 20.00),
	(99, 21, 1, 1.00, 55.00, 55.00),
	(100, 21, 15, 0.75, 45.00, 33.75),
	(101, 21, 8, 0.20, 150.00, 30.00),
	(102, 21, 16, 0.15, 27.00, 4.05),
	(103, 22, 20, 2.00, 375.00, 750.00),
	(104, 22, 21, 3.00, 375.00, 1125.00),
	(105, 22, 22, 5.00, 85.00, 425.00),
	(106, 22, 23, 15.00, 69.00, 1035.00),
	(107, 22, 24, 1.00, 900.00, 900.00),
	(108, 23, 10, 10.00, 65.00, 650.00),
	(109, 23, 4, 1.00, 15.00, 15.00),
	(110, 18, 25, 1.00, 950.00, 950.00),
	(111, 25, 10, 1.00, 1850.00, 1850.00),
	(112, 25, 2, 4.00, 600.00, 2400.00),
	(113, 25, 11, 1.00, 30.00, 30.00),
	(114, 25, 4, 1.00, 15.00, 15.00),
	(115, 26, 26, 1.00, 480.00, 480.00),
	(116, 26, 10, 3.00, 75.00, 225.00),
	(117, 26, 27, 4.00, 15.00, 60.00),
	(118, 27, 28, 1.00, 110.00, 110.00),
	(119, 27, 17, 2.00, 55.00, 110.00),
	(120, 27, 29, 2.00, 18.00, 36.00),
	(121, 27, 23, 1.00, 15.00, 15.00),
	(122, 27, 24, 1.00, 7.00, 7.00),
	(123, 27, 30, 4.00, 12.00, 48.00),
	(124, 28, 25, 1.00, 1400.00, 1400.00),
	(125, 28, 14, 5.00, 180.00, 900.00),
	(126, 28, 31, 1.00, 650.00, 650.00),
	(127, 28, 32, 12.00, 2.00, 24.00),
	(128, 28, 20, 1.00, 17.00, 17.00),
	(130, 29, 2, 4.00, 370.00, 1480.00),
	(131, 29, 3, 2.00, 150.00, 300.00),
	(132, 29, 4, 1.00, 15.00, 15.00),
	(133, 30, 10, 1.00, 1072.00, 1072.00),
	(134, 30, 2, 4.00, 370.00, 1480.00),
	(135, 30, 11, 1.00, 30.00, 30.00),
	(136, 30, 4, 1.00, 15.00, 15.00),
	(137, 31, 10, 1.00, 1097.00, 1097.00),
	(138, 31, 2, 8.00, 250.00, 2000.00),
	(140, 31, 4, 1.00, 15.00, 15.00),
	(141, 32, 10, 1.00, 1266.92, 1266.92),
	(142, 32, 2, 4.00, 370.00, 1480.00),
	(143, 32, 11, 1.00, 30.00, 30.00),
	(144, 32, 4, 1.00, 15.00, 15.00),
	(145, 33, 10, 1.00, 800.00, 800.00),
	(146, 33, 2, 8.00, 370.00, 2960.00),
	(148, 33, 4, 1.00, 15.00, 15.00),
	(149, 34, 10, 1.00, 2850.00, 2850.00),
	(150, 34, 2, 4.00, 280.00, 1120.00),
	(151, 34, 11, 1.00, 30.00, 30.00),
	(152, 34, 4, 1.00, 15.00, 15.00),
	(153, 35, 10, 1.00, 11249.00, 11249.00),
	(154, 35, 2, 8.00, 250.00, 2000.00),
	(156, 35, 4, 1.00, 15.00, 15.00),
	(157, 36, 1, 1.00, 1651.00, 1651.00),
	(158, 36, 2, 8.00, 370.00, 2960.00),
	(159, 36, 3, 2.00, 150.00, 300.00),
	(160, 36, 4, 1.00, 15.00, 15.00),
	(161, 37, 1, 1.00, 1678.00, 1678.00),
	(162, 37, 2, 8.00, 370.00, 2960.00),
	(163, 37, 3, 2.00, 150.00, 300.00),
	(164, 37, 4, 1.00, 15.00, 15.00),
	(165, 38, 10, 1.00, 120.00, 120.00),
	(166, 38, 12, 1.00, 75.00, 75.00),
	(167, 38, 11, 1.00, 30.00, 30.00),
	(168, 38, 4, 1.00, 15.00, 15.00),
	(171, 39, 1, 1.00, 45.00, 45.00),
	(172, 39, 15, 2.00, 45.00, 90.00),
	(173, 39, 8, 0.35, 150.00, 52.50),
	(174, 39, 16, 0.30, 27.00, 8.10),
	(175, 39, 17, 0.50, 75.00, 37.50),
	(176, 39, 9, 0.20, 97.00, 19.40),
	(177, 39, 18, 4.00, 70.00, 280.00),
	(178, 39, 19, 1.00, 20.00, 20.00),
	(179, 40, 7, 1.00, 45.00, 45.00),
	(180, 40, 15, 2.00, 45.00, 90.00),
	(181, 40, 8, 0.35, 150.00, 52.50),
	(182, 40, 16, 0.30, 27.00, 8.10),
	(183, 40, 17, 0.50, 75.00, 37.50),
	(184, 40, 9, 0.20, 97.00, 19.40),
	(185, 40, 18, 4.00, 70.00, 280.00),
	(186, 40, 19, 1.00, 20.00, 20.00),
	(187, 41, 1, 1.00, 50.00, 50.00),
	(188, 41, 15, 0.75, 45.00, 33.75),
	(189, 41, 8, 0.20, 100.00, 20.00),
	(190, 41, 16, 0.15, 27.00, 4.05),
	(191, 42, 20, 2.00, 375.00, 750.00),
	(192, 42, 21, 3.00, 375.00, 1125.00),
	(193, 42, 22, 5.00, 85.00, 425.00),
	(194, 42, 23, 15.00, 69.00, 1035.00),
	(195, 42, 24, 1.00, 900.00, 900.00),
	(196, 43, 10, 1.00, 11767.00, 11767.00),
	(197, 43, 2, 4.00, 280.00, 1120.00),
	(198, 43, 11, 1.00, 30.00, 30.00),
	(199, 43, 4, 1.00, 15.00, 15.00),
	(200, 44, 10, 1.00, 45.00, 45.00),
	(201, 44, 34, 1.00, 73.00, 73.00),
	(202, 44, 11, 1.00, 30.00, 30.00),
	(203, 44, 4, 1.00, 15.00, 15.00),
	(204, 44, 14, 60.00, 2.50, 150.00),
	(205, 44, 13, 1.50, 96.00, 144.00),
	(206, 45, 10, 1.00, 45.00, 45.00),
	(207, 45, 35, 1.00, 110.00, 110.00),
	(208, 45, 11, 1.00, 30.00, 30.00),
	(209, 45, 4, 1.00, 15.00, 15.00),
	(210, 45, 14, 60.00, 2.50, 150.00),
	(211, 45, 13, 1.50, 96.00, 144.00),
	(212, 46, 10, 1.00, 120.00, 120.00),
	(213, 46, 36, 1.00, 250.00, 250.00),
	(214, 46, 11, 1.00, 30.00, 30.00),
	(218, 47, 37, 1.00, 1022.00, 1022.00),
	(219, 47, 2, 4.00, 370.00, 1480.00),
	(220, 47, 3, 2.00, 150.00, 300.00),
	(221, 47, 4, 1.00, 15.00, 15.00),
	(222, 48, 10, 1.00, 1072.00, 1072.00),
	(223, 48, 2, 4.00, 370.00, 1480.00),
	(224, 48, 11, 1.00, 30.00, 30.00),
	(225, 48, 4, 1.00, 15.00, 15.00),
	(226, 49, 10, 1.00, 812.00, 812.00),
	(227, 49, 11, 1.00, 20.00, 20.00),
	(228, 49, 38, 1.00, 380.00, 380.00),
	(229, 50, 39, 1.00, 90.00, 90.00),
	(230, 50, 23, 1.00, 15.00, 15.00),
	(231, 50, 24, 1.00, 7.00, 7.00),
	(232, 50, 30, 2.00, 12.00, 24.00),
	(233, 50, 40, 1.00, 14.00, 14.00),
	(234, 50, 17, 2.00, 7.00, 14.00),
	(235, 50, 41, 2.00, 7.20, 14.40),
	(236, 51, 5, 1.00, 72.00, 72.00),
	(237, 51, 42, 1.00, 85.00, 85.00),
	(240, 53, 5, 1.00, 90.00, 90.00),
	(241, 53, 43, 1.00, 150.00, 150.00),
	(242, 54, 5, 1.00, 135.00, 135.00),
	(243, 54, 44, 1.00, 195.50, 195.50),
	(244, 55, 5, 1.00, 135.00, 135.00),
	(245, 55, 44, 1.00, 190.00, 190.00),
	(246, 56, 5, 1.00, 3.00, 3.00),
	(247, 56, 45, 1.00, 10.00, 10.00),
	(248, 57, 25, 1.00, 67.00, 67.00),
	(249, 57, 10, 1.00, 10.00, 10.00),
	(250, 58, 37, 1.00, 5.00, 5.00),
	(251, 58, 45, 1.00, 19.00, 19.00),
	(252, 59, 37, 1.00, 5.00, 5.00),
	(253, 59, 45, 1.00, 17.00, 17.00),
	(254, 60, 12, 1.00, 170.00, 170.00),
	(255, 60, 10, 3.00, 75.00, 225.00),
	(256, 60, 4, 1.00, 15.00, 15.00),
	(257, 60, 11, 1.00, 15.00, 15.00),
	(258, 61, 25, 1.00, 419.00, 419.00),
	(259, 61, 14, 1.00, 30.00, 30.00),
	(260, 61, 46, 1.00, 30.00, 30.00),
	(261, 61, 47, 1.00, 15.00, 15.00),
	(262, 62, 25, 1.00, 419.00, 419.00),
	(263, 62, 14, 1.00, 30.00, 30.00),
	(264, 63, 25, 1.00, 800.00, 800.00),
	(265, 63, 14, 1.00, 30.00, 30.00),
	(266, 64, 25, 1.00, 800.00, 800.00),
	(267, 64, 14, 1.00, 45.00, 45.00),
	(268, 64, 46, 1.00, 30.00, 30.00),
	(269, 65, 48, 1.00, 267.00, 267.00),
	(270, 65, 10, 1.00, 120.00, 120.00),
	(271, 66, 49, 1.00, 1500.00, 1500.00),
	(272, 66, 50, 1.00, 600.00, 600.00),
	(273, 66, 11, 1.00, 30.00, 30.00),
	(274, 66, 4, 1.00, 15.00, 15.00),
	(275, 29, 5, 1.00, 1200.00, 1200.00),
	(276, 67, 37, 1.00, 102.00, 102.00),
	(277, 67, 42, 1.00, 75.00, 75.00),
	(278, 68, 37, 1.00, 75.00, 75.00),
	(279, 68, 43, 1.00, 112.00, 112.00),
	(280, 69, 25, 1.00, 419.00, 419.00),
	(281, 69, 14, 1.00, 30.00, 30.00),
	(282, 69, 46, 1.00, 30.00, 30.00),
	(283, 69, 47, 1.00, 15.00, 15.00),
	(284, 69, 51, 1.00, 100.00, 100.00),
	(285, 70, 52, 1.00, 50.00, 50.00),
	(286, 70, 17, 1.00, 35.00, 35.00),
	(287, 70, 5, 1.00, 50.00, 50.00),
	(288, 70, 16, 1.00, 10.00, 10.00),
	(289, 70, 9, 1.00, 5.00, 5.00),
	(290, 70, 8, 1.00, 5.00, 5.00),
	(291, 71, 53, 1.00, 82.00, 82.00),
	(292, 72, 54, 1.00, 119.00, 119.00),
	(293, 73, 10, 1.00, 120.00, 120.00),
	(294, 73, 54, 1.00, 150.00, 150.00),
	(295, 73, 11, 1.00, 30.00, 30.00),
	(296, 73, 4, 1.00, 15.00, 15.00),
	(297, 74, 37, 1.00, 72.00, 72.00),
	(299, 74, 55, 1.00, 34.00, 34.00),
	(300, 75, 56, 1.00, 38.00, 38.00),
	(301, 75, 37, 1.00, 100.00, 100.00),
	(302, 76, 57, 1.00, 911.00, 911.00),
	(303, 76, 10, 1.00, 1080.00, 1080.00),
	(304, 77, 58, 1.00, 2187.00, 2187.00),
	(305, 78, 59, 1.00, 130.00, 130.00),
	(306, 79, 60, 1.00, 0.89, 0.89),
	(307, 79, 61, 1.00, 1.30, 1.30),
	(308, 46, 4, 1.00, 15.00, 15.00),
	(309, 46, 14, 1.00, 20.00, 20.00),
	(310, 46, 13, 1.50, 96.00, 144.00),
	(311, 71, 14, 1.00, 10.00, 10.00),
	(312, 80, 17, 1.00, 4000.55, 4000.55),
	(314, 80, 10, 1.00, 60.00, 60.00),
	(316, 80, 30, 1.00, 24.00, 24.00),
	(317, 80, 23, 1.00, 23.00, 23.00),
	(318, 80, 62, 1.00, 35.00, 35.00),
	(319, 81, 2, 1.00, 6.25, 6.25),
	(320, 82, 25, 1.00, 580.00, 580.00),
	(321, 82, 14, 1.00, 80.00, 80.00),
	(322, 83, 49, 1.00, 1500.00, 1500.00),
	(323, 83, 63, 1.00, 750.00, 750.00),
	(324, 83, 4, 1.00, 10.00, 10.00),
	(325, 83, 11, 1.00, 10.00, 10.00),
	(326, 84, 26, 1.00, 28.00, 28.00),
	(327, 84, 10, 1.00, 12.00, 12.00),
	(330, 84, 30, 1.00, 30.00, 30.00),
	(331, 85, 11, 30.00, 1200.00, 36000.00),
	(332, 86, 10, 1.00, 1200.00, 1200.00),
	(333, 87, 3, 2.00, 2500.00, 5000.00);
/*!40000 ALTER TABLE `cost_material` ENABLE KEYS */;

-- Volcando estructura para tabla imagen.customers
CREATE TABLE IF NOT EXISTS `customers` (
  `id` int(10) unsigned NOT NULL AUTO_INCREMENT,
  `business_name` varchar(64) COLLATE utf8mb4_unicode_ci NOT NULL,
  `address` varchar(128) COLLATE utf8mb4_unicode_ci DEFAULT NULL,
  `nit` varchar(32) COLLATE utf8mb4_unicode_ci NOT NULL,
  `phone` varchar(32) COLLATE utf8mb4_unicode_ci NOT NULL,
  `email` varchar(128) COLLATE utf8mb4_unicode_ci DEFAULT NULL,
  `city_id` int(10) unsigned NOT NULL,
  `deleted_at` timestamp NULL DEFAULT NULL,
  `created_at` timestamp NULL DEFAULT NULL,
  `updated_at` timestamp NULL DEFAULT NULL,
  PRIMARY KEY (`id`),
  KEY `customers_city_id_foreign` (`city_id`),
  FULLTEXT KEY `business_name` (`business_name`),
  FULLTEXT KEY `nit` (`nit`),
  CONSTRAINT `customers_city_id_foreign` FOREIGN KEY (`city_id`) REFERENCES `cities` (`id`) ON DELETE CASCADE ON UPDATE CASCADE
) ENGINE=InnoDB AUTO_INCREMENT=90 DEFAULT CHARSET=utf8mb4 COLLATE=utf8mb4_unicode_ci;

-- Volcando datos para la tabla imagen.customers: ~82 rows (aproximadamente)
/*!40000 ALTER TABLE `customers` DISABLE KEYS */;
INSERT INTO `customers` (`id`, `business_name`, `address`, `nit`, `phone`, `email`, `city_id`, `deleted_at`, `created_at`, `updated_at`) VALUES
	(2, 'Mikaela Cordero', 'Bosques de la colina casa 10 mzn 16', '3390112012', '76722731', 'mikaelacordero@gmail.com', 2, NULL, '2020-07-03 17:02:56', '2020-07-03 17:02:56'),
	(8, 'Maria Guzman', NULL, '5838764', '75076273', NULL, 2, NULL, '2020-09-11 08:49:39', '2020-09-11 08:49:39'),
	(9, 'MARCELO CAMARGO', NULL, '4321568', '67637543', NULL, 2, NULL, '2020-09-14 08:46:59', '2020-09-14 08:46:59'),
	(10, 'Gabriela Buheler', NULL, '123', '76722731', NULL, 2, NULL, '2020-09-14 15:44:42', '2020-09-14 15:44:42'),
	(11, 'WALTER PANIAGUA', '4TO ANILLO  CAMBODROMO', '70857933', '70857933', NULL, 2, NULL, '2020-09-16 10:55:49', '2020-09-16 10:55:49'),
	(12, 'CIS SRL', NULL, '247656026', '76086570', NULL, 2, NULL, '2020-09-16 16:22:02', '2020-09-16 16:22:02'),
	(13, 'Luis Marcelo Aguilar', NULL, '5956471', '70538733', NULL, 2, NULL, '2020-09-18 11:11:18', '2020-09-18 11:11:18'),
	(14, 'IMAGEN LA PAZ', NULL, '104692025', '77550924', NULL, 2, NULL, '2020-09-21 12:30:42', '2020-09-21 12:30:42'),
	(15, 'Pablo Antezana', NULL, '72651903', '72651903', NULL, 2, NULL, '2020-09-22 12:11:00', '2020-09-22 12:11:00'),
	(16, 'MULTIMEDIA', NULL, '3552885', '70810444', NULL, 2, NULL, '2020-09-23 12:26:08', '2020-09-23 12:26:08'),
	(17, 'maria rene sandoval', NULL, '75076273', '75076273', NULL, 2, NULL, '2020-09-25 14:21:19', '2020-09-25 14:21:19'),
	(18, 'NELSON SALVATIERRA', NULL, '76019802', '76019802', NULL, 2, NULL, '2020-09-28 14:06:02', '2020-09-28 14:06:02'),
	(19, 'CARLOS AÑEZ', NULL, '8212188', '78988344', NULL, 2, NULL, '2020-09-29 14:15:54', '2020-09-29 14:15:54'),
	(20, 'SERVICIOS DE IMPUESTOS NACIONALES', NULL, '1003579028', '77367080', NULL, 2, NULL, '2020-09-29 16:17:02', '2020-09-29 16:17:02'),
	(21, 'DUINTRA SRL', NULL, '310306022', '70111791', NULL, 2, NULL, '2020-09-29 17:17:12', '2020-09-29 17:17:12'),
	(22, 'Bosques de la Colina', 'Radial 26 Km 8 de la Banzer', '...', '....', NULL, 2, NULL, '2020-09-30 11:02:01', '2020-09-30 11:02:01'),
	(23, 'LUIS FERNANDO GARCIA', NULL, '1', '-------', NULL, 2, NULL, '2020-10-02 09:37:00', '2020-10-02 09:37:00'),
	(24, 'SOFIA KOCZY', NULL, '...............', '...................', NULL, 2, NULL, '2020-10-05 12:19:50', '2020-10-05 12:19:50'),
	(25, 'ASAI NORTE II', NULL, 'ASAI NORTE II', '.......', NULL, 2, NULL, '2020-10-08 10:41:22', '2020-10-08 10:41:22'),
	(26, 'IVAN ROBLES', NULL, '75390248', '75390248', NULL, 2, NULL, '2020-10-12 13:38:26', '2020-10-12 13:38:26'),
	(27, 'ITACAMBA', 'C/ Bernardo Cadario No. 3060, Edif. Sobode 2do Piso', '........', '348-1007', 'mario.mass@itacamba.com', 2, NULL, '2020-10-13 10:03:57', '2020-10-13 10:03:57'),
	(28, 'ITACAMBA CEMENTO S.A', NULL, '1028695029', '3481007', NULL, 2, NULL, '2020-10-13 10:51:05', '2020-10-13 10:51:05'),
	(29, 'DIEGO CLAVEL', NULL, '75850511', '75850511', NULL, 2, NULL, '2020-10-21 11:03:05', '2020-10-21 11:03:05'),
	(30, 'MARIELA LORENA  GUTIERREZ', NULL, '70150445472', '15282861', NULL, 2, NULL, '2020-10-22 11:19:26', '2020-10-22 11:19:26'),
	(31, 'GO CREAM', NULL, 'GO CREAM', '-------------------------', NULL, 2, NULL, '2020-10-23 15:05:45', '2020-10-23 15:05:45'),
	(32, 'GASEY IQUIQUE', NULL, '99001', '+55555', 'info@gasey.com', 2, NULL, '2020-10-27 18:22:49', '2020-11-11 10:32:55'),
	(34, 'PAMELA COLUMBA', NULL, '1111111', '...........', NULL, 2, NULL, '2020-11-04 11:01:02', '2020-11-04 11:01:02'),
	(35, 'VANIA ROSI GALARZA', NULL, '999999', 'VANIA ROSI', NULL, 2, NULL, '2020-11-05 14:14:33', '2020-11-05 14:14:33'),
	(36, 'Fundación Pro Mujer IFD', NULL, '173342029', '69121013', NULL, 2, NULL, '2020-11-13 10:15:17', '2020-11-13 10:15:17'),
	(37, 'Alicia Lottersberger', NULL, '77078147', '1111111111', NULL, 2, NULL, '2020-11-17 09:53:33', '2020-11-27 10:21:22'),
	(38, 'Sarita Moreno', NULL, '0000000', '7........', NULL, 2, NULL, '2020-11-17 12:01:55', '2020-11-17 12:01:55'),
	(39, 'HELLMUTH NEIN PRADO RIVERO', NULL, '7778840013', '76011720', NULL, 2, NULL, '2020-11-19 10:36:35', '2020-11-19 10:36:35'),
	(40, 'Haru estudio', 'Miraflores', '000000000', '767.........', 'adlskaeru@gmail.com', 1, NULL, '2020-11-23 13:11:43', '2020-11-23 13:11:43'),
	(41, 'JUAN CARLOS', NULL, '111111111', '78400481', NULL, 2, NULL, '2020-11-24 13:23:55', '2020-11-24 13:23:55'),
	(42, 'Agroinco s.r.l.', NULL, '1028459027', '72190856', NULL, 2, NULL, '2020-11-24 13:27:58', '2020-11-24 13:27:58'),
	(43, 'María José Mansilla', NULL, '1111', '78518108', NULL, 2, NULL, '2020-11-27 08:15:45', '2020-11-27 08:15:45'),
	(44, 'arj', '000000', '4819847015', '888800000', NULL, 1, NULL, '2020-11-30 13:19:08', '2020-11-30 13:19:08'),
	(45, '00000000000000000000', NULL, '000000000000000000', '000000000000', NULL, 1, NULL, '2020-12-01 09:46:14', '2020-12-01 09:46:14'),
	(46, 'LOLA GROUP', NULL, '282584022', '60095922', 'llopez@lolagroup.com.bo', 2, NULL, '2020-12-01 10:41:40', '2020-12-01 10:41:40'),
	(47, 'BELMED LTDA', 'LA PAZ. Av. Vásquez Pura Pura # 1320', '1006861029', '2306103;', 'dmorales@wella.com.bo', 1, NULL, '2020-12-02 10:24:10', '2020-12-02 10:24:10'),
	(48, 'BANCO NACIONAL DE BOLIVIA S.A.', 'Av. Camacho', '1016253021', '2313232', 'mreynoso@bnb.com.bo', 1, NULL, '2020-12-02 10:31:23', '2020-12-02 10:31:23'),
	(49, 'DROGUERÍA INTI S.A.', 'Calle Lucas Jaimes 1959, entre Villalobos', '1020521023', '2176600', 'ronald.gutierrez@inti.com.bo', 1, NULL, '2020-12-02 10:39:25', '2020-12-07 17:14:35'),
	(50, 'BANCO PYME ECOFUTURO S.A.', 'Avenida Sánchez Bustamante', '1020271020', '2186100 Int.0237', 'mcuenca@bancoecofuturo.com.bo', 1, NULL, '2020-12-02 10:44:57', '2020-12-02 10:44:57'),
	(51, 'ARCOR ALIMENTOS BOLIVIA S.A.', 'Av. Montenegro', '1028595022', '2 2799192 Int 4021', 'lavargas@arcor.com', 1, NULL, '2020-12-02 10:52:46', '2020-12-02 10:52:46'),
	(52, 'MARIE STOPES', 'CALLE SAN SALVADOR Y GUERRILLEROS LANZA', '102745028', '70685787', 'marcela.millan@mariestopes.org.bo', 1, NULL, '2020-12-02 11:04:19', '2020-12-02 11:04:19'),
	(53, 'DISMATEC S.A.', 'PARQUE INDUSTRIAL MANZANO 14 LADO DE FIDEOS FAMOSA', '1027967025', '79026235', 'emalpartida@dismac.com', 2, NULL, '2020-12-02 11:11:00', '2020-12-02 11:11:00'),
	(54, 'LABORATORIOS BAGODE BOLIVIA S.A.', 'EL ALTO CIUDAD SATELITE', '1020503020', '71239638', 'vvillarreal@bago.com.bo', 1, NULL, '2020-12-02 11:34:05', '2020-12-02 11:46:04'),
	(55, 'UNIVERSIDAD TECNOLOGICA BOLIVIANA S.A.', 'EL ALTO JUAN PABLO ll', '148406028', '73061616', 'alvaroclavijo20@gmail.com', 1, NULL, '2020-12-02 11:38:43', '2020-12-02 11:38:43'),
	(56, 'luis jjjjjj', 'no tiene', '00000000', '000000000000000', NULL, 1, NULL, '2020-12-02 16:04:39', '2020-12-02 16:04:39'),
	(57, 'GABRIEL SORUCO', NULL, '111111111111111111', '6920002', NULL, 2, NULL, '2020-12-02 16:16:57', '2020-12-02 16:16:57'),
	(58, 'Nohelia blanco', NULL, '00000', 'S/D', NULL, 2, NULL, '2020-12-02 16:30:18', '2020-12-02 17:06:51'),
	(59, 'VIVIANA SOTOMAYOR', 'Radial 26', '00000047', '75205102', 'vivianasotomayors@hotmail.com', 2, NULL, '2020-12-02 16:57:31', '2020-12-02 16:57:31'),
	(60, 'NEXUS COMUNICACION TOTAL S.A.', 'ZONA SUR', '1007015020', '70619196', 'xcamacho@nexus.com.bo', 1, NULL, '2020-12-03 11:21:40', '2020-12-03 11:21:40'),
	(61, 'FUNDACION MACHAQA  AMAWTA', 'MIRAFLORES', '133991023', '70522336', 'carmenrodrigo31@gmail.com', 1, NULL, '2020-12-03 14:21:35', '2020-12-03 14:21:35'),
	(62, 'CONTENEDORES NORTE', NULL, '.......', '70896700', NULL, 2, NULL, '2020-12-03 16:43:47', '2020-12-03 16:43:47'),
	(63, 'CARGIL  BOLIVIA', NULL, '0000', '3 3336750', NULL, 2, NULL, '2020-12-04 09:40:45', '2020-12-04 09:40:45'),
	(64, 'DIEGO ALVARAÑEZ', 'NICOLAS ACOSTA', '0001', '69831499', 'carmenrodrigo31@gmail.com', 1, NULL, '2020-12-07 09:15:55', '2020-12-07 09:15:55'),
	(65, 'AJM GROUP SRL', NULL, '348410028', '70896700', NULL, 2, NULL, '2020-12-07 11:43:06', '2020-12-07 11:43:06'),
	(66, 'UNIFRANZT S.A', NULL, '1020233028', '78003828', NULL, 2, NULL, '2020-12-08 13:27:12', '2020-12-08 13:27:12'),
	(67, 'Susana Cerda Lopez', 'C/ Rosendo Gutierrez Esq. Jauregui S/N', '2635653', '73272797', 'geraldine.dlbg1@gmail.com', 1, NULL, '2020-12-09 09:14:55', '2020-12-09 09:14:55'),
	(68, 'ESTUDIO  3 SRL', NULL, '-------', '77010150', NULL, 2, NULL, '2020-12-10 09:51:12', '2020-12-10 09:51:12'),
	(69, 'AGENCIAS GENERALES S. A', NULL, '1023281020', '74666300', NULL, 2, NULL, '2020-12-10 10:50:25', '2020-12-10 10:50:25'),
	(70, 'CENTRIC BOLIVIA LTDA.', NULL, '344140025', '71365559', NULL, 2, NULL, '2020-12-10 11:57:31', '2020-12-10 11:57:31'),
	(71, 'FUBODE IFD', NULL, '.....', '79961401', NULL, 2, NULL, '2020-12-10 16:26:08', '2020-12-10 16:26:08'),
	(72, 'Empanadas Premium', NULL, '......', '72600960', NULL, 2, NULL, '2020-12-11 15:44:31', '2020-12-11 15:44:31'),
	(73, 'Media Pro', NULL, '..........', '75285114', NULL, 2, NULL, '2020-12-16 14:25:52', '2020-12-16 14:25:52'),
	(74, 'COFADENA', '6 DE AGOTA 2649', '1000867020', '2121648', 'comunicacion.cofadena@gmail.com', 1, NULL, '2020-12-17 10:35:17', '2020-12-17 10:35:17'),
	(75, 'ISMAEL RUIZ', NULL, '--------', '70869030', NULL, 2, NULL, '2020-12-18 10:19:56', '2020-12-18 10:19:56'),
	(76, 'RODRIGO ORTEGA', NULL, '77305773', '77305773', NULL, 2, NULL, '2020-12-21 16:50:21', '2020-12-21 16:50:21'),
	(77, 'ANDREA DE BALCALSER', NULL, '0', '........', NULL, 2, NULL, '2020-12-21 17:08:38', '2020-12-21 17:08:38'),
	(78, 'TIENDA DE REPUESTOS TOYO JAPAN', NULL, '77033889', '77033889', NULL, 2, NULL, '2020-12-22 12:05:25', '2020-12-22 12:05:25'),
	(79, 'DECORACIONES BRASILIA S.R.L.', 'Av. Ballivian calle 13 de Calacoto', '1006911023', '2796464', 'geraldine.dlbg1@gmail.com', 1, NULL, '2020-12-22 15:49:46', '2020-12-22 15:49:46'),
	(80, 'Universidad Mayor de San Andres', 'Calle 29 de Chasquipampa', '1020071028', '73080526', 'geraldine.dlbg1@gmail.com', 1, NULL, '2020-12-22 16:06:49', '2020-12-22 16:06:49'),
	(81, 'UNIVERSIDAD CATÓLICA BOLIVIANA "SAN PABLO"', 'Av. 14 de Septiembre Nº4807', '1020141023', '75144055', 'geraldine.dlbg1@gmail.com', 1, NULL, '2020-12-22 16:27:30', '2020-12-22 16:27:30'),
	(82, 'Cofar', NULL, '....', '7777777', NULL, 2, NULL, '2021-01-05 09:39:52', '2021-01-05 09:39:52'),
	(83, 'Julio Cesar Rivero', '2 de Agosto', '7708590', '77809195', NULL, 2, NULL, '2021-01-05 17:09:45', '2021-01-05 17:09:45'),
	(84, 'ANGAPET S.R.L', 'CALLE SIN NOMBRE ,NRO: S/N URBANIZACION BOSQUES DE LA COLINA, UV: 338A, MZA: 25A. ,CARRETERA AL NORTE.', '397209021', '...........', NULL, 2, NULL, '2021-01-06 09:52:57', '2021-01-06 09:52:57'),
	(85, 'Elias laveran', NULL, '65930702', '65930702', NULL, 2, NULL, '2021-01-08 11:57:33', '2021-01-08 11:57:33'),
	(86, 'Richard Cernadas', 'Remanso', '1..........', '72177160', NULL, 2, NULL, '2021-01-14 16:19:14', '2021-01-14 16:19:14'),
	(87, 'Cristian Cordero', NULL, '111111', '99999999', NULL, 2, NULL, '2021-01-19 14:19:49', '2021-01-19 14:19:49'),
	(88, 'UNIVERSIDAD CENTRAL', 'Av. Brasil N°1661 Zona Miraflores', '1009389020', '2229377', 'geraldine.dlbg1@gmail.com', 1, NULL, '2021-01-20 11:32:24', '2021-01-20 11:32:24'),
	(89, 'Marie Stopes International', 'Obrajes  calle 17', '1027457028', '2482523', 'marcelo.millan@mariestopes.org.bo', 1, NULL, '2021-01-20 15:53:24', '2021-01-20 15:53:24');
/*!40000 ALTER TABLE `customers` ENABLE KEYS */;

-- Volcando estructura para tabla imagen.designs
CREATE TABLE IF NOT EXISTS `designs` (
  `id` int(10) unsigned NOT NULL AUTO_INCREMENT,
  `filename` varchar(128) NOT NULL,
  `machine` varchar(64) NOT NULL,
  `quality` varchar(128) DEFAULT NULL,
  `material` varchar(512) DEFAULT NULL,
  `cutting_dimension` varchar(64) DEFAULT NULL,
  `print_dimension` varchar(64) DEFAULT NULL,
  `finished` varchar(512) DEFAULT NULL,
  `test_print` varchar(64) DEFAULT NULL,
  `quote_approved_date` date NOT NULL,
  `design_approved_date` date DEFAULT NULL,
  `reference` varchar(64) DEFAULT NULL,
  `path` varchar(256) DEFAULT NULL,
  `support_path` varchar(256) DEFAULT NULL,
  `set_image_support` tinyint(1) unsigned NOT NULL DEFAULT '0',
  `note` mediumtext,
  `product_quotation_id` int(10) unsigned DEFAULT NULL,
  `deleted_at` timestamp NULL DEFAULT NULL,
  `created_at` timestamp NULL DEFAULT NULL,
  `updated_at` timestamp NULL DEFAULT NULL,
  PRIMARY KEY (`id`),
  KEY `designs_product_quotation_id_foreign` (`product_quotation_id`),
  CONSTRAINT `designs_product_quotation_id_foreign` FOREIGN KEY (`product_quotation_id`) REFERENCES `product_quotation` (`id`) ON DELETE SET NULL ON UPDATE SET NULL
) ENGINE=InnoDB AUTO_INCREMENT=235 DEFAULT CHARSET=latin1;

-- Volcando datos para la tabla imagen.designs: ~210 rows (aproximadamente)
/*!40000 ALTER TABLE `designs` DISABLE KEYS */;
INSERT INTO `designs` (`id`, `filename`, `machine`, `quality`, `material`, `cutting_dimension`, `print_dimension`, `finished`, `test_print`, `quote_approved_date`, `design_approved_date`, `reference`, `path`, `support_path`, `set_image_support`, `note`, `product_quotation_id`, `deleted_at`, `created_at`, `updated_at`) VALUES
	(12, 'Banner Cumpleaños - 1,5x2m', 'Galaxy', '1440', 'Lona 13 Onzas', NULL, '1,5x2m', 'Tipo Banner con Tubin', NULL, '2020-09-11', '2020-09-18', NULL, '16004408175f64c9f10be9d.png', NULL, 0, NULL, 30, NULL, '2020-09-18 10:53:37', '2020-09-18 10:53:37'),
	(13, 'banner infantil 150x200', 'Galaxy', '1440', 'lona de 13 oz respaldo gris', NULL, '150x200 cm', 'Tipo Banner', NULL, '2020-09-14', '2020-09-21', NULL, '16006978755f68b6131b8e9.gif', NULL, 0, NULL, 31, NULL, '2020-09-21 10:17:55', '2020-09-21 10:17:55'),
	(14, 'Roller 80x200cm - Samuel 6', 'Galaxy', '1440', 'Lona 13 onzas respaldo griz', NULL, '0.80 x 2', 'Armado en roller', NULL, '2020-09-14', '2020-09-21', NULL, '16006985815f68b8d500d9b.jpeg', NULL, 0, NULL, 32, NULL, '2020-09-21 10:29:41', '2020-09-21 10:29:41'),
	(15, 'POS Mutualista - REFS1 45x110cm-', 'Galaxy', '1440 Dpis', 'Lona de 13 oz', NULL, '45x110 cm', 'impresión e instalación', NULL, '2020-09-16', '2020-09-21', NULL, '16006993925f68bc00080dc.jpeg', NULL, 0, NULL, 37, NULL, '2020-09-21 10:43:12', '2020-09-21 10:43:12'),
	(16, 'logo torque', 'Galaxy', '1440 dpis', 'Adhesivo mate', NULL, '5 mtrs2', 'refilado', NULL, '2020-09-18', '2020-09-21', NULL, '16007000685f68bea4859f3.jpeg', NULL, 0, NULL, 54, NULL, '2020-09-21 10:54:28', '2020-09-21 10:54:28'),
	(17, 'señalética baño mujer', 'Galaxy', '1440 dpis', 'Adhesivo mate', NULL, '0.20x0.30 m', 'Instalado sobre foam de 3mm', NULL, '2020-09-17', '2020-09-21', NULL, '16007016445f68c4cc65d49.jpeg', NULL, 0, NULL, 49, NULL, '2020-09-21 11:20:44', '2020-09-21 11:20:44'),
	(18, 'señalética baño hombre', 'galaxy', '1440 dpis', 'adhesivo mate', NULL, '0.20x0.30', 'instalado sobre foam de 3. mm', NULL, '2020-09-17', '2020-09-21', NULL, '16007018405f68c590b2758.jpeg', NULL, 0, NULL, 50, NULL, '2020-09-21 11:24:00', '2020-09-21 11:24:00'),
	(19, 'señaletica baño-wifi', 'Galaxy', '1440 dpis', 'Adhesivo mate', NULL, '0.20x0.30', 'instalado sobre foam de 3. mm', NULL, '2020-09-17', '2020-09-21', NULL, '16007019205f68c5e0d6c4c.jpeg', NULL, 0, NULL, 51, NULL, '2020-09-21 11:25:20', '2020-09-21 11:25:20'),
	(20, 'Señaletica abierto', 'Galaxy', '1440 dpis', 'Adhesivo Mate', NULL, '0.20x0.30', 'instalado sobre foam de 3. mm', NULL, '2020-09-17', '2020-09-21', NULL, '16007019965f68c62ca8e1e.jpeg', NULL, 0, NULL, 52, NULL, '2020-09-21 11:26:36', '2020-09-21 11:26:36'),
	(21, 'Señaletica uso de alcohol en gel', 'Galaxy', '1440 dpis', 'Adhesivo Mate', NULL, '0.20x0.30', 'instalado sobre foam de 3. mm', NULL, '2020-09-17', '2020-09-21', NULL, '16007021235f68c6abb8bbf.jpeg', NULL, 0, NULL, 53, NULL, '2020-09-21 11:28:43', '2020-09-21 11:28:43'),
	(22, 'CTF-42X30', 'Galaxy', '1440 Dpis', 'Adhesivo mate', NULL, '0.42x0.30', 'Refilado', NULL, '2020-09-21', '2020-09-22', NULL, '16007809015f69fa65aee39.jpeg', NULL, 0, NULL, 55, NULL, '2020-09-22 09:21:41', '2020-09-22 09:21:41'),
	(23, 'adhesivo-WS-40x80', 'Galaxy', '1440 Dpis', 'Adhesivo mate', NULL, '0.40x0.80', 'Refilado', NULL, '2020-09-21', '2020-09-22', NULL, '16007810085f69fad06ae15.jpeg', NULL, 0, NULL, 56, NULL, '2020-09-22 09:23:28', '2020-09-22 09:23:28'),
	(24, 'PDH-ADHESIVO-65x45-SANTA-CRUZ', 'Galaxy', '1440 dpis', 'Adhesivo mate', NULL, NULL, 'refilado', NULL, '2020-09-21', '2020-09-22', NULL, '16007819315f69fe6bb03f0.jpeg', NULL, 0, NULL, 57, NULL, '2020-09-22 09:38:51', '2020-09-22 09:38:51'),
	(25, 'LONA-SPRINGFIELD-80x150-0', 'Galaxy', '1440 dpis', 'lona', NULL, '0.80x1.50', NULL, NULL, '2020-09-21', '2020-09-22', NULL, '16007820295f69fecddfea6.jpeg', NULL, 0, NULL, 58, NULL, '2020-09-22 09:40:29', '2020-09-22 09:40:29'),
	(26, 'PANIAGUA 0,72x0,16cm - Adhesivo', 'Galaxy', '1440 Dpis', 'Adhesivo Mate', NULL, '0.72x0.16', 'refilado', NULL, '2020-09-22', '2020-09-22', NULL, '16007900415f6a1e197972a.jpeg', NULL, 0, NULL, 33, NULL, '2020-09-22 11:54:01', '2020-09-22 11:54:01'),
	(27, 'PANIAGUA 0,71x0,16cm - Adhesivo (Franja Color Institucional)', 'Galaxy', '1440 Dpis', 'Adhesivo mate', NULL, '0.71x0.16', 'Refilado', NULL, '2020-09-22', '2020-09-22', NULL, '16007901185f6a1e66ea7c6.jpeg', NULL, 0, NULL, 34, NULL, '2020-09-22 11:55:18', '2020-09-22 11:55:18'),
	(28, 'PANIAGUA 0,83x0,16cm - Adhesivo (Franja Color Institucional)', 'Galaxy', '1440 Dpis', 'Adhesivo mate', NULL, '0.83x0.16', 'Refilado', NULL, '2020-09-22', '2020-09-22', NULL, '16007901955f6a1eb393f2c.jpeg', NULL, 0, NULL, 35, NULL, '2020-09-22 11:56:35', '2020-09-22 11:56:35'),
	(29, 'PANIAGUA 0,84x0,16cm - Adhesivo', 'Galaxy', '1440 Dpis', 'Adhesivo', NULL, '0.84x0.16', 'Refilado', NULL, '2020-09-22', '2020-09-22', NULL, '16007902675f6a1efbd489d.jpeg', NULL, 0, NULL, 36, NULL, '2020-09-22 11:57:47', '2020-09-22 11:57:47'),
	(30, 'ADHESIVO-brillo-CTF-96X96-SANTA-CRUZ-copia', 'Galaxy', '1440 Dpis', 'Adhe', NULL, '0.96x0.96', 'Refilado', NULL, '2020-09-22', '2020-09-22', NULL, '16007910665f6a221a4160d.jpeg', NULL, 0, NULL, 61, NULL, '2020-09-22 12:11:06', '2020-09-22 12:11:06'),
	(31, 'letrero branding', 'Galaxy', '1440 dips', 'adhesivo microperforado', NULL, '2.90 x1.60', 'refilado e instalado', NULL, '2020-09-23', '2020-09-28', NULL, '16013006565f71e8b058c45.jpeg', NULL, 0, NULL, 69, NULL, '2020-09-28 09:44:16', '2020-09-28 09:44:16'),
	(32, 'letrero Branding', 'Galaxy', '1440 dips', 'lona mate de 13 oz', NULL, '2.60x0.50', 'Instalado en Bastidor', NULL, '2020-09-23', '2020-09-28', NULL, '16013007845f71e93059459.jpeg', NULL, 0, NULL, 70, NULL, '2020-09-28 09:46:24', '2020-09-28 09:46:24'),
	(33, 'Valla Arcor', 'Galaxy', '720', 'Lona de 13 oz', NULL, '7.5x3', 'con bolsillos', NULL, '2020-09-25', '2020-09-28', NULL, '16013115635f72134bc7be1.jpeg', NULL, 0, NULL, 71, NULL, '2020-09-28 12:46:03', '2020-09-28 12:46:03'),
	(34, 'DELICIAS_7x7cm', 'Ploter de corte y Galaxy', '1440 Dpis', 'Adhesivo Mate', '7x7 cm', '7x7 cm', 'Ploteado', NULL, '2020-09-28', '2020-09-28', NULL, '16013121165f721574d955a.jpeg', NULL, 0, NULL, 80, NULL, '2020-09-28 12:55:16', '2020-09-28 12:55:16'),
	(35, 'LBC-MicroP-157x274-Cuarto', 'GAlaxy', '1440 Dips', 'Microperforado', NULL, '157x274', 'refilado', NULL, '2020-09-28', '2020-09-28', NULL, '16013127875f721813cb21f.jpeg', NULL, 0, NULL, 79, NULL, '2020-09-28 13:06:27', '2020-09-28 13:06:27'),
	(36, 'LBC-MicroP-157x274-Cuarto', 'Galaxy', '1440 Dpis', 'Microperforado', NULL, '172x291', 'Refilado', NULL, '2020-09-28', '2020-09-28', NULL, '16013131135f721959b598e.jpeg', NULL, 0, NULL, 78, NULL, '2020-09-28 13:11:53', '2020-09-28 13:11:53'),
	(37, 'paltas', 'Galaxy', '1440 dpis', 'adhesivo mate', NULL, '0.63x1.60', 'refilado', NULL, '2020-09-29', '2020-09-30', NULL, '16014730115f7489f304cb2.jpeg', NULL, 0, NULL, 83, NULL, '2020-09-30 09:36:51', '2020-09-30 09:36:51'),
	(38, 'WhatsApp Image 2020-09-30 at 10.54.27 AM', 'Galaxy', '1440 Dpis', 'Adhesivo', NULL, '2.12x2.40', 'refilado', NULL, '2020-09-23', '2020-09-30', NULL, '16014811225f74a9a23584a.jpeg', NULL, 0, NULL, 65, NULL, '2020-09-30 11:52:02', '2020-09-30 11:52:02'),
	(39, 'WhatsApp Image 2020-09-30 at 10.54.27 AM', 'Galaxy', '1440 Dpis', 'Adhesivo', NULL, '3.40x2.40', NULL, NULL, '2020-09-23', '2020-09-30', NULL, '16014812205f74aa044c0bc.jpeg', NULL, 0, NULL, 66, NULL, '2020-09-30 11:53:40', '2020-09-30 11:53:40'),
	(40, 'WhatsApp Image 2020-09-30 at 10.54.27 AM', 'Galaxy', '1440 Dips', 'adhesivo', NULL, '3.81x2.40', NULL, NULL, '2020-09-23', '2020-09-30', NULL, '16014813095f74aa5d00823.jpeg', NULL, 0, NULL, 67, NULL, '2020-09-30 11:55:09', '2020-09-30 11:55:09'),
	(41, 'WhatsApp Image 2020-09-30 at 10.54.27 AM', 'Galaxy', '1440 dpis', 'adhesivo', NULL, '3.07x3.09', 'refilado', NULL, '2020-09-25', '2020-09-30', NULL, '16014818225f74ac5e844a1.jpeg', NULL, 0, NULL, 72, NULL, '2020-09-30 12:03:42', '2020-09-30 12:03:42'),
	(42, 'WhatsApp Image 2020-09-30 at 10.54.27 AM', 'Galaxy', '1440 Dpis', 'Adhesivo', NULL, '3.50x2.90', NULL, NULL, '2020-09-25', '2020-09-30', NULL, '16014818995f74acab949e3.jpeg', NULL, 0, NULL, 73, NULL, '2020-09-30 12:04:59', '2020-09-30 12:04:59'),
	(43, 'WhatsApp Image 2020-09-30 at 10.54.27 AM', 'Galaxy', '1440 Dpis', 'Adhesivo', NULL, '2.80x2.88', 'Refilado', NULL, '2020-09-25', '2020-09-30', NULL, '16014819785f74acfaaeebb.jpeg', NULL, 0, NULL, 74, NULL, '2020-09-30 12:06:18', '2020-09-30 12:06:18'),
	(44, 'Torito-Der_1,21x0,97cm', 'Galaxy', '1440 Dpis', 'Lona 13 Oz respaldo Gris', NULL, '1.21x0.97', 'con ojales', NULL, '2020-09-29', '2020-09-30', NULL, '16014829905f74b0eee6cd6.jpeg', NULL, 0, NULL, 62, NULL, '2020-09-30 12:23:10', '2020-09-30 12:23:10'),
	(45, 'Torito-Izq-1,75x0,97cm', 'Galaxy', '1440 dpis', 'lona de 13 oz respaldo gris', NULL, '1.75x0.97', NULL, NULL, '2020-09-29', '2020-09-30', NULL, '16014830765f74b14459d30.jpeg', NULL, 0, NULL, 63, NULL, '2020-09-30 12:24:36', '2020-09-30 12:24:36'),
	(46, 'Torito_1,87x119cm-Nuevo', 'Galaxy', '1440 Dpis', 'lona de 13 oz respaldo gris', NULL, '1.87x1.19', 'con ojales', NULL, '2020-09-29', '2020-09-30', NULL, '16014831775f74b1a916fb6.jpeg', NULL, 0, NULL, 64, NULL, '2020-09-30 12:26:17', '2020-09-30 12:26:17'),
	(47, 'Frente2', 'GALAXY', '720 DPIS', 'lona de 12 oz respaldo blanco', NULL, '1.10x1', 'instalado en bastidor', NULL, '2020-10-01', '2020-10-01', NULL, '16015629895f75e96d652ec.jpeg', NULL, 0, NULL, 90, NULL, '2020-10-01 10:34:40', '2020-10-01 10:36:29'),
	(48, 'Posterior', 'Galaxy', '720 Dpis', 'lona de 12 oz respaldo blanco', NULL, '1.10x2.20', 'instalado en bastidor', NULL, '2020-10-01', '2020-10-01', NULL, '16015631435f75ea078bd12.jpeg', NULL, 0, NULL, 91, NULL, '2020-10-01 10:39:03', '2020-10-01 10:39:03'),
	(49, 'Lateral-inferior', 'Galaxy', '720 dpis', 'lona de 12 oz respaldo blanco', NULL, '2.80x0.35', NULL, NULL, '2020-10-01', '2020-10-01', NULL, '16015632425f75ea6a719bb.jpeg', NULL, 0, 'impresión 2 unidades', 92, NULL, '2020-10-01 10:40:42', '2020-10-01 10:40:42'),
	(50, 'Lateral-Golpex', 'Galaxy', '720 dpis', 'lona de 12 oz con respaldo blanco', NULL, '2.80x2.20', 'instalado en bastidor', NULL, '2020-10-01', '2020-10-01', NULL, '16015633845f75eaf8c9799.jpeg', NULL, 0, 'impresión 2 unidades', 93, NULL, '2020-10-01 10:43:04', '2020-10-01 10:43:04'),
	(51, 'PUBLICIDAD', 'Galaxy', '1440 dpis', 'Adhesivo transparente', NULL, '0.45x0.30', 'refilado e instalado', NULL, '2020-10-01', '2020-10-01', NULL, '16015669955f75f91365fdf.jpeg', NULL, 0, NULL, 95, NULL, '2020-10-01 11:43:15', '2020-10-01 11:43:15'),
	(52, 'BRANDING1_1,13x2,23m', 'Galaxy', '1440 dpis', 'lona de 13 oz respaldo gris', NULL, '1.13x2.33', 'instalado en bastidor', NULL, '2020-10-02', '2020-10-02', NULL, '16016463805f772f2c41e0d.jpeg', NULL, 0, 'En la cara posterior instalar el diseño de torque', 102, NULL, '2020-10-02 09:46:20', '2020-10-02 09:47:54'),
	(53, 'Ventana1-Branding', 'Galaxy', '1440 dpis', 'Microperforado', NULL, '1.80x1.17', 'refilado e instalado', NULL, '2020-10-02', '2020-10-02', NULL, '16016468765f77311c4d148.jpeg', NULL, 0, NULL, 101, NULL, '2020-10-02 09:54:36', '2020-10-02 09:54:36'),
	(54, 'Ventana2-Torque y  Ventana3_Torque', 'Galaxy', '1440 dpis', 'Microperforado', NULL, '2.64x1.06', NULL, NULL, '2020-10-02', '2020-10-02', NULL, '16016471465f77322a5dba5.jpeg', NULL, 0, 'Son 2 artes de torque para dos ventanas', 98, NULL, '2020-10-02 09:58:39', '2020-10-02 09:59:06'),
	(55, 'CUMPLEAÑOS-1,5x2m', 'Galaxy', '1440 dpis', 'lona', NULL, '1.50x2', 'Con ojales', NULL, '2020-10-02', '2020-10-02', NULL, '16016475675f7733cfa4f93.jpeg', NULL, 0, NULL, 82, NULL, '2020-10-02 10:06:07', '2020-10-02 10:06:07'),
	(56, 'En la carpeta Señaleticas Piscina', 'Galaxy', '1440 dpis', 'Adhesivo', NULL, '0.30x0.20', 'refilado e instalado en alocubon', NULL, '2020-10-06', '2020-10-08', NULL, '16021723785f7f35dab40e0.jpeg', NULL, 0, NULL, 104, NULL, '2020-10-08 11:52:58', '2020-10-08 11:52:58'),
	(57, 'Señaletica_UsoObligatorioDeBarbijoDentroDelCondominio_20x30cm', 'galaxy', '1440 dpis', 'adhesivo', NULL, '0.20x0.30', NULL, NULL, '2020-10-13', '2020-10-13', NULL, '16025987085f85b734ab336.jpeg', NULL, 0, NULL, 143, NULL, '2020-10-13 10:18:28', '2020-10-13 10:18:28'),
	(58, 'NORMAS_DE_BIOSEGURIDAD_PARA_USO_DEL_GIMNASIO_', 'Galaxy', '1440 dpis', 'Adhesivo', NULL, '0.60x0.40', NULL, NULL, '2020-10-13', '2020-10-13', NULL, '16025988155f85b79f15ca6.jpeg', NULL, 0, NULL, 144, NULL, '2020-10-13 10:20:15', '2020-10-13 10:20:15'),
	(59, 'PUBLICIDAD', 'Galaxy', '1440 dpis', 'Adehsivo transparente', NULL, '0.30x0.40', NULL, NULL, '2020-10-13', '2020-10-13', NULL, '16026004085f85bdd83b47d.jpeg', NULL, 0, NULL, 147, NULL, '2020-10-13 10:46:48', '2020-10-13 10:46:48'),
	(60, 'Frente-1x1m', 'Galaxy', '720', 'lona de 12 oz respaldo balanco', NULL, '1.10x1', 'instalado en bastidor', NULL, '2020-10-15', '2020-10-15', NULL, '16027688925f884ffc5ca57.jpeg', NULL, 0, NULL, 152, NULL, '2020-10-15 09:34:52', '2020-10-15 09:34:52'),
	(61, 'Posterior-1x2,20m', 'Galaxy', '720', 'lona de 12 oz respaldo blanco', NULL, '1.10x2.20', 'instalado en bastidor', NULL, '2020-10-15', '2020-10-15', NULL, '16027689925f885060dbd22.jpeg', NULL, 0, NULL, 153, NULL, '2020-10-15 09:36:32', '2020-10-15 09:36:32'),
	(62, 'Lateral-inferior-2,80x0,35m', 'Galaxy', '720', 'Lona de 12 oz respaldo blanco', NULL, '2.80x0.35', NULL, NULL, '2020-10-15', '2020-10-15', NULL, '16027691185f8850de3964c.jpeg', NULL, 0, NULL, 154, NULL, '2020-10-15 09:38:38', '2020-10-15 09:38:38'),
	(63, 'Lateral-opcion-FIN2-2,80x2,20m', 'Galaxy', '720', 'lona de 12 oz respaldo blanco', NULL, '2.80x2.20', 'instalado en bastidor', NULL, '2020-10-15', '2020-10-15', NULL, '16027691995f88512f47b83.jpeg', NULL, 0, NULL, 155, NULL, '2020-10-15 09:39:59', '2020-10-15 09:39:59'),
	(64, 'señalética piscina', 'GALAXY', '1440', 'adhesivo', '120x140', '120x130', 'pegado', 'no', '2020-10-15', '2020-10-22', NULL, '16033824525f91acb4254d2.jpeg', NULL, 0, NULL, 99, NULL, '2020-10-22 12:00:52', '2020-10-22 12:00:52'),
	(65, 'pajaro', 'galaxy', '1440', 'adhesivo mate', '0.60x0.90', '0.60x0.90', 'recto', 'no', '2020-10-22', '2020-10-22', NULL, '16033847945f91b5da57b07.jpeg', NULL, 0, NULL, 160, NULL, '2020-10-22 12:39:54', '2020-10-22 12:39:54'),
	(66, 'Señaletica-VelocidadMaxima20kh-copia', 'galaxy', '1440 dpis', NULL, NULL, NULL, NULL, NULL, '2020-10-22', '2020-11-03', NULL, '16044121305fa162e203e7a.jpeg', NULL, 0, NULL, 161, NULL, '2020-11-03 10:02:10', '2020-11-03 10:02:10'),
	(70, 'TEMPORADA-DE-PREMIOS-BO_placa60x40cm_print_(1)', 'Galaxy', '1440 dpis', 'adhesivo', NULL, '0.60x0.40', 'instalado en foam de 3 mm', NULL, '2020-11-03', '2020-11-04', NULL, '16044965925fa2acd064cef.jpeg', NULL, 0, NULL, 197, NULL, '2020-11-04 09:29:52', '2020-11-04 09:29:52'),
	(71, 'TEMPORADA-DE-PREMIOS-BO_placa60x40cm_print_(1)', 'galaxy', '1440', 'adhesivo', NULL, '0.40x0.50', 'instalado en foam', NULL, '2020-11-03', '2020-11-04', NULL, '16044966965fa2ad38614b4.jpeg', NULL, 0, NULL, 198, NULL, '2020-11-04 09:31:36', '2020-11-04 09:31:36'),
	(72, 'itacamba', 'galaxy', 'SANTA CRUZ', 'lona', '9x4', '1050', 'valla', 'si', '2020-10-29', '2020-11-04', NULL, '16045184895fa302591344c.jpeg', NULL, 0, NULL, 194, NULL, '2020-11-04 15:34:49', '2020-11-04 15:34:49'),
	(73, 'itacamba', 'galaxy', '1050', 'lona', '3x4', '3x4', 'valla', 'si', '2020-10-29', '2020-11-04', NULL, '16045185625fa302a234e3d.jpeg', NULL, 0, NULL, 195, NULL, '2020-11-04 15:36:02', '2020-11-04 15:36:02'),
	(74, 'Itacamba', 'galaxy', '1050', 'lona', '10x4', '10x4', 'valla', 'si', '2020-10-29', '2020-11-04', NULL, '16045186325fa302e81d9ff.jpeg', NULL, 0, NULL, 196, NULL, '2020-11-04 15:37:12', '2020-11-04 15:37:12'),
	(75, 'Frontal_1x1m', 'Galaxy', '1440', 'lona de 12 oz blanca', NULL, '1.10x1', 'instalado en bastidor', NULL, '2020-11-02', '2020-11-05', NULL, '16045824755fa3fc4bbd87a.gif', NULL, 0, NULL, 187, NULL, '2020-11-05 09:21:15', '2020-11-05 09:21:15'),
	(76, 'Posterior_1,10x2,20m', 'Galaxy', '1440', 'Lona de 12 oz blanca', NULL, '1.10x2.20', 'Instalado en bastidor', NULL, '2020-11-02', '2020-11-05', NULL, '16045825605fa3fca058e8a.gif', NULL, 0, NULL, 188, NULL, '2020-11-05 09:22:40', '2020-11-05 09:22:40'),
	(77, 'Lateral-1-_2,80x2,20m', 'Galaxy', '1440', 'lona de 12 oz blanca', NULL, '2.80x2.20', NULL, NULL, '2020-11-02', '2020-11-05', NULL, '16045828325fa3fdb0e6cde.gif', NULL, 0, NULL, 190, NULL, '2020-11-05 09:24:38', '2020-11-05 09:27:12'),
	(78, 'inferior-Camión_2,80x0,35m', 'Galaxy', '1440', 'lona 12 oz blanca', NULL, '2.80x0.35', 'instalado en bastidor', NULL, '2020-11-02', '2020-11-05', NULL, '16045828385fa3fdb6470d1.gif', NULL, 0, NULL, 189, NULL, '2020-11-05 09:27:18', '2020-11-05 09:27:18'),
	(79, 'AdhesivoEsmerilado_1,67x0,79m_PNG', 'Galaxy', NULL, 'Adehsivo  esmerilado', '1.67x0.79', NULL, 'instalado', NULL, '2020-11-05', '2020-11-05', NULL, '16045854475fa407e76f76a.png', NULL, 0, NULL, 199, NULL, '2020-11-05 10:10:47', '2020-11-05 10:10:47'),
	(82, 'LATERALES_GoCream', 'Galaxy', '1440 dpis', 'adhesivo 3M', NULL, '3.25x1.64', NULL, NULL, '2020-10-23', '2020-11-10', NULL, '16050171275faa9e2793b5a.jpeg', NULL, 0, NULL, 216, NULL, '2020-11-10 10:05:27', '2020-11-10 10:05:27'),
	(83, 'En la carpeta go cream', 'galaxy', '1440 dpis', 'Adhesivo', NULL, NULL, NULL, NULL, '2020-10-23', '2020-11-10', NULL, '16050173435faa9eff32bd6.jpeg', NULL, 0, NULL, 217, NULL, '2020-11-10 10:09:03', '2020-11-10 10:09:03'),
	(84, 'En la carpeta go cream', 'galaxy', '1440', 'adhesivo 3M', NULL, NULL, NULL, NULL, '2020-10-23', '2020-11-10', NULL, '16050174545faa9f6e8c31a.jpeg', NULL, 0, NULL, 218, NULL, '2020-11-10 10:10:54', '2020-11-10 10:10:54'),
	(85, 'En carpeta go cream', 'galaxy', '1440 dpis', 'adhesivo', NULL, NULL, NULL, NULL, '2020-10-23', '2020-11-10', NULL, '16050175165faa9facb5397.jpeg', NULL, 0, NULL, 219, NULL, '2020-11-10 10:11:56', '2020-11-10 10:11:56'),
	(86, 'En crapeta gocream', 'galaxy', '1440 dpis', 'adhesivo 3M', NULL, NULL, NULL, NULL, '2020-10-23', '2020-11-10', NULL, '16050178185faaa0daca264.jpeg', NULL, 0, NULL, 220, NULL, '2020-11-10 10:16:58', '2020-11-10 10:16:58'),
	(87, 'En carpeta go cream', 'Galaxy', '1440 dpis', 'adhesivo Microperforado', NULL, NULL, NULL, NULL, '2020-10-23', '2020-11-10', NULL, '16050179235faaa1434847f.jpeg', NULL, 0, NULL, 221, NULL, '2020-11-10 10:18:43', '2020-11-10 10:18:43'),
	(88, 'Frontal-Solaris-1-x-1-m', 'Galaxy', '1440 DPIS', 'Lona de 12 oz Respaldo Blanco', NULL, '1.10x1', NULL, NULL, '2020-11-06', '2020-11-10', NULL, '16050199405faaa924c1780.jpeg', NULL, 0, NULL, 226, NULL, '2020-11-10 10:52:20', '2020-11-10 10:52:20'),
	(89, 'Posterior-Solaris-2,2-x-1-m', 'Galaxy', '1440 dpis', 'Lona de 12 oz respaldo blanco', NULL, '1.10x2.20', NULL, NULL, '2020-11-06', '2020-11-10', NULL, '16050200235faaa97702135.jpeg', NULL, 0, NULL, 227, NULL, '2020-11-10 10:53:43', '2020-11-10 10:53:43'),
	(90, 'Lateral-Inferior-2,80-x-0,35-m', 'Galaxy', '1440', 'lona blanca de 12 oz respaldo blanco', NULL, '2.80x0.35', NULL, NULL, '2020-11-06', '2020-11-10', NULL, '16050200785faaa9aeaea04.jpeg', NULL, 0, NULL, 228, NULL, '2020-11-10 10:54:38', '2020-11-10 10:54:38'),
	(91, 'Lateral-Solaris-2,20-x-2,80', 'Galaxy', '1440', 'lona de 12 oz respaldo blanco', NULL, '2.80x2.20', NULL, NULL, '2020-11-06', '2020-11-10', NULL, '16050201325faaa9e4dcc79.jpeg', NULL, 0, NULL, 229, NULL, '2020-11-10 10:55:32', '2020-11-10 10:55:32'),
	(92, 'salon de belleza', 'Galaxy', '1440', 'lona de 13 oz', NULL, '8x1.20', 'Instalado en bastidor', NULL, '2020-11-10', '2020-11-11', NULL, '16051033775fabef1153a9e.jpeg', NULL, 0, NULL, 230, NULL, '2020-11-11 10:02:57', '2020-11-11 10:02:57'),
	(93, 'Arcor paneton', 'GAlaxy', '1440', 'lona de 13 oz respaldo plomo', NULL, '7.5x3.0', NULL, NULL, '2020-11-10', '2020-11-11', NULL, '16051056005fabf7c0819a4.jpeg', NULL, 0, NULL, 231, NULL, '2020-11-11 10:40:00', '2020-11-11 10:40:00'),
	(94, 'Banner promujer', 'Galaxy', '1440', 'lona de 13 oz', NULL, '1.20x2', NULL, NULL, '2020-11-16', '2020-11-17', NULL, '16056214715fb3d6df78620.jpeg', NULL, 0, NULL, 247, NULL, '2020-11-17 09:57:51', '2020-11-17 09:57:51'),
	(95, 'cuadro cis', 'Imprenta', NULL, 'papel', NULL, NULL, NULL, NULL, '2020-11-13', '2020-11-17', NULL, '16056220505fb3d9222c4d6.jpeg', NULL, 0, 'El trabajo se realizara en imprenta', 248, NULL, '2020-11-17 10:07:30', '2020-11-17 10:07:30'),
	(96, 'Frente', 'Galaxy', '1440 dpis', 'Lona de 12 oz Blanca', NULL, '1.1x1', NULL, NULL, '2020-11-18', '2020-11-18', NULL, '16057117265fb5376e19898.jpeg', NULL, 0, NULL, 259, NULL, '2020-11-18 11:02:06', '2020-11-18 11:02:06'),
	(97, 'Lateral inferior', 'galaxy', '14440 dpis', 'lona de 12 oz blanca', NULL, '2.80x0.35', NULL, NULL, '2020-11-18', '2020-11-18', NULL, '16057118355fb537db529f6.jpeg', NULL, 0, NULL, 261, NULL, '2020-11-18 11:03:55', '2020-11-18 11:03:55'),
	(98, 'Posterior', 'Galaxy', '1440 dpis', 'lona de 12 oz blanca', NULL, '1.10x2.20', NULL, NULL, '2020-11-18', '2020-11-18', NULL, '16057118375fb537dd11b7f.jpeg', NULL, 0, NULL, 260, NULL, '2020-11-18 11:03:57', '2020-11-18 11:03:57'),
	(99, 'Lateral', 'Galaxy', '1440 dpis', 'Lona de 12 oz blanca', NULL, '2.80x2.20', NULL, NULL, '2020-11-18', '2020-11-18', NULL, '16057118965fb538189da84.jpeg', NULL, 0, NULL, 262, NULL, '2020-11-18 11:04:56', '2020-11-18 11:04:56'),
	(100, 'Corte madera', 'Router CNC', NULL, 'Tablero carpintero', '0.60x2', NULL, NULL, NULL, '2020-11-16', '2020-11-18', NULL, '16057133025fb53d96622a9.jpeg', NULL, 0, NULL, 249, NULL, '2020-11-18 11:28:22', '2020-11-18 11:28:22'),
	(101, 'En carpeta SARITA 200 DE cada sabor', 'Galaxy Y plotter de corte', '1440 dpis', 'adhesivo mate', '4.29x6.28', '4.29x6.28', NULL, NULL, '2020-11-17', '2020-11-18', NULL, '16057139735fb5403585dd5.jpeg', NULL, 0, NULL, 253, NULL, '2020-11-18 11:39:33', '2020-11-18 11:39:33'),
	(102, 'asdsada', 'sadas', NULL, NULL, NULL, NULL, NULL, NULL, '2020-11-27', '2020-11-27', NULL, '16064854055fc1059d9da14.jpeg', NULL, 0, NULL, 293, NULL, '2020-11-27 09:56:45', '2020-11-27 09:56:45'),
	(103, 'artes CIS', 'JHF', '1440', 'Foam revestido de adhesivo', '0.69*0.39', '0.60*0.39*', NULL, NULL, '2020-11-10', '2020-11-30', NULL, '16067442815fc4f8d9c4f7b.jpeg', NULL, 0, NULL, 250, NULL, '2020-11-30 09:51:21', '2020-11-30 09:51:21'),
	(104, 'Artes CIs', 'JHF', '1440', 'Foam revestido de adhesivo', '0.45x0.30', '0.45x0.30', NULL, NULL, '2020-11-10', '2020-11-30', NULL, '16067443425fc4f9169c93b.jpeg', NULL, 0, NULL, 251, NULL, '2020-11-30 09:52:22', '2020-11-30 09:52:22'),
	(105, 'Artes Cis', 'Jhf', '1440', 'Foam revestido de adhesivo', '0.60x0.40', '0.60x0.40', NULL, NULL, '2020-11-10', '2020-11-30', NULL, '16067443935fc4f9491670d.jpeg', NULL, 0, NULL, 252, NULL, '2020-11-30 09:53:13', '2020-11-30 09:53:13'),
	(106, 'Banner 1', 'Galaxy', '1440', 'Lona de 13 oz', NULL, '1.60x0.60', 'Banner con tubin', NULL, '2020-11-11', '2020-11-30', NULL, '16067449485fc4fb74335ac.jpeg', NULL, 0, NULL, 267, NULL, '2020-11-30 10:02:28', '2020-11-30 10:02:28'),
	(107, 'Banner 2', 'Galaxy', '1440 dpis', 'lona de 13 oz', NULL, '0.70x0.45', 'banner con tubin', NULL, '2020-11-11', '2020-11-30', NULL, '16067452735fc4fcb91e263.jpeg', NULL, 0, NULL, 268, NULL, '2020-11-30 10:07:53', '2020-11-30 10:07:53'),
	(108, 'Camino decidiendo', 'JHF', '1440', 'Lona de 13 oz', NULL, '1.50x1', NULL, NULL, '2020-11-23', '2020-11-30', NULL, '16067454625fc4fd761b323.jpeg', NULL, 0, NULL, 274, NULL, '2020-11-30 10:11:02', '2020-11-30 10:11:02'),
	(109, 'fotos', 'Galaxy', '1440 dpis', 'Adhesivo', NULL, '0.40x0.80', 'Foam revestido en adhesivo', NULL, '2020-11-25', '2020-11-30', NULL, '16067463395fc500e3e575b.jpeg', NULL, 0, NULL, 282, NULL, '2020-11-30 10:25:39', '2020-11-30 10:25:39'),
	(110, '0000000000000', '000000000000', '0000000', NULL, NULL, NULL, NULL, NULL, '2020-11-30', '2020-11-30', NULL, '16067583735fc52fe537ad8.png', NULL, 0, NULL, 309, NULL, '2020-11-30 13:46:13', '2020-11-30 13:46:13'),
	(111, 'Carpeta ilumina tu mundo', 'Galaxy', '1440', 'lona de 12 oz respaldo blanco', NULL, '1.10x1', NULL, NULL, '2020-11-30', '2020-12-01', NULL, '16068328445fc652cc91a16.jpeg', NULL, 0, NULL, 304, NULL, '2020-12-01 10:17:36', '2020-12-01 10:27:24'),
	(112, 'Carpeta Ilumina tu mundo', 'Galaxy', '1440 dpis', 'lona de 12 oz respaldo blanco', NULL, '1.10x2.20', NULL, NULL, '2020-11-30', '2020-12-01', NULL, '16068329175fc6531518730.jpeg', NULL, 0, NULL, 305, NULL, '2020-12-01 10:28:37', '2020-12-01 10:28:37'),
	(113, 'Carpeta Ilumina tu mundo', 'Galaxy', '1440 dpis', 'lona de 12 oz respaldo blanco', NULL, '2.80x0.35', NULL, NULL, '2020-11-30', '2020-12-01', NULL, '16068329855fc65359e5968.jpeg', NULL, 0, NULL, 306, NULL, '2020-12-01 10:29:45', '2020-12-01 10:29:45'),
	(114, 'Carpeta Ilumina tu mundo', 'Galaxy', '1440 dpis', 'lona 12oz respaldo blanco', NULL, '2.80x2.20', NULL, NULL, '2020-11-30', '2020-12-01', NULL, '16068330575fc653a1a406e.jpeg', NULL, 0, NULL, 307, NULL, '2020-12-01 10:30:57', '2020-12-01 10:30:57'),
	(115, 'Carpeta DR: BELL', 'Galaxy', '1440 dpis', 'lona de 12 oz respaldo blanco', NULL, '1.10x1', NULL, NULL, '2020-12-01', '2020-12-01', NULL, '16068333435fc654bf9c930.jpeg', NULL, 0, NULL, 310, NULL, '2020-12-01 10:35:43', '2020-12-01 10:35:43'),
	(116, 'Carpeta DR.BELL', 'Galaxy', '1440 dpis', 'lona de 12 oz respaldo blanco', NULL, '1.10x2.20', NULL, NULL, '2020-12-01', '2020-12-01', NULL, '16068334245fc6551043325.jpeg', NULL, 0, NULL, 311, NULL, '2020-12-01 10:37:04', '2020-12-01 10:37:04'),
	(117, 'Carpeta DR.BELL', 'Galaxy', '1440 Dpis', 'lona de 12 oz respaldo blanco', NULL, '2.80x0.35', NULL, NULL, '2020-12-01', '2020-12-01', NULL, '16068334925fc6555423d0b.jpeg', NULL, 0, NULL, 312, NULL, '2020-12-01 10:38:12', '2020-12-01 10:38:12'),
	(118, 'Carpeta DR. BELL', 'Galaxy', '1440', 'Lona de 12 oz respaldo blanco', NULL, '2.80x2.20', NULL, NULL, '2020-12-01', '2020-12-01', NULL, '16068341375fc657d9b741d.jpeg', NULL, 0, NULL, 313, NULL, '2020-12-01 10:48:57', '2020-12-01 10:48:57'),
	(119, '4444444444444444444444', '22222222222222', NULL, NULL, NULL, NULL, NULL, NULL, '2020-12-21', '2020-12-01', NULL, '16068354685fc65d0c735ca.jpeg', NULL, 0, NULL, 325, NULL, '2020-12-01 11:08:46', '2020-12-01 11:11:08'),
	(120, 'Alquiler de valla', 'JHF', NULL, 'l', NULL, NULL, NULL, NULL, '2020-12-01', '2020-12-01', NULL, '16068362355fc6600b7e58a.jpeg', NULL, 0, NULL, 326, NULL, '2020-12-01 11:23:55', '2020-12-01 11:23:55'),
	(121, 'Valla 15x5', 'JHF', '720 Dpis', 'lona de 13 oz respaldo gris', NULL, '15x5 m', 'Con Bolsillos', NULL, '2020-12-01', '2020-12-01', NULL, '16068365595fc6614f071d6.jpeg', NULL, 0, NULL, 327, NULL, '2020-12-01 11:25:43', '2020-12-01 11:29:19'),
	(122, 'Luis JJJJJ', 'JHF 720 Roja', '720', 'lona pvc 13 oz.', NULL, NULL, NULL, NULL, '2020-12-03', '2020-12-03', NULL, '16070046055fc8f1bd6cb26.jpeg', NULL, 0, NULL, 333, NULL, '2020-12-03 10:10:05', '2020-12-03 10:10:05'),
	(124, 'Alquiler de linea', 'jhf', NULL, NULL, NULL, NULL, NULL, NULL, '2020-12-02', '2020-12-03', NULL, '16070063405fc8f88469287.jpeg', NULL, 0, 'Alquiler de 15 unidades para publicidad de la linea 16', 340, NULL, '2020-12-03 10:39:00', '2020-12-03 10:39:00'),
	(125, 'carpeta microperforado ilumina tu mundo', 'Galaxy', '1440 dpis', 'Microperforado', NULL, NULL, NULL, NULL, '2020-12-02', '2020-12-03', NULL, '16070066655fc8f9c9d8bdd.jpeg', NULL, 0, 'En la carpeta de microperforado hay 3 subcarpetas con las medidas y los respectivos artes. Son 15 en total', 341, NULL, '2020-12-03 10:44:25', '2020-12-03 10:44:25'),
	(126, 'banner año nuevo', 'Galaxy', '1440 dpis', 'lona de 13 oz', NULL, '1x2', NULL, NULL, '2020-12-03', '2020-12-03', NULL, '16070074485fc8fcd8d73a7.jpeg', NULL, 0, NULL, 339, NULL, '2020-12-03 10:57:28', '2020-12-03 10:57:28'),
	(127, 'Roller de CIS', 'Galaxy', '1440 dpis', 'lona de 13 oz  y rolle', NULL, '0.80x2', NULL, NULL, '2020-12-03', '2020-12-03', NULL, '16070079525fc8fed0c6a4e.jpeg', NULL, 0, NULL, 338, NULL, '2020-12-03 11:05:52', '2020-12-03 11:05:52'),
	(128, 'CArpeta Viviana Sotomayor', 'Galaxy', '1440 dpis', 'Adhesivo y foam', '1.10x0.75', '1.10x0.75', NULL, NULL, '2020-12-03', '2020-12-03', NULL, '16070106645fc9096826f34.jpeg', NULL, 0, 'Un arte es de alquiler y el  otro es de venta', 343, NULL, '2020-12-03 11:51:04', '2020-12-03 11:51:04'),
	(129, 'fundacion', 'jhf 720', NULL, NULL, NULL, NULL, NULL, NULL, '2020-12-10', '2020-12-04', NULL, '16070953515fca543797a3f.jpeg', NULL, 0, NULL, 345, NULL, '2020-12-04 11:22:31', '2020-12-04 11:22:31'),
	(130, 'djkbvkbkvkjvb', 'jbfvdshf', NULL, NULL, NULL, NULL, NULL, NULL, '2020-12-10', '2020-12-04', NULL, '16071021045fca6e98e5a20.jpeg', NULL, 0, NULL, 344, NULL, '2020-12-04 13:15:04', '2020-12-04 13:15:04'),
	(131, 'Corte Acrílico circular', 'Laser', NULL, NULL, NULL, NULL, NULL, NULL, '2020-12-08', '2020-12-07', NULL, '16073514685fce3cace6eb9.jpeg', NULL, 0, NULL, 350, NULL, '2020-12-07 10:30:26', '2020-12-07 10:31:08'),
	(132, 'BNB Edificio Londres', 'JHF 720 Roja', '720 DPI', 'Lona PVC 13 Oz', NULL, '5.00x4.00 m', 'Instalado en bastidor', NULL, '2020-12-08', '2020-12-08', NULL, '16074550585fcfd152a2f5d.jpeg', NULL, 0, NULL, 372, NULL, '2020-12-08 15:17:38', '2020-12-08 15:17:38'),
	(133, 'Caja Inti', 'China 1440', NULL, 'Adhesivo con brillo - Sintra de 5 m.m.', '1.00x2.00', '1.00x2.00', 'Adhesivo instalado en Sintra', NULL, '2020-12-09', '2020-12-09', NULL, '16075190335fd0cb3997176.jpeg', NULL, 0, NULL, 360, NULL, '2020-12-09 09:03:53', '2020-12-09 09:41:03'),
	(134, 'Caja Inti', 'China 1440', '1440 DPI', 'Adhesivo con brillo - Sintra de 5 m.m.', '2.00x0.40', '2.00x0.40', 'Adhesivo instalado en Sintra', NULL, '2020-12-09', '2020-12-09', NULL, '16075191465fd0cbaa5bd54.jpeg', NULL, 0, NULL, 361, NULL, '2020-12-09 09:05:46', '2020-12-09 09:13:06'),
	(135, 'Caja Inti', 'China 1440', '1440 DPI', 'Adhesivocon brillo - Sintra de 3 m.m.', '0.80x0.35', '0.80x0.35', 'Adhesivo instalado en Sintra', NULL, '2020-12-09', '2020-12-09', NULL, '16075193045fd0cc484eb55.jpeg', NULL, 0, NULL, 362, NULL, '2020-12-09 09:08:24', '2020-12-09 09:13:16'),
	(136, 'Caja Inti', 'China 1440', '1440 DPI', 'Adhesivo con brillo - Sintra de 3 m.m.', '0.80x0.12', '0.80x0.12', 'Adhesivo instalado en Sintra', NULL, '2020-12-09', '2020-12-09', NULL, '16075193785fd0cc929a6fb.jpeg', NULL, 0, NULL, 363, NULL, '2020-12-09 09:09:38', '2020-12-09 09:13:29'),
	(137, 'Alquiler de Valla', 'JHF', NULL, 'l', NULL, NULL, NULL, NULL, '2020-12-10', '2020-12-10', NULL, '16076128795fd239cf24b63.jpeg', NULL, 0, NULL, 385, NULL, '2020-12-10 11:07:59', '2020-12-10 11:07:59'),
	(138, 'Alquiler de Valla', 'JHF', NULL, 'l', NULL, NULL, NULL, NULL, '2020-12-10', '2020-12-10', NULL, '16076189455fd251814c88d.jpeg', NULL, 0, NULL, 386, NULL, '2020-12-10 12:49:05', '2020-12-10 12:49:05'),
	(139, 'Alquiler de Valla', 'JHF', NULL, 'l', NULL, NULL, NULL, NULL, '2020-12-10', '2020-12-10', NULL, '16076189745fd2519e35ec4.jpeg', NULL, 0, NULL, 387, NULL, '2020-12-10 12:49:34', '2020-12-10 12:49:34'),
	(140, 'Alquiler de Valla', 'JHF', NULL, 'l', NULL, NULL, NULL, NULL, '2020-12-10', '2020-12-10', NULL, '16076190055fd251bdc4f9d.jpeg', NULL, 0, NULL, 388, NULL, '2020-12-10 12:50:05', '2020-12-10 12:50:05'),
	(141, 'Alquiler de Valla', 'JHF', NULL, 'l', NULL, NULL, NULL, NULL, '2020-12-10', '2020-12-10', NULL, '16076190265fd251d203fb4.jpeg', NULL, 0, NULL, 389, NULL, '2020-12-10 12:50:26', '2020-12-10 12:50:26'),
	(142, 'Alquiler de Valla', 'JHF', NULL, 'l', NULL, NULL, NULL, NULL, '2020-12-10', '2020-12-10', NULL, '16076191805fd2526cd3b0d.jpeg', NULL, 0, NULL, 404, NULL, '2020-12-10 12:53:00', '2020-12-10 12:53:00'),
	(143, 'Alquiler de Valla', 'JHF', NULL, 'l', NULL, NULL, NULL, NULL, '2020-12-10', '2020-12-10', NULL, '16076191945fd2527aecd58.jpeg', NULL, 0, NULL, 405, NULL, '2020-12-10 12:53:15', '2020-12-10 12:53:15'),
	(144, 'Alquiler de Valla', 'JHF', NULL, 'l', NULL, NULL, NULL, NULL, '2020-12-10', '2020-12-10', NULL, '16076192125fd2528c60c9e.jpeg', NULL, 0, NULL, 406, NULL, '2020-12-10 12:53:32', '2020-12-10 12:53:32'),
	(145, 'Alquiler de Valla', 'JHF', NULL, 'l', NULL, NULL, NULL, NULL, '2020-12-10', '2020-12-10', NULL, '16076192295fd2529d7edf9.jpeg', NULL, 0, NULL, 407, NULL, '2020-12-10 12:53:49', '2020-12-10 12:53:49'),
	(146, 'Alquiler de Valla', 'JHF', NULL, 'l', NULL, NULL, NULL, NULL, '2020-12-10', '2020-12-10', NULL, '16076192465fd252ae46f4d.jpeg', NULL, 0, NULL, 408, NULL, '2020-12-10 12:54:06', '2020-12-10 12:54:06'),
	(147, 'Alquiler de Valla', 'JHF', NULL, 'l', NULL, NULL, NULL, NULL, '2020-12-10', '2020-12-10', NULL, '16076192645fd252c00e603.jpeg', NULL, 0, NULL, 409, NULL, '2020-12-10 12:54:24', '2020-12-10 12:54:24'),
	(148, 'Alquiler de Valla', 'JHF', NULL, 'l', NULL, NULL, NULL, NULL, '2020-12-10', '2020-12-10', NULL, '16076192795fd252cf23dc3.jpeg', NULL, 0, NULL, 410, NULL, '2020-12-10 12:54:39', '2020-12-10 12:54:39'),
	(149, 'Alquiler de Valla', 'JHF', NULL, 'l', NULL, NULL, NULL, NULL, '2020-12-10', '2020-12-10', NULL, '16076192955fd252df701c8.jpeg', NULL, 0, NULL, 411, NULL, '2020-12-10 12:54:55', '2020-12-10 12:54:55'),
	(150, 'Alquiler de Valla', 'JHF', NULL, 'l', NULL, NULL, NULL, NULL, '2020-12-10', '2020-12-10', NULL, '16076193435fd2530f29352.jpeg', NULL, 0, NULL, 398, NULL, '2020-12-10 12:55:43', '2020-12-10 12:55:43'),
	(151, 'Alquiler de Valla', 'JHF', NULL, 'l', NULL, NULL, NULL, NULL, '2020-12-10', '2020-12-10', NULL, '16076193575fd2531d39e17.jpeg', NULL, 0, NULL, 399, NULL, '2020-12-10 12:55:57', '2020-12-10 12:55:57'),
	(152, 'Alquiler de Valla', 'JHF', NULL, 'l', NULL, NULL, NULL, NULL, '2020-12-10', '2020-12-10', NULL, '16076193715fd2532b9deb1.jpeg', NULL, 0, NULL, 400, NULL, '2020-12-10 12:56:11', '2020-12-10 12:56:11'),
	(153, 'Alquiler de Valla', 'JHF', NULL, 'l', NULL, NULL, NULL, NULL, '2020-12-10', '2020-12-10', NULL, '16076193875fd2533b18017.jpeg', NULL, 0, NULL, 401, NULL, '2020-12-10 12:56:27', '2020-12-10 12:56:27'),
	(154, 'Alquiler de Valla', 'JHF', NULL, 'l', NULL, NULL, NULL, NULL, '2020-12-10', '2020-12-10', NULL, '16076194015fd253494826a.jpeg', NULL, 0, NULL, 402, NULL, '2020-12-10 12:56:41', '2020-12-10 12:56:41'),
	(155, 'Alquiler de Valla', 'JHF', NULL, NULL, NULL, NULL, NULL, NULL, '2020-12-10', '2020-12-10', NULL, '16076194175fd253597c84e.jpeg', NULL, 0, NULL, 403, NULL, '2020-12-10 12:56:57', '2020-12-10 12:56:57'),
	(156, 'Carpeta Publimovil itacamba', 'Galaxy', '1440', 'lona  de 12 oz respaldo banco', NULL, '1.10x1', NULL, NULL, '2020-12-07', '2020-12-11', NULL, '16076935325fd374dc36503.jpeg', NULL, 0, NULL, 364, NULL, '2020-12-11 09:32:12', '2020-12-11 09:32:12'),
	(157, 'Carpeta Publimovil itacamba', 'Galaxy', '1440', 'lona de 12 oz respaldo blanco', NULL, '1.10x2.20', NULL, NULL, '2020-12-07', '2020-12-11', NULL, '16076936185fd37532c42a0.jpeg', NULL, 0, NULL, 365, NULL, '2020-12-11 09:33:38', '2020-12-11 09:33:38'),
	(158, 'Carpeta Publimovil Itacamba', 'Galaxy', '1440', 'lona de 12 oz respaldo blanco', NULL, '2.80x0.35', NULL, NULL, '2020-12-07', '2020-12-11', NULL, '16076937115fd3758f321c9.jpeg', NULL, 0, NULL, 366, NULL, '2020-12-11 09:35:11', '2020-12-11 09:35:11'),
	(159, 'Carpeta Publimovil Itacamba', 'Galaxy', '1440 dpis', 'lona de 12 oz respaldo blanco', NULL, '2.80x2.20', NULL, NULL, '2020-12-07', '2020-12-11', NULL, '16076938465fd37616ae2a6.jpeg', NULL, 0, 'son dos artes diferentes para los laterales superiores', 367, NULL, '2020-12-11 09:37:26', '2020-12-11 09:37:26'),
	(161, 'lona 10x4 itacamba', 'Galaxy', '1440 Dpis', 'lona de 13 oz respaldo gris', NULL, '10x4', 'con bolsillos', NULL, '2020-11-19', '2020-12-11', NULL, '16076944905fd3789a42e09.jpeg', NULL, 0, NULL, 266, NULL, '2020-12-11 09:48:10', '2020-12-11 09:48:10'),
	(162, 'ALQUILER DE VALLA', 'ninguna', NULL, NULL, NULL, NULL, NULL, NULL, '2020-11-19', '2020-12-11', NULL, '16076944985fd378a20d34e.jpeg', NULL, 0, NULL, 265, NULL, '2020-12-11 09:48:18', '2020-12-11 09:48:18'),
	(163, 'Señaleica de velocidad', 'galaxy', '1440', 'adhesivo reflectivo', NULL, NULL, NULL, NULL, '2020-11-20', '2020-12-11', NULL, '16076947405fd37994227ad.jpeg', NULL, 0, NULL, 299, NULL, '2020-12-11 09:52:20', '2020-12-11 09:52:20'),
	(164, 'señalética de velocidad', 'Galaxy', '1440 dpis', 'adhesivo reflectivo', NULL, NULL, NULL, NULL, '2020-11-20', '2020-12-11', NULL, '16076947885fd379c40cd76.jpeg', NULL, 0, 'Construcción de letrero y tubo', 300, NULL, '2020-12-11 09:53:08', '2020-12-11 09:53:08'),
	(165, 'Señaletica de parqueo', 'galaxy', NULL, 'adhesivo reflectivo', NULL, NULL, NULL, NULL, '2020-11-20', '2020-12-11', NULL, '16076951095fd37b0530455.jpeg', NULL, 0, NULL, 301, NULL, '2020-12-11 09:58:29', '2020-12-11 09:58:29'),
	(166, 'señaletica baños', 'Galaxy', '1440', 'adhesivo reflevtivo', NULL, NULL, NULL, NULL, '2020-11-20', '2020-12-11', NULL, '16076954345fd37c4a9c78c.jpeg', NULL, 0, NULL, 302, NULL, '2020-12-11 10:00:14', '2020-12-11 10:03:54'),
	(167, 'Pintado de horcones', 'ninguna', NULL, NULL, NULL, NULL, NULL, NULL, '2020-11-20', '2020-12-11', NULL, '16076956355fd37d13ec611.jpeg', NULL, 0, NULL, 303, NULL, '2020-12-11 10:07:15', '2020-12-11 10:07:15'),
	(168, 'Alquiler de valla', 'ninguna', NULL, NULL, NULL, NULL, NULL, NULL, '2020-11-11', '2020-12-11', NULL, '16076957985fd37db6b711b.jpeg', NULL, 0, NULL, 240, NULL, '2020-12-11 10:09:58', '2020-12-11 10:09:58'),
	(169, 'Alquiler de ventana de minibus', 'ninguna', NULL, NULL, NULL, NULL, NULL, NULL, '2020-12-07', '2020-12-11', NULL, '16076975135fd384697f1dc.jpeg', NULL, 0, NULL, 368, NULL, '2020-12-11 10:38:33', '2020-12-11 10:38:33'),
	(170, 'carpeta ilumina tu mundo', 'galaxy', '1440 dpis', 'adhesivo microperforado', NULL, NULL, NULL, NULL, '2020-12-07', '2020-12-11', NULL, '16076976975fd38521e221a.jpeg', NULL, 0, NULL, 369, NULL, '2020-12-11 10:41:37', '2020-12-11 10:41:37'),
	(171, 'Bola de 12 cm', 'Router', NULL, 'Acrilico de 3 mm', '0.12*0.12', NULL, NULL, NULL, '2020-12-08', '2020-12-11', NULL, '16077004535fd38fe58f64e.jpeg', NULL, 0, NULL, 378, NULL, '2020-12-11 11:27:33', '2020-12-11 11:27:33'),
	(172, 'bola de 10 cm', 'Router', NULL, 'Acrílico de 3 mm', NULL, NULL, NULL, NULL, '2020-12-08', '2020-12-11', NULL, '16077005495fd39045cb38c.jpeg', NULL, 0, NULL, 379, NULL, '2020-12-11 11:29:09', '2020-12-11 11:29:09'),
	(173, 'bola de 8 cm', 'Router', NULL, 'Acrílico de 3mm', NULL, NULL, NULL, NULL, '2020-12-08', '2020-12-11', NULL, '16077005965fd390747c1eb.jpeg', NULL, 0, NULL, 380, NULL, '2020-12-11 11:29:56', '2020-12-11 11:29:56'),
	(174, 'bola de 8 cm', 'Router', NULL, 'Acrílico de 3mm', NULL, NULL, NULL, NULL, '2020-12-08', '2020-12-11', NULL, '16077006455fd390a5589bc.jpeg', NULL, 0, NULL, 381, NULL, '2020-12-11 11:30:45', '2020-12-11 11:30:45'),
	(175, 'helados sarita', 'Galaxy y plotter de corte', '1440', 'Adhesivo', '0.30x0.30', '0.30x0.30', NULL, NULL, '2020-12-11', '2020-12-11', NULL, '16077031365fd39a60ee051.jpeg', NULL, 0, NULL, 418, NULL, '2020-12-11 12:12:16', '2020-12-11 12:12:16'),
	(176, 'carpeta itacamba', 'galaxy', '1440', 'lona de 12 oz respaldo blanco', NULL, '1.10x1', NULL, NULL, '2020-12-07', '2020-12-15', NULL, '16080369275fd8b23fc40a3.jpeg', NULL, 0, NULL, 353, NULL, '2020-12-15 08:55:27', '2020-12-15 08:55:27'),
	(177, 'Carpeta itacamba', 'galaxy', '1440', 'lona de 12 oz respaldo gris', NULL, '1.10x2.20', NULL, NULL, '2020-12-07', '2020-12-15', NULL, '16080369835fd8b277efff5.jpeg', NULL, 0, NULL, 354, NULL, '2020-12-15 08:56:24', '2020-12-15 08:56:24'),
	(178, 'Carpeta Itacamba', 'Galaxy', '1440', 'Lona de 12 oz respaldo gris', NULL, '2.80x0.35', NULL, NULL, '2020-12-07', '2020-12-15', NULL, '16080370875fd8b2dfae9ad.jpeg', NULL, 0, NULL, 355, NULL, '2020-12-15 08:58:07', '2020-12-15 08:58:07'),
	(179, 'Carpeta Itacamba', 'Galaxy', '1440 dpis', 'lona de 12 oz respaldo blanco', NULL, '2.80x2.20', NULL, NULL, '2020-12-07', '2020-12-15', NULL, '16080371415fd8b3158df60.jpeg', NULL, 0, NULL, 356, NULL, '2020-12-15 08:59:01', '2020-12-15 08:59:01'),
	(180, 'señalética contendores norte', 'galaxy', '1440', 'foam con adhesivo', '0.20x0.30', '0.20x0.30', NULL, NULL, '2020-12-07', '2020-12-15', NULL, '16080374105fd8b422c1412.jpeg', NULL, 0, 'Un arte es de uso de barbijo y el otro arte es de capacidad máxima 10 personas', 357, NULL, '2020-12-15 09:02:25', '2020-12-15 09:03:30'),
	(181, 'entrega', 'entrega', NULL, NULL, NULL, NULL, NULL, NULL, '2020-12-07', '2020-12-15', NULL, '16080373695fd8b3f9b70c6.jpeg', NULL, 0, NULL, 358, NULL, '2020-12-15 09:02:49', '2020-12-15 09:02:49'),
	(182, 'Adhesivo', 'JHF', '1440', 'ADHESIVO', NULL, '0.38 X 0.70', 'REFILADO', 'NO', '2020-12-16', '2020-12-16', NULL, '16081469385fda5ffa88637.jpeg', NULL, 0, NULL, 375, NULL, '2020-12-16 15:28:58', '2020-12-16 15:28:58'),
	(183, 'Alquiler de valla 12x4', 'niinguna', NULL, NULL, NULL, NULL, NULL, NULL, '2020-12-03', '2020-12-17', NULL, '16082321455fdbacd181f1d.jpeg', NULL, 0, NULL, 376, NULL, '2020-12-17 15:09:05', '2020-12-17 15:09:05'),
	(184, 'unifranz 12x4 santacruz', 'galaxy', NULL, 'lona de 13 oz respaldo gris', NULL, NULL, NULL, NULL, '2020-12-15', '2020-12-17', NULL, '16082321965fdbad041a410.jpeg', NULL, 0, NULL, 377, NULL, '2020-12-17 15:09:56', '2020-12-17 15:09:56'),
	(185, 'carpeta unifranz snata cruz 10x4', 'galaxy', '720', 'lona de 13 oz respaldo gris', NULL, NULL, NULL, NULL, '2020-12-15', '2020-12-18', NULL, '16083051295fdcc9e9a7f89.jpeg', NULL, 0, 'son 3 artes diferentes', 373, NULL, '2020-12-18 11:25:29', '2020-12-18 11:25:29'),
	(186, 'Impresión de Lona', 'JHF', NULL, 'l', NULL, NULL, NULL, NULL, '2020-12-18', '2020-12-18', NULL, '16083168665fdcf7c232993.png', NULL, 0, NULL, 439, NULL, '2020-12-18 14:41:06', '2020-12-18 14:41:06'),
	(187, 'Impresión de Adhesivo + Instalación', 'JHF', NULL, 'l', NULL, NULL, NULL, NULL, '2020-12-18', '2020-12-18', NULL, '16083169395fdcf80b3e003.png', NULL, 0, NULL, 440, NULL, '2020-12-18 14:42:19', '2020-12-18 14:42:19'),
	(188, 'Impresión de Lona + Instalación', 'JHF', NULL, 'l', NULL, NULL, NULL, NULL, '2020-12-18', '2020-12-18', NULL, '16083169845fdcf838b84c7.png', NULL, 0, NULL, 441, NULL, '2020-12-18 14:43:04', '2020-12-18 14:43:04'),
	(189, 'Bastidor con Lona', 'JHF', NULL, NULL, NULL, NULL, NULL, NULL, '2020-12-18', '2020-12-18', NULL, '16083170015fdcf849319dc.png', NULL, 0, NULL, 442, NULL, '2020-12-18 14:43:21', '2020-12-18 14:43:21'),
	(190, 'Impresión de Adhesivo + Instalación', 'JHF', NULL, 'l', NULL, NULL, NULL, NULL, '2020-12-18', '2020-12-18', NULL, '16083170985fdcf8aa05228.png', NULL, 0, NULL, 443, NULL, '2020-12-18 14:44:58', '2020-12-18 14:44:58'),
	(191, 'Producto/Servicio General', 'JHF', NULL, 'l', NULL, NULL, NULL, NULL, '2020-12-18', '2020-12-18', NULL, '16083171515fdcf8df86221.png', NULL, 0, NULL, 444, NULL, '2020-12-18 14:45:51', '2020-12-18 14:45:51'),
	(192, 'Señaletica Bosques', 'galaxy', '1440 dpis', 'Adhesivo y foam', '0.50x0.50', '0.50x0.50', NULL, NULL, '2020-12-21', '2020-12-21', NULL, '16085565615fe0a011ecf91.jpeg', NULL, 0, NULL, 426, NULL, '2020-12-21 09:16:02', '2020-12-21 09:16:02'),
	(193, 'llaveros paniagua', 'serigrafia', '1440', NULL, NULL, NULL, 'impresión de un logo', NULL, '2020-12-14', '2020-12-22', NULL, '16086472955fe2027f0e91d.jpeg', NULL, 0, NULL, 421, NULL, '2020-12-22 10:28:15', '2020-12-22 10:28:15'),
	(194, 'Cuadro Abuelitos', 'Galaxy', '1440 dpis', 'Adhesivo y foam de 3 mm', '0.80x0.50', '0.80x0.50', NULL, NULL, '2020-12-28', '2020-12-29', NULL, '16092666075feb75af726f4.jpeg', NULL, 0, NULL, 462, NULL, '2020-12-29 14:30:07', '2020-12-29 14:30:07'),
	(195, 'Carpeta Unicen', 'Galaxy', '720 dpis', 'lona de 12 oz respaldo blanco', '1.10x1', NULL, NULL, NULL, '2020-12-30', '2020-12-30', NULL, '16093485665fecb5d6d0289.jpeg', NULL, 0, NULL, 463, NULL, '2020-12-30 13:15:40', '2020-12-30 13:16:06'),
	(196, 'Carpeta unicen', 'Galaxy', '720', 'lona de 12 oz respaldo blanco', NULL, '1.10x2.20', NULL, NULL, '2020-12-30', '2020-12-30', NULL, '16093486275fecb6130f5d6.jpeg', NULL, 0, NULL, 464, NULL, '2020-12-30 13:17:07', '2020-12-30 13:17:07'),
	(197, 'Carpeta UNICEN', 'Galaxy', '720', 'lona de 12 oz respaldo Blanco', NULL, '2.80x0.35', NULL, NULL, '2020-12-30', '2020-12-30', NULL, '16093486945fecb656a237e.jpeg', NULL, 0, 'Son 2 unidades', 465, NULL, '2020-12-30 13:18:14', '2020-12-30 13:18:14'),
	(198, 'Carpeta UNICEN', 'Galaxy', '720', 'lona de 12 oz respaldo blanco', NULL, '2.80x2.20', NULL, NULL, '2020-12-30', '2020-12-30', NULL, '16093487975fecb6bd574d6.jpeg', NULL, 0, 'Son 2 artes diferentes para cada bastidor', 466, NULL, '2020-12-30 13:19:57', '2020-12-30 13:19:57'),
	(199, 'Valla Arcor', 'galaxy', '720', 'Lona de 13 oz respaldo gris', NULL, '7.50x30', 'Con bolsillos para valla', NULL, '2020-12-30', '2020-12-30', NULL, '16093492065fecb856375d6.jpeg', NULL, 0, NULL, 467, NULL, '2020-12-30 13:26:46', '2020-12-30 13:26:46'),
	(200, 'Arcor bonobon', 'Galaxy', '1440 dpis', 'lona de 13 oz respaldo gris', NULL, '7x5', NULL, NULL, '2021-01-01', '2021-01-04', NULL, '16097658155ff313b7a23a5.jpeg', NULL, 0, NULL, 468, NULL, '2021-01-04 09:10:15', '2021-01-04 09:10:15'),
	(201, 'logo.png', 'JHF', NULL, NULL, NULL, NULL, NULL, NULL, '2021-01-06', '2021-01-06', NULL, '16099420385ff5c416b8e91.jpeg', NULL, 0, NULL, 488, NULL, '2021-01-06 10:07:18', '2021-01-06 10:07:18'),
	(202, 'Alquiler de Valla', 'JHF', NULL, 'l', NULL, NULL, NULL, NULL, '2021-01-08', '2021-01-08', NULL, '16101243035ff88c0fa49b5.jpeg', NULL, 0, NULL, 502, NULL, '2021-01-08 12:45:03', '2021-01-08 12:45:03'),
	(203, 'Alquiler de Valla', 'JHF', NULL, 'l', NULL, NULL, NULL, NULL, '2021-01-08', '2021-01-08', NULL, '16101243515ff88c3f78e16.jpeg', NULL, 0, NULL, 501, NULL, '2021-01-08 12:45:51', '2021-01-08 12:45:51'),
	(204, 'Alquiler de Valla', 'JHF', NULL, 'l', NULL, NULL, NULL, NULL, '2021-01-08', '2021-01-08', NULL, '16101243925ff88c68da839.jpeg', NULL, 0, NULL, 500, NULL, '2021-01-08 12:46:32', '2021-01-08 12:46:32'),
	(205, 'Alquiler de Valla', 'JHF', NULL, 'l', NULL, NULL, NULL, NULL, '2021-01-13', '2021-01-13', NULL, '16105551425fff1f064cdaf.png', NULL, 0, NULL, 507, NULL, '2021-01-13 12:25:42', '2021-01-13 12:25:42'),
	(206, 'Alzarsi', 'Galaxy', '1440 dpis', 'Microperforado', NULL, '1.50x2.34', NULL, NULL, '2021-01-15', '2021-01-18', NULL, '16110043946005f9eace115.jpeg', NULL, 0, 'Son 2 paños de 1x2.10 metros con el mismo arte y son 2 paños pequeños de 0.97x0.24 mtrs del color de fondo', 540, NULL, '2021-01-18 17:13:14', '2021-01-18 17:13:14'),
	(207, 'Alzarsi', 'Galaxy', '1440 dpis', 'Adhesivo esmerilado', NULL, NULL, NULL, NULL, '2021-01-15', '2021-01-18', NULL, '16110045156005fa637303d.jpeg', NULL, 0, 'Son 2 paños de 0.51x1.06 m. con el mismo logo al centro', 541, NULL, '2021-01-18 17:15:15', '2021-01-18 17:15:15'),
	(208, 'Alzarsi', 'Galaxy', '1440 dpis', 'Adhesivo esmerilado', NULL, NULL, NULL, NULL, '2021-01-15', '2021-01-18', NULL, '16110046286005fad478673.jpeg', NULL, 0, 'Son 2 paños el primero es de 1.03x2.04 m, el segundo es de 1.10x2.04', 542, NULL, '2021-01-18 17:17:08', '2021-01-18 17:17:08'),
	(209, 'Alzarsi', 'Galaxy', '1440 dpis', 'Foam revestido con adhesivo', NULL, NULL, NULL, NULL, '2021-01-15', '2021-01-18', NULL, '16110046876005fb0fb4ace.jpeg', NULL, 0, NULL, 543, NULL, '2021-01-18 17:18:07', '2021-01-18 17:18:07'),
	(210, 'Alzarsi', 'Galaxy', '1440 dpis', 'Foam+Adhesivo rectangular', NULL, NULL, NULL, NULL, '2021-01-15', '2021-01-18', NULL, '16110047956005fb7b7c5f6.jpeg', NULL, 0, 'Son Cuatrto artes: Contabilidad, Ventas, Baño, Salida de emergencia', 544, NULL, '2021-01-18 17:19:31', '2021-01-18 17:19:55'),
	(211, 'UNICEN', 'Laser', NULL, 'Acrilico transparente de 3 mm', '0.80x0.60', NULL, NULL, NULL, '2021-01-20', '2021-01-20', '9 unidaes', '1611158964600855b4eb76d.jpeg', NULL, 0, NULL, 561, NULL, '2021-01-20 12:09:24', '2021-01-20 12:21:32'),
	(212, 'UNICEN', 'Laser', NULL, 'Acrílico transparente de 3 mm', '1.00 x0.60', NULL, NULL, NULL, '2021-01-20', '2021-01-20', '1 Unidad', '1611159038600855fe7bdce.jpeg', NULL, 0, NULL, 562, NULL, '2021-01-20 12:10:38', '2021-01-20 12:10:38'),
	(213, 'Impresión de Lona', 'JHF', NULL, 'l', NULL, NULL, NULL, NULL, '2021-01-21', '2021-01-21', NULL, '16112527966009c43c1754e.jpeg', NULL, 0, NULL, 557, NULL, '2021-01-21 14:13:16', '2021-01-21 14:13:16'),
	(216, 'Impresión de Lona', 'JHF', NULL, 'l', NULL, NULL, NULL, NULL, '2021-01-21', '2021-01-21', NULL, '16112534006009c698c6c03.jpeg', NULL, 0, NULL, 508, NULL, '2021-01-21 14:23:20', '2021-01-21 14:23:20'),
	(217, 'Impresión de Lona', 'JHF', NULL, 'l', NULL, NULL, NULL, NULL, '2021-01-21', '2021-01-21', NULL, '16112534186009c6aa4a4b7.jpeg', NULL, 0, NULL, 509, NULL, '2021-01-21 14:23:38', '2021-01-21 14:23:38'),
	(218, 'Impresión de Lona', 'JHF', NULL, 'l', NULL, NULL, NULL, NULL, '2021-01-21', '2021-01-21', NULL, '16112535146009c70a9d7da.jpeg', NULL, 0, NULL, 496, NULL, '2021-01-21 14:25:14', '2021-01-21 14:25:14'),
	(219, 'Alquiler de Valla', 'JHF', NULL, 'l', NULL, NULL, NULL, NULL, '2021-01-21', '2021-01-21', NULL, '16112535966009c75c4789c.jpeg', NULL, 0, NULL, 491, NULL, '2021-01-21 14:26:36', '2021-01-21 14:26:36'),
	(220, 'Impresión de Lona', 'JHF', NULL, 'l', NULL, NULL, NULL, NULL, '2021-01-21', '2021-01-21', NULL, '16112536116009c76be30fb.jpeg', NULL, 0, NULL, 492, NULL, '2021-01-21 14:26:51', '2021-01-21 14:26:51'),
	(221, 'Impresión de Lona', 'JHF', NULL, 'l', NULL, NULL, NULL, NULL, '2021-01-21', '2021-01-21', NULL, '16112537266009c7de1fd3f.jpeg', NULL, 0, NULL, 490, NULL, '2021-01-21 14:28:46', '2021-01-21 14:28:46'),
	(222, 'Alquiler de Valla', 'JHF', NULL, 'l', NULL, NULL, NULL, NULL, '2021-01-21', '2021-01-21', NULL, '16112537566009c7fc1758d.jpeg', NULL, 0, NULL, 489, NULL, '2021-01-21 14:29:16', '2021-01-21 14:29:16'),
	(223, 'Impresión de Lona', 'JHF', NULL, 'l', NULL, NULL, NULL, NULL, '2021-01-21', '2021-01-21', NULL, '16112538726009c87098ce4.jpeg', NULL, 0, NULL, 567, NULL, '2021-01-21 14:31:12', '2021-01-21 14:31:12'),
	(224, 'Impresión de Lona', 'JHF', NULL, 'l', NULL, NULL, NULL, NULL, '2021-01-21', '2021-01-21', NULL, '16112538866009c87e3dbcc.jpeg', NULL, 0, NULL, 568, NULL, '2021-01-21 14:31:26', '2021-01-21 14:31:26'),
	(225, 'Señaletica Vial', 'JHF', NULL, 'l', NULL, NULL, NULL, NULL, '2021-01-21', '2021-01-21', NULL, '16112539766009c8d8dc412.jpeg', NULL, 0, NULL, 445, NULL, '2021-01-21 14:32:56', '2021-01-21 14:32:56'),
	(228, 'sddsfdsf', 'dsfdsfsdf', NULL, 'Acrílico de 5mm, perfil de aluminio champagne, bisagras, tornillos, ramplus, doble contacto, silicona, tek bond.', NULL, NULL, 'Cortado de acrílico e instalado en pared como fotomontaje con bisagras para poder mover el panel y un triángulo de soporte, en ambos cuartos de muestras.', NULL, '2021-01-29', '2021-01-29', NULL, '161195504960147b694ef19.jpeg', NULL, 0, NULL, 601, NULL, '2021-01-29 21:17:29', '2021-01-29 21:17:29'),
	(229, 'dgdgdg', 'dgdgdgd', NULL, NULL, NULL, NULL, NULL, NULL, '2021-02-11', '2021-02-11', NULL, '1613072420602588246f5d5.jpeg', NULL, 0, NULL, 610, NULL, '2021-02-11 19:40:20', '2021-02-11 19:40:20'),
	(230, 'xdsdfs', 'fsfsfsfs', NULL, NULL, NULL, NULL, NULL, NULL, '2021-02-11', '2021-02-11', NULL, '161307302760258a837d8f2.png', '161307302760258a836cdf4.jpeg', 1, NULL, 611, NULL, '2021-02-11 19:50:27', '2021-02-11 19:50:27'),
	(231, 'gfhhfh', 'fhfhfh', NULL, NULL, NULL, NULL, NULL, NULL, '2021-02-11', '2021-02-11', NULL, '16130761086025968c5c85d.png', NULL, 0, NULL, 609, NULL, '2021-02-11 20:41:48', '2021-02-17 13:52:14'),
	(232, 'SFSFSFSF', 'SFSFSFSF', NULL, NULL, NULL, NULL, NULL, NULL, '2021-02-11', '2021-02-11', NULL, '161307802960259e0d3a71a.jpeg', '1613570043602d1ffbd9d46.jpeg', 1, NULL, 606, NULL, '2021-02-11 21:13:49', '2021-02-17 13:54:03'),
	(233, 'SFSFSF', 'SFSFSF', NULL, NULL, NULL, NULL, NULL, NULL, '2021-02-25', '2021-02-25', NULL, '16142652246037bb887efaf.png', NULL, 0, NULL, 623, NULL, '2021-02-25 15:00:28', '2021-02-25 15:00:28'),
	(234, 'adadada', 'dadada', NULL, NULL, NULL, NULL, NULL, NULL, '2021-02-25', '2021-02-25', NULL, '1614287290603811bac29a8.jpeg', NULL, 0, NULL, 625, NULL, '2021-02-25 21:08:11', '2021-02-25 21:08:11');
/*!40000 ALTER TABLE `designs` ENABLE KEYS */;

-- Volcando estructura para tabla imagen.employees
CREATE TABLE IF NOT EXISTS `employees` (
  `id` int(10) unsigned NOT NULL AUTO_INCREMENT,
  `name` varchar(128) COLLATE utf8mb4_unicode_ci NOT NULL,
  `document` enum('CI','LC','LM') COLLATE utf8mb4_unicode_ci DEFAULT NULL,
  `num_document` varchar(32) COLLATE utf8mb4_unicode_ci DEFAULT NULL,
  `address` varchar(128) COLLATE utf8mb4_unicode_ci DEFAULT NULL,
  `phone` varchar(32) COLLATE utf8mb4_unicode_ci NOT NULL,
  `email` varchar(128) COLLATE utf8mb4_unicode_ci DEFAULT NULL,
  `office_id` int(10) unsigned NOT NULL,
  `deleted_at` timestamp NULL DEFAULT NULL,
  `created_at` timestamp NULL DEFAULT NULL,
  `updated_at` timestamp NULL DEFAULT NULL,
  PRIMARY KEY (`id`),
  KEY `employees_office_id_foreign` (`office_id`),
  FULLTEXT KEY `num_document` (`num_document`),
  FULLTEXT KEY `name` (`name`),
  CONSTRAINT `employees_office_id_foreign` FOREIGN KEY (`office_id`) REFERENCES `offices` (`id`) ON DELETE CASCADE ON UPDATE CASCADE
) ENGINE=InnoDB AUTO_INCREMENT=10 DEFAULT CHARSET=utf8mb4 COLLATE=utf8mb4_unicode_ci;

-- Volcando datos para la tabla imagen.employees: ~9 rows (aproximadamente)
/*!40000 ALTER TABLE `employees` DISABLE KEYS */;
INSERT INTO `employees` (`id`, `name`, `document`, `num_document`, `address`, `phone`, `email`, `office_id`, `deleted_at`, `created_at`, `updated_at`) VALUES
	(1, 'Wilson Sorioco', NULL, NULL, NULL, '##38', NULL, 1, NULL, '2020-09-21 10:04:06', '2020-09-21 10:04:06'),
	(2, 'Luis Aguilar', NULL, NULL, NULL, '70538733', NULL, 1, NULL, '2020-09-21 10:55:10', '2020-09-21 10:55:10'),
	(3, 'Carlos Añez', NULL, NULL, NULL, '78988344', NULL, 1, NULL, '2020-11-17 10:08:34', '2020-11-17 10:08:34'),
	(4, 'Rodrigo Humerez', NULL, NULL, NULL, '76593148', NULL, 2, NULL, '2020-12-07 10:51:18', '2020-12-07 10:51:18'),
	(5, 'German Ariñez', NULL, NULL, NULL, '78897586', NULL, 2, NULL, '2020-12-08 15:18:42', '2020-12-08 15:18:42'),
	(6, 'Rudy Tantani', NULL, NULL, NULL, '78897585', NULL, 2, NULL, '2020-12-08 15:19:21', '2020-12-08 15:19:21'),
	(7, 'Mikalea Cordero', NULL, NULL, NULL, '76722731', NULL, 1, NULL, '2020-12-11 10:11:36', '2020-12-11 10:11:36'),
	(8, 'Nelson Salvatierra', NULL, NULL, NULL, '77394566', NULL, 1, NULL, '2020-12-22 10:29:37', '2020-12-22 10:29:37'),
	(9, 'Pablo Ariñez', NULL, NULL, NULL, '67335532', NULL, 2, NULL, '2021-01-20 12:11:55', '2021-01-20 12:11:55');
/*!40000 ALTER TABLE `employees` ENABLE KEYS */;

-- Volcando estructura para tabla imagen.employee_work_order
CREATE TABLE IF NOT EXISTS `employee_work_order` (
  `id` int(10) unsigned NOT NULL AUTO_INCREMENT,
  `work_order_id` int(10) unsigned NOT NULL,
  `employee_id` int(10) unsigned NOT NULL,
  PRIMARY KEY (`id`),
  KEY `employee_id_foreign` (`employee_id`),
  KEY `work_order_id_foreign` (`work_order_id`),
  CONSTRAINT `employee_id_foreign` FOREIGN KEY (`employee_id`) REFERENCES `employees` (`id`) ON DELETE CASCADE ON UPDATE CASCADE,
  CONSTRAINT `work_order_id_foreign` FOREIGN KEY (`work_order_id`) REFERENCES `work_orders` (`id`) ON DELETE CASCADE ON UPDATE CASCADE
) ENGINE=InnoDB AUTO_INCREMENT=111 DEFAULT CHARSET=latin1;

-- Volcando datos para la tabla imagen.employee_work_order: ~103 rows (aproximadamente)
/*!40000 ALTER TABLE `employee_work_order` DISABLE KEYS */;
INSERT INTO `employee_work_order` (`id`, `work_order_id`, `employee_id`) VALUES
	(1, 1, 1),
	(2, 2, 1),
	(3, 3, 1),
	(4, 4, 1),
	(5, 5, 2),
	(6, 6, 1),
	(7, 7, 1),
	(8, 8, 1),
	(9, 9, 1),
	(10, 10, 2),
	(11, 11, 1),
	(12, 12, 2),
	(13, 13, 1),
	(14, 14, 1),
	(15, 15, 2),
	(16, 16, 2),
	(17, 17, 1),
	(18, 18, 1),
	(19, 19, 1),
	(20, 20, 1),
	(21, 21, 1),
	(22, 22, 1),
	(23, 23, 1),
	(24, 24, 1),
	(25, 25, 1),
	(26, 26, 1),
	(27, 27, 2),
	(28, 27, 1),
	(29, 28, 2),
	(30, 29, 1),
	(31, 30, 1),
	(32, 31, 1),
	(33, 32, 1),
	(34, 33, 2),
	(35, 34, 2),
	(36, 35, 1),
	(38, 37, 1),
	(39, 38, 1),
	(40, 39, 3),
	(41, 40, 1),
	(42, 41, 2),
	(43, 42, 1),
	(44, 43, 3),
	(45, 44, 1),
	(46, 45, 3),
	(47, 46, 1),
	(48, 47, 1),
	(49, 48, 1),
	(51, 50, 2),
	(52, 51, 1),
	(53, 52, 1),
	(54, 53, 1),
	(55, 54, 1),
	(56, 55, 4),
	(57, 56, 5),
	(58, 56, 6),
	(59, 57, 5),
	(60, 57, 6),
	(61, 58, 1),
	(62, 59, 1),
	(63, 60, 1),
	(64, 61, 1),
	(65, 62, 1),
	(67, 64, 1),
	(68, 65, 1),
	(69, 66, 7),
	(70, 67, 3),
	(71, 68, 2),
	(72, 68, 1),
	(73, 69, 1),
	(74, 70, 1),
	(75, 71, 1),
	(76, 72, 5),
	(77, 73, 1),
	(78, 74, 1),
	(79, 75, 1),
	(80, 76, 1),
	(81, 77, 1),
	(82, 78, 1),
	(83, 79, 1),
	(84, 80, 1),
	(85, 81, 8),
	(86, 82, 1),
	(87, 83, 1),
	(88, 84, 1),
	(89, 85, 1),
	(90, 86, 7),
	(91, 87, 1),
	(92, 88, 1),
	(93, 89, 1),
	(94, 90, 1),
	(95, 91, 1),
	(96, 92, 9),
	(97, 93, 1),
	(99, 95, 1),
	(100, 96, 1),
	(101, 97, 1),
	(102, 98, 1),
	(103, 99, 1),
	(104, 100, 1),
	(105, 101, 8),
	(106, 102, 8),
	(107, 103, 9),
	(108, 104, 8),
	(109, 105, 5),
	(110, 106, 8);
/*!40000 ALTER TABLE `employee_work_order` ENABLE KEYS */;

-- Volcando estructura para tabla imagen.entries
CREATE TABLE IF NOT EXISTS `entries` (
  `id` int(10) unsigned NOT NULL AUTO_INCREMENT,
  `date` date NOT NULL,
  `voucher` varchar(32) COLLATE utf8mb4_unicode_ci NOT NULL,
  `num_voucher` varchar(64) COLLATE utf8mb4_unicode_ci NOT NULL,
  `state` tinyint(4) NOT NULL DEFAULT '1',
  `user_id` int(10) unsigned NOT NULL,
  `suplier_id` int(10) unsigned NOT NULL,
  `warehouse_id` int(10) unsigned NOT NULL,
  `deleted_at` timestamp NULL DEFAULT NULL,
  `created_at` timestamp NULL DEFAULT NULL,
  `updated_at` timestamp NULL DEFAULT NULL,
  PRIMARY KEY (`id`),
  KEY `entries_user_id_foreign` (`user_id`),
  KEY `entries_suplier_id_foreign` (`suplier_id`),
  KEY `entries_warehouse_id_foreign` (`warehouse_id`)
) ENGINE=InnoDB DEFAULT CHARSET=utf8mb4 COLLATE=utf8mb4_unicode_ci;

-- Volcando datos para la tabla imagen.entries: ~0 rows (aproximadamente)
/*!40000 ALTER TABLE `entries` DISABLE KEYS */;
/*!40000 ALTER TABLE `entries` ENABLE KEYS */;

-- Volcando estructura para tabla imagen.entry_material
CREATE TABLE IF NOT EXISTS `entry_material` (
  `id` int(10) unsigned NOT NULL AUTO_INCREMENT,
  `entry_id` int(10) unsigned NOT NULL,
  `material_id` int(10) unsigned NOT NULL,
  `quantity` int(10) unsigned NOT NULL,
  `price` double(9,2) NOT NULL,
  `deleted_at` timestamp NULL DEFAULT NULL,
  PRIMARY KEY (`id`),
  KEY `entry_material_entry_id_foreign` (`entry_id`),
  KEY `entry_material_material_id_foreign` (`material_id`),
  CONSTRAINT `entry_material_entry_id_foreign` FOREIGN KEY (`entry_id`) REFERENCES `entries` (`id`) ON DELETE CASCADE ON UPDATE CASCADE,
  CONSTRAINT `entry_material_material_id_foreign` FOREIGN KEY (`material_id`) REFERENCES `materials` (`id`) ON DELETE CASCADE ON UPDATE CASCADE
) ENGINE=InnoDB DEFAULT CHARSET=utf8mb4 COLLATE=utf8mb4_unicode_ci;

-- Volcando datos para la tabla imagen.entry_material: ~0 rows (aproximadamente)
/*!40000 ALTER TABLE `entry_material` DISABLE KEYS */;
/*!40000 ALTER TABLE `entry_material` ENABLE KEYS */;

-- Volcando estructura para tabla imagen.images_products
CREATE TABLE IF NOT EXISTS `images_products` (
  `id` int(10) unsigned NOT NULL AUTO_INCREMENT,
  `path` varchar(256) NOT NULL,
  `product_quotation_id` int(10) unsigned DEFAULT NULL,
  `created_at` timestamp NULL DEFAULT NULL,
  `updated_at` timestamp NULL DEFAULT NULL,
  PRIMARY KEY (`id`),
  KEY `FK__product_quotation` (`product_quotation_id`)
) ENGINE=InnoDB AUTO_INCREMENT=143 DEFAULT CHARSET=latin1;

-- Volcando datos para la tabla imagen.images_products: ~108 rows (aproximadamente)
/*!40000 ALTER TABLE `images_products` DISABLE KEYS */;
INSERT INTO `images_products` (`id`, `path`, `product_quotation_id`, `created_at`, `updated_at`) VALUES
	(29, '16002884705f6276d6c4226.jpeg', 37, '2020-09-16 16:34:30', '2020-09-16 16:34:30'),
	(30, '16007917355f6a24b72d95d.jpeg', 64, '2020-09-22 12:22:15', '2020-09-22 12:22:15'),
	(31, '16014079215f738bb1c5083.jpeg', 83, '2020-09-29 15:32:02', '2020-09-29 15:32:02'),
	(32, '16014079225f738bb219262.jpeg', 83, '2020-09-29 15:32:02', '2020-09-29 15:32:02'),
	(37, '16014918795f74d3a771ca8.jpeg', 92, '2020-09-30 14:51:19', '2020-09-30 14:51:19'),
	(38, '16014961865f74e47a293e1.jpeg', 95, '2020-09-30 16:03:06', '2020-09-30 16:03:06'),
	(39, '16015619615f75e56901841.jpeg', 99, '2020-10-01 10:19:21', '2020-10-01 10:19:21'),
	(41, '16016525715f77475bf3586.jpeg', 104, '2020-10-02 11:29:32', '2020-10-02 11:29:32'),
	(42, '16016559735f7754a53c103.jpeg', 106, '2020-10-02 12:26:13', '2020-10-02 12:26:13'),
	(44, '16021893765f7f784037696.jpeg', 138, '2020-10-08 16:36:16', '2020-10-08 16:36:16'),
	(45, '16025965105f85ae9e49537.jpeg', 147, '2020-10-13 09:41:50', '2020-10-13 09:41:50'),
	(46, '16026956485f8731e0bc70d.jpeg', 155, '2020-10-14 13:14:08', '2020-10-14 13:14:08'),
	(47, '16032970565f905f20416a6.jpeg', 158, '2020-10-21 12:17:36', '2020-10-21 12:17:36'),
	(48, '16032970565f905f2048cfa.jpeg', 159, '2020-10-21 12:17:36', '2020-10-21 12:17:36'),
	(49, '16034814675f932f7b57453.png', 167, '2020-10-23 15:31:07', '2020-10-23 15:31:07'),
	(50, '16034818595f9331037d689.png', 173, '2020-10-23 15:37:39', '2020-10-23 15:37:39'),
	(51, '16040634815f9c10f95f603.jpeg', 179, '2020-10-30 09:11:21', '2020-10-30 09:11:21'),
	(52, '16040634815f9c10f967bac.jpeg', 180, '2020-10-30 09:11:21', '2020-10-30 09:11:21'),
	(53, '16040634815f9c10f96b514.jpeg', 181, '2020-10-30 09:11:21', '2020-10-30 09:11:21'),
	(54, '16040634815f9c10f96dea5.jpeg', 182, '2020-10-30 09:11:21', '2020-10-30 09:11:21'),
	(55, '16040637015f9c11d5105de.jpeg', 183, '2020-10-30 09:15:01', '2020-10-30 09:15:01'),
	(56, '16040637015f9c11d514b6a.jpeg', 184, '2020-10-30 09:15:01', '2020-10-30 09:15:01'),
	(57, '16040637015f9c11d51793b.jpeg', 185, '2020-10-30 09:15:01', '2020-10-30 09:15:01'),
	(58, '16040637015f9c11d51aaca.jpeg', 186, '2020-10-30 09:15:01', '2020-10-30 09:15:01'),
	(59, '16044084375fa1547584df7.jpeg', 187, '2020-11-03 09:00:37', '2020-11-03 09:00:37'),
	(60, '16044084375fa154758b61f.jpeg', 188, '2020-11-03 09:00:37', '2020-11-03 09:00:37'),
	(61, '16044084375fa154758dec6.jpeg', 189, '2020-11-03 09:00:37', '2020-11-03 09:00:37'),
	(62, '16044084375fa1547590143.jpeg', 190, '2020-11-03 09:00:37', '2020-11-03 09:00:37'),
	(63, '16044216235fa187f76878d.jpeg', 197, '2020-11-03 12:40:23', '2020-11-03 12:40:23'),
	(64, '16045203675fa309af4276d.png', 204, '2020-11-04 16:06:07', '2020-11-04 16:06:07'),
	(65, '16045204635fa30a0f45625.png', 209, '2020-11-04 16:07:43', '2020-11-04 16:07:43'),
	(66, '16045896195fa418338ba58.png', 214, '2020-11-05 11:20:19', '2020-11-05 11:20:19'),
	(67, '16045941745fa429fe75ee6.png', 220, '2020-11-05 12:36:14', '2020-11-05 12:36:14'),
	(68, '16045973665fa4367632bc2.jpeg', 225, '2020-11-05 13:29:26', '2020-11-05 13:29:26'),
	(69, '16045973925fa4369065890.jpeg', 229, '2020-11-05 13:29:52', '2020-11-05 13:29:52'),
	(70, '16046035745fa44eb6662e1.jpeg', 230, '2020-11-05 15:12:54', '2020-11-05 15:12:54'),
	(71, '16050135265faa901686268.jpeg', 231, '2020-11-10 09:05:26', '2020-11-10 09:05:26'),
	(72, '16051189595fac2bef57721.jpeg', 241, '2020-11-11 14:22:39', '2020-11-11 14:22:39'),
	(73, '16051190665fac2c5a0de4a.jpeg', 243, '2020-11-11 14:24:26', '2020-11-11 14:24:26'),
	(74, '16051196455fac2e9d74481.jpeg', 245, '2020-11-11 14:34:05', '2020-11-11 14:34:05'),
	(75, '16052781315fae99b3cdc28.jpeg', 247, '2020-11-13 10:35:31', '2020-11-13 10:35:31'),
	(76, '16052852325faeb5707100a.jpeg', 248, '2020-11-13 12:33:52', '2020-11-13 12:33:52'),
	(77, '16057112465fb5358ece127.jpeg', 260, '2020-11-18 10:54:06', '2020-11-18 10:54:06'),
	(78, '16057112465fb5358ed991c.jpeg', 262, '2020-11-18 10:54:06', '2020-11-18 10:54:06'),
	(79, '16057134135fb53e0518171.jpeg', 265, '2020-11-18 11:30:13', '2020-11-18 11:30:13'),
	(80, '16064294515fc02b0b5ab3d.jpeg', 284, '2020-11-26 18:24:11', '2020-11-26 18:24:11'),
	(81, '16064798325fc0efd845837.jpeg', 286, '2020-11-27 08:23:52', '2020-11-27 08:23:52'),
	(82, '16064801235fc0f0fbb15e7.jpeg', 288, '2020-11-27 08:28:43', '2020-11-27 08:28:43'),
	(83, '16064820535fc0f8851ac65.jpeg', 290, '2020-11-27 09:00:53', '2020-11-27 09:00:53'),
	(84, '16064822945fc0f9768b4cb.jpeg', 292, '2020-11-27 09:04:54', '2020-11-27 09:04:54'),
	(85, '16067492965fc50c703047c.jpeg', 307, '2020-11-30 11:14:56', '2020-11-30 11:14:56'),
	(86, '16067584295fc5301d593c8.jpeg', 310, '2020-11-30 13:47:09', '2020-11-30 13:47:09'),
	(87, '16067584295fc5301d5d17b.jpeg', 311, '2020-11-30 13:47:09', '2020-11-30 13:47:09'),
	(88, '16067584295fc5301d6090c.jpeg', 312, '2020-11-30 13:47:09', '2020-11-30 13:47:09'),
	(89, '16067584295fc5301d62ed0.jpeg', 313, '2020-11-30 13:47:09', '2020-11-30 13:47:09'),
	(90, '16068343565fc658b49fbaa.png', 320, '2020-12-01 10:52:36', '2020-12-01 10:52:36'),
	(91, '16068343565fc658b4cb5b4.jpeg', 321, '2020-12-01 10:52:36', '2020-12-01 10:52:36'),
	(92, '16068344835fc6593349dad.png', 323, '2020-12-01 10:54:43', '2020-12-01 10:54:43'),
	(93, '16068344835fc65933534d7.jpeg', 323, '2020-12-01 10:54:43', '2020-12-01 10:54:43'),
	(94, '16068344835fc6593356261.jpeg', 324, '2020-12-01 10:54:43', '2020-12-01 10:54:43'),
	(95, '16068345775fc65991e7016.jpeg', 326, '2020-12-01 10:56:17', '2020-12-01 10:56:17'),
	(96, '16069430565fc80150e6569.jpeg', 336, '2020-12-02 17:04:17', '2020-12-02 17:04:17'),
	(97, '16070917115fca45ff128ee.jpeg', 347, '2020-12-04 10:21:51', '2020-12-04 10:21:51'),
	(98, '16070917115fca45ff1c5ea.jpeg', 348, '2020-12-04 10:21:51', '2020-12-04 10:21:51'),
	(99, '16070917115fca45ff25707.jpeg', 349, '2020-12-04 10:21:51', '2020-12-04 10:21:51'),
	(100, '16073544465fce484e991bd.jpeg', 353, '2020-12-07 11:20:46', '2020-12-07 11:20:46'),
	(101, '16073544465fce484ea452f.jpeg', 354, '2020-12-07 11:20:46', '2020-12-07 11:20:46'),
	(102, '16073544465fce484eab514.jpeg', 355, '2020-12-07 11:20:46', '2020-12-07 11:20:46'),
	(103, '16073544465fce484eaf629.jpeg', 356, '2020-12-07 11:20:46', '2020-12-07 11:20:46'),
	(104, '16073544465fce484ebd1a1.jpeg', 356, '2020-12-07 11:20:46', '2020-12-07 11:20:46'),
	(105, '16074339155fcf7ebb72f45.jpeg', 364, '2020-12-08 09:25:15', '2020-12-08 09:25:15'),
	(106, '16074339155fcf7ebb7ed58.jpeg', 365, '2020-12-08 09:25:15', '2020-12-08 09:25:15'),
	(107, '16074339155fcf7ebb8554e.jpeg', 366, '2020-12-08 09:25:15', '2020-12-08 09:25:15'),
	(108, '16074339155fcf7ebb87d46.jpeg', 367, '2020-12-08 09:25:15', '2020-12-08 09:25:15'),
	(109, '16074339155fcf7ebb90f8e.jpeg', 367, '2020-12-08 09:25:15', '2020-12-08 09:25:15'),
	(110, '16075237175fd0dd851e74b.jpeg', 376, '2020-12-09 10:21:57', '2020-12-09 10:21:57'),
	(111, '16075464395fd136478900c.jpeg', 378, '2020-12-09 16:40:39', '2020-12-09 16:40:39'),
	(112, '16075464395fd1364790975.jpeg', 379, '2020-12-09 16:40:39', '2020-12-09 16:40:39'),
	(113, '16075464395fd136479751b.jpeg', 380, '2020-12-09 16:40:39', '2020-12-09 16:40:39'),
	(114, '16075464395fd136479c56e.jpeg', 381, '2020-12-09 16:40:39', '2020-12-09 16:40:39'),
	(115, '16076127985fd2397e6f47c.jpeg', 385, '2020-12-10 11:06:38', '2020-12-10 11:06:38'),
	(116, '16076330045fd2886c8360e.jpeg', 412, '2020-12-10 16:43:24', '2020-12-10 16:43:24'),
	(117, '16076330445fd28894d346d.jpeg', 414, '2020-12-10 16:44:04', '2020-12-10 16:44:04'),
	(118, '16076330445fd28894d7553.jpeg', 415, '2020-12-10 16:44:04', '2020-12-10 16:44:04'),
	(119, '16076331165fd288dca32b9.jpeg', 416, '2020-12-10 16:45:16', '2020-12-10 16:45:16'),
	(120, '16076331165fd288dca7738.jpeg', 417, '2020-12-10 16:45:16', '2020-12-10 16:45:16'),
	(121, '16079544085fd76fe816ed2.jpeg', 421, '2020-12-14 10:00:08', '2020-12-14 10:00:08'),
	(122, '16080775595fd950f77fab9.jpeg', 422, '2020-12-15 20:12:39', '2020-12-15 20:12:39'),
	(123, '16080776745fd9516a630b6.jpeg', 423, '2020-12-15 20:14:34', '2020-12-15 20:14:34'),
	(124, '16081252625fda0b4eb7249.jpeg', 425, '2020-12-16 09:27:42', '2020-12-16 09:27:42'),
	(125, '16081318945fda25366ce5b.jpeg', 426, '2020-12-16 11:18:14', '2020-12-16 11:18:14'),
	(126, '16081521295fda7441d2322.jpeg', 428, '2020-12-16 16:55:31', '2020-12-16 16:55:31'),
	(127, '16081521315fda7443aeb94.jpeg', 429, '2020-12-16 16:55:32', '2020-12-16 16:55:32'),
	(128, '16081521325fda74449ef30.jpeg', 430, '2020-12-16 16:55:33', '2020-12-16 16:55:33'),
	(129, '16081521335fda7445adb39.jpeg', 431, '2020-12-16 16:55:34', '2020-12-16 16:55:34'),
	(130, '16083020035fdcbdb34999e.jpeg', 438, '2020-12-18 10:33:23', '2020-12-18 10:33:23'),
	(131, '16085840535fe10b753523e.jpeg', 446, '2020-12-21 16:54:13', '2020-12-21 16:54:13'),
	(132, '16085841105fe10bae4f310.jpeg', 447, '2020-12-21 16:55:10', '2020-12-21 16:55:10'),
	(133, '16085841105fe10bae545ef.jpeg', 447, '2020-12-21 16:55:10', '2020-12-21 16:55:10'),
	(134, '16087348275fe3586b6e31c.jpeg', 461, '2020-12-23 10:47:07', '2020-12-23 10:47:07'),
	(135, '16093353795fec825313ecf.jpeg', 467, '2020-12-30 09:36:19', '2020-12-30 09:36:19'),
	(136, '16094276195fedeaa357087.jpeg', 468, '2020-12-31 11:13:39', '2020-12-31 11:13:39'),
	(137, '16094295915fedf257211f7.jpeg', 469, '2020-12-31 11:46:31', '2020-12-31 11:46:31'),
	(138, '16099658465ff62116ef7ad.jpeg', 496, '2021-01-06 16:44:07', '2021-01-06 16:44:07'),
	(139, '16099658475ff621170aab3.jpeg', 496, '2021-01-06 16:44:07', '2021-01-06 16:44:07'),
	(140, '1611080893600724bd030f9.jpeg', 557, '2021-01-19 14:28:13', '2021-01-19 14:28:13'),
	(141, '161115829060085312c9021.jpeg', 561, '2021-01-20 11:58:10', '2021-01-20 11:58:10'),
	(142, '161115829060085312d31fd.jpeg', 562, '2021-01-20 11:58:10', '2021-01-20 11:58:10');
/*!40000 ALTER TABLE `images_products` ENABLE KEYS */;

-- Volcando estructura para tabla imagen.invoices
CREATE TABLE IF NOT EXISTS `invoices` (
  `id` int(10) unsigned NOT NULL AUTO_INCREMENT,
  `date` datetime NOT NULL,
  `number` varchar(50) NOT NULL,
  `control_code` varchar(14) NOT NULL,
  `total` decimal(14,2) unsigned NOT NULL,
  `nit_name` varchar(150) DEFAULT NULL,
  `nit` varchar(16) NOT NULL,
  `title` varchar(128) DEFAULT NULL,
  `footer` varchar(128) DEFAULT NULL,
  `oc` varchar(16) DEFAULT NULL,
  `hea` varchar(16) DEFAULT NULL,
  `details` varchar(512) DEFAULT NULL,
  `cancelled` tinyint(1) NOT NULL DEFAULT '0',
  `state_id` tinyint(1) unsigned NOT NULL DEFAULT '1',
  `license_id` int(10) unsigned NOT NULL,
  `customer_id` int(10) unsigned NOT NULL,
  `user_id` int(10) unsigned NOT NULL,
  `quotation_id` int(10) unsigned NOT NULL,
  `type` varchar(50) NOT NULL DEFAULT 'FACTURA',
  `closing_date` date DEFAULT NULL,
  `deleted_at` timestamp NULL DEFAULT NULL,
  `created_at` timestamp NULL DEFAULT NULL,
  `updated_at` timestamp NULL DEFAULT NULL,
  PRIMARY KEY (`id`),
  KEY `customer_id_foreign` (`customer_id`),
  KEY `license_id_foreign` (`license_id`),
  KEY `quotation_id_foreign` (`quotation_id`),
  KEY `user_id_foreign` (`user_id`),
  FULLTEXT KEY `number` (`number`),
  CONSTRAINT `customer_id_foreign` FOREIGN KEY (`customer_id`) REFERENCES `customers` (`id`),
  CONSTRAINT `license_id_foreign` FOREIGN KEY (`license_id`) REFERENCES `licenses` (`id`),
  CONSTRAINT `quotation_id_foreign` FOREIGN KEY (`quotation_id`) REFERENCES `quotations` (`id`),
  CONSTRAINT `user_id_foreign` FOREIGN KEY (`user_id`) REFERENCES `users` (`id`)
) ENGINE=InnoDB AUTO_INCREMENT=37 DEFAULT CHARSET=latin1;

-- Volcando datos para la tabla imagen.invoices: ~33 rows (aproximadamente)
/*!40000 ALTER TABLE `invoices` DISABLE KEYS */;
INSERT INTO `invoices` (`id`, `date`, `number`, `control_code`, `total`, `nit_name`, `nit`, `title`, `footer`, `oc`, `hea`, `details`, `cancelled`, `state_id`, `license_id`, `customer_id`, `user_id`, `quotation_id`, `type`, `closing_date`, `deleted_at`, `created_at`, `updated_at`) VALUES
	(1, '2020-12-10 11:18:28', '1', '4F-4D-11-04', 8120.00, NULL, '1023281020', 'Alquiler Publicitario, ubicado en la ciudad de', 'Correspondiente de 18/11/20 al 17/12/20', NULL, NULL, NULL, 0, 1, 2, 69, 2, 98, 'FACTURA', NULL, NULL, '2020-12-10 07:18:28', '2020-12-10 07:18:28'),
	(2, '2020-12-10 15:35:43', '2', '0E-33-DB-67-62', 13920.00, NULL, '344140025', 'Alquiler publicitario, ubicado  en la ciudad de', 'Correspondiente al  mes de Diciembre de 2020', NULL, NULL, NULL, 1, 1, 1, 70, 2, 99, 'FACTURA', '2021-01-05', NULL, '2020-12-10 11:35:43', '2021-01-05 12:32:24'),
	(3, '2020-12-10 15:42:56', '3', 'BB-4D-85-87-C0', 33640.00, NULL, '344140025', 'Alquiler publicitario, ubicado  en la ciudad de', 'Correspondiente al mes de Diciembre de 2020', NULL, NULL, NULL, 1, 1, 1, 70, 2, 100, 'FACTURA', '2021-01-05', NULL, '2020-12-10 11:42:56', '2021-01-05 12:30:54'),
	(4, '2020-12-10 15:49:32', '4', '4F-D2-A3-89', 20880.00, NULL, '344140025', 'Alquiler publicitario, ubicado  en la ciudad de', 'Correspondiente al mes de Diciembre de 2020', NULL, NULL, NULL, 1, 1, 1, 70, 2, 101, 'FACTURA', '2021-01-05', NULL, '2020-12-10 11:49:32', '2021-01-05 12:29:59'),
	(5, '2020-12-17 09:45:10', '5', '1B-CC-0D-8F', 11812.00, 'LOLA GROUP S.R.L.', '282584022', 'Alquiler Publicitario  en', 'Correspondiente del 2 de Diciembre 2020 al 2 de Enero 2021', NULL, NULL, NULL, 0, 1, 1, 46, 2, 74, 'FACTURA', NULL, NULL, '2020-12-17 05:45:10', '2020-12-17 05:45:10'),
	(6, '2020-12-17 12:04:21', '6', '5D-BC-95-26-A6', 7740.00, 'LOLA GROUP S.R.L.', '282584022', 'Alquiler Publicitario de ventanas trasera  de transporte público en', 'Correspondiente de 07 de diciembre 2020 al 07 de enero 2021', NULL, NULL, NULL, 0, 1, 1, 46, 2, 75, 'FACTURA', NULL, NULL, '2020-12-17 08:04:21', '2020-12-17 08:04:21'),
	(7, '2020-12-17 15:07:08', '7', '3D-2A-A2-18', 5550.00, 'LOLA GROUP S.R.L.', '282584022', 'Alquiler Publicitario de ventanas trasera de transporte público en', 'Correspondiente de 10 de diciembre de 2020 al 10  de enero de 2021', NULL, NULL, NULL, 0, 1, 1, 46, 2, 85, 'FACTURA', NULL, NULL, '2020-12-17 11:07:08', '2020-12-17 11:07:08'),
	(8, '2020-12-18 15:08:14', '8', '8E-20-0D-70', 5284.10, NULL, '247656026', 'Nueva Agencia Mutualista', 'Proporcional Western Union', NULL, NULL, NULL, 0, 1, 1, 12, 2, 6, 'FACTURA', NULL, NULL, '2020-12-18 11:08:14', '2020-12-18 11:08:14'),
	(9, '2020-12-18 15:47:20', '9', '35-B8-76-6A', 570.00, NULL, '247656026', 'Temporada de Premio', 'Proporcional Western Union', NULL, NULL, NULL, 0, 1, 1, 12, 2, 44, 'FACTURA', NULL, NULL, '2020-12-18 11:47:20', '2020-12-18 11:47:20'),
	(10, '2020-12-18 16:03:40', '10', 'A3-DC-3B-AC-13', 285.00, NULL, '247656026', 'Temporada de Premio', 'Proporcional Western Union', NULL, NULL, NULL, 0, 1, 1, 12, 2, 50, 'FACTURA', NULL, NULL, '2020-12-18 12:03:40', '2020-12-18 12:03:40'),
	(11, '2020-12-18 16:08:13', '11', '4B-D8-85-36-F1', 800.00, NULL, '247656026', 'Temporada de Premio', 'Proporcional Western Union', NULL, NULL, NULL, 0, 1, 1, 12, 2, 55, 'FACTURA', NULL, NULL, '2020-12-18 12:08:13', '2020-12-18 12:08:13'),
	(12, '2020-12-18 16:14:11', '12', 'F4-E5-DF-37', 362.00, NULL, '247656026', NULL, 'Proporcional Western Union', NULL, NULL, NULL, 0, 1, 1, 12, 2, 80, 'FACTURA', NULL, NULL, '2020-12-18 12:14:11', '2020-12-18 12:14:11'),
	(13, '2020-12-18 16:19:10', '13', '58-88-06-4E-93', 1243.00, NULL, '247656026', 'Campaña Navideña', 'Proporcional Western Union', NULL, NULL, NULL, 0, 1, 1, 12, 2, 96, 'FACTURA', NULL, NULL, '2020-12-18 12:19:10', '2020-12-18 12:19:10'),
	(14, '2020-12-18 16:24:32', '14', 'E0-7B-FE-F0', 120.00, NULL, '247656026', 'Lona para Roller', 'Proporcional Western Union', NULL, NULL, NULL, 0, 1, 1, 12, 2, 114, 'FACTURA', NULL, NULL, '2020-12-18 12:24:32', '2020-12-18 12:24:32'),
	(15, '2020-12-18 16:26:43', '15', '4D-3B-0E-B1', 140.00, NULL, '247656026', 'Impresión de adhesivo', 'Proporcional Western Union', NULL, NULL, NULL, 0, 1, 1, 12, 2, 115, 'FACTURA', NULL, NULL, '2020-12-18 12:26:43', '2020-12-18 12:26:43'),
	(16, '2020-12-18 16:29:51', '16', 'D5-8E-7B-46', 850.00, NULL, '247656026', 'Letreros', 'Proporcional Western Union', NULL, NULL, NULL, 0, 1, 1, 12, 2, 116, 'FACTURA', NULL, NULL, '2020-12-18 12:29:51', '2020-12-18 12:29:51'),
	(17, '2020-12-18 16:33:54', '17', 'AB-F1-AB-34-38', 142.50, NULL, '247656026', 'Impresión de Adhesivo', 'Proporcional Western Union', NULL, NULL, NULL, 0, 1, 1, 12, 2, 117, 'FACTURA', NULL, NULL, '2020-12-18 12:33:54', '2020-12-18 12:33:54'),
	(18, '2020-12-18 16:36:44', '18', '66-86-DF-AB-B9', 1050.00, NULL, '247656026', 'Afiches', 'Proporcional Western Union', NULL, NULL, NULL, 0, 1, 1, 12, 2, 118, 'FACTURA', NULL, NULL, '2020-12-18 12:36:44', '2020-12-18 12:36:44'),
	(19, '2020-12-21 14:10:58', '19', 'DB-8B-D6-BE', 109.98, 'Urbanización Bosques de la Colina', '392742029', 'Señaletica', NULL, NULL, NULL, NULL, 1, 1, 1, 22, 2, 109, 'FACTURA', '2021-01-05', NULL, '2020-12-21 10:10:58', '2021-01-05 12:44:07'),
	(20, '2020-12-22 10:01:53', '20', '7A-2D-12-C5', 9600.00, NULL, '1028695029', 'Alquiler Espacio Publicitario Ubicado en', 'Correspondiente de 05 de diciembre de 2020 al 05 de febrero de 2021', '4513756766', NULL, 'OC: 4513756766', 0, 1, 2, 28, 2, 59, 'FACTURA', '2021-01-04', NULL, '2020-12-22 06:01:53', '2021-01-04 08:13:22'),
	(21, '2020-12-22 10:44:58', '21', 'CE-EC-53-82', 720.00, 'Walter Paniagua', '4677234014', NULL, NULL, NULL, NULL, NULL, 0, 1, 1, 11, 2, 106, 'FACTURA', NULL, NULL, '2020-12-22 06:44:58', '2020-12-22 06:44:58'),
	(22, '2021-01-06 10:19:51', '22', 'CC-F0-9A-95', 200.00, NULL, '397209021', NULL, NULL, NULL, NULL, NULL, 1, 1, 1, 84, 2, 131, 'FACTURA', '2021-02-02', NULL, '2021-01-06 06:19:51', '2021-02-02 09:42:34'),
	(23, '2021-01-08 13:06:06', '23', '44-DC-45-DF-3F', 13920.00, NULL, '344140025', 'Alquiler Publicitario en la ciudad de', 'Correspondiente al mes de Enero 2021', NULL, NULL, NULL, 0, 1, 1, 70, 2, 139, 'FACTURA', NULL, NULL, '2021-01-08 09:06:06', '2021-01-08 09:06:06'),
	(24, '2021-01-08 13:12:56', '24', 'DB-32-C5-19', 20880.00, NULL, '344140025', 'Alquiler Publicitario en la ciudad de', 'Correspondiente al mes de Enero 2021', NULL, NULL, NULL, 0, 1, 1, 70, 2, 138, 'FACTURA', NULL, NULL, '2021-01-08 09:12:56', '2021-01-08 09:12:56'),
	(25, '2021-01-08 13:34:58', '25', '8E-7F-A2-AE-86', 33640.00, NULL, '344140025', 'Alquiler Publicitario en la ciudad de', 'Correspondiente al mes de Enero 2021', NULL, NULL, NULL, 0, 1, 2, 70, 6, 137, 'FACTURA', NULL, NULL, '2021-01-08 09:34:58', '2021-01-08 09:34:58'),
	(26, '2021-01-13 12:16:56', '26', '53-91-FC-82-2B', 24560.00, NULL, '1020233028', NULL, NULL, NULL, NULL, NULL, 1, 1, 2, 66, 6, 95, 'FACTURA', '2021-02-01', NULL, '2021-01-13 08:16:56', '2021-02-01 17:41:37'),
	(27, '2021-01-13 12:31:10', '27', 'E0-52-D5-11', 8120.00, NULL, '1023281020', 'Alquiler Publicitario ubicado en', 'Correspondiente de 18 diciembre de 2020 al 17 enero 2021', NULL, NULL, NULL, 1, 1, 1, 70, 6, 141, 'FACTURA', '2021-02-01', NULL, '2021-01-13 08:31:10', '2021-02-01 17:38:14'),
	(28, '2021-02-09 17:31:15', '28', '24-FB-36-9C-89', 11520.00, NULL, '7708590', NULL, NULL, NULL, NULL, NULL, 0, 1, 1, 83, 4, 132, 'FACTURA', NULL, NULL, '2021-02-09 17:31:15', '2021-02-09 17:31:15'),
	(29, '2021-02-09 17:36:34', '29', 'BD-9E-04-63', 4565.12, NULL, '7708590', NULL, NULL, NULL, NULL, NULL, 0, 1, 1, 83, 4, 140, 'FACTURA', NULL, NULL, '2021-02-09 17:36:34', '2021-02-09 17:36:34'),
	(30, '2021-02-09 17:37:30', '30', 'DC-10-DD-1B', 4860.00, NULL, '7708590', NULL, NULL, NULL, NULL, NULL, 0, 1, 1, 83, 4, 130, 'FACTURA', NULL, NULL, '2021-02-09 17:37:30', '2021-02-09 17:37:30'),
	(31, '2021-02-09 17:37:57', '31', '45-F5-35-0E', 6600.00, NULL, '1020233028', NULL, NULL, NULL, NULL, NULL, 0, 1, 1, 66, 4, 92, 'FACTURA', NULL, NULL, '2021-02-09 17:37:57', '2021-02-09 17:37:57'),
	(32, '2021-02-09 17:41:53', '32', '12-2C-01-F0-54', 225.00, NULL, '76878767', NULL, NULL, NULL, NULL, NULL, 0, 1, 1, 38, 4, 103, 'FACTURA', NULL, NULL, '2021-02-09 17:41:53', '2021-02-09 17:41:53'),
	(33, '2021-02-09 17:46:47', '33', '89-FE-05-91-EE', 1630.20, NULL, '173342029', NULL, NULL, NULL, NULL, NULL, 0, 1, 1, 36, 4, 54, 'FACTURA', NULL, NULL, '2021-02-09 17:46:47', '2021-02-09 17:46:47'),
	(34, '2021-02-25 10:31:23', '34', '01-70-62-36', 4400.00, NULL, '5956471', NULL, NULL, NULL, NULL, NULL, 0, 1, 1, 13, 4, 161, 'FACTURA', NULL, NULL, '2021-02-25 10:31:23', '2021-02-25 10:31:23'),
	(35, '2021-02-25 10:31:44', '35', 'BA-9D-DB-72-99', 1630.40, NULL, '5956471', NULL, NULL, NULL, NULL, NULL, 0, 1, 1, 13, 4, 160, 'FACTURA', NULL, NULL, '2021-02-25 10:31:44', '2021-02-25 10:31:44'),
	(36, '2021-02-25 10:34:59', '36', 'E0-AA-32-4B-9D', 50.00, NULL, '111111', NULL, NULL, NULL, NULL, NULL, 0, 1, 1, 87, 4, 145, 'FACTURA', NULL, NULL, '2021-02-25 10:34:59', '2021-02-25 10:34:59');
/*!40000 ALTER TABLE `invoices` ENABLE KEYS */;

-- Volcando estructura para tabla imagen.invoice_product
CREATE TABLE IF NOT EXISTS `invoice_product` (
  `id` int(10) unsigned NOT NULL AUTO_INCREMENT,
  `invoice_id` int(10) unsigned NOT NULL,
  `product_id` int(10) unsigned NOT NULL,
  `quantity` int(10) unsigned NOT NULL,
  `description` text NOT NULL,
  `price` decimal(14,2) unsigned NOT NULL,
  `subtotal` decimal(14,2) unsigned NOT NULL,
  PRIMARY KEY (`id`),
  KEY `invoice_products_invoice_id_foreign` (`invoice_id`),
  KEY `invoice_products_product_id_foreign` (`product_id`),
  CONSTRAINT `invoice_products_invoice_id_foreign` FOREIGN KEY (`invoice_id`) REFERENCES `invoices` (`id`) ON DELETE CASCADE ON UPDATE CASCADE,
  CONSTRAINT `invoice_products_product_id_foreign` FOREIGN KEY (`product_id`) REFERENCES `products` (`id`) ON DELETE CASCADE ON UPDATE CASCADE
) ENGINE=InnoDB AUTO_INCREMENT=90 DEFAULT CHARSET=latin1;

-- Volcando datos para la tabla imagen.invoice_product: ~86 rows (aproximadamente)
/*!40000 ALTER TABLE `invoice_product` DISABLE KEYS */;
INSERT INTO `invoice_product` (`id`, `invoice_id`, `product_id`, `quantity`, `description`, `price`, `subtotal`) VALUES
	(1, 1, 31, 1, 'Santa Cruz: Av. Cristo Redentor, entre 5to y 6to anillo cara "A" y "B".', 8120.00, 8120.00),
	(2, 2, 31, 1, 'Cochabamba: Av. Ayacucho esq. Aroma', 3480.00, 3480.00),
	(3, 2, 31, 1, 'Cochabamba:Av. Aeropuerto Jorge Wilterman', 3480.00, 3480.00),
	(4, 2, 31, 1, 'Cochabamba: Av. Galindo KM 3', 3480.00, 3480.00),
	(5, 2, 31, 1, 'Cochabamba: Puente  Killman Av. Ingavi', 3480.00, 3480.00),
	(6, 3, 31, 1, 'Santa Cruz : Av. El Trompillo cara "A"', 4205.00, 4205.00),
	(7, 3, 31, 1, 'Santa Cruz : Av. El Trompillo cara "B"', 4205.00, 4205.00),
	(8, 3, 31, 1, 'Santa Cruz : Av. San Martin 3er anillo', 4205.00, 4205.00),
	(9, 3, 31, 1, 'Santa Cruz : Av. Cristo Redentor cara "A"', 4205.00, 4205.00),
	(10, 3, 31, 1, 'Santa Cruz : Aeropuerto Viru Viru cara "A"', 4205.00, 4205.00),
	(11, 3, 31, 1, 'Santa Cruz : Aeropuerto  Viru Viru cara "B"', 4205.00, 4205.00),
	(12, 3, 31, 1, 'Santa Cruz : 4to anillo  y Radial 26', 4205.00, 4205.00),
	(13, 3, 31, 1, 'Santa Cruz : 2 do anillo y Paragua', 4205.00, 4205.00),
	(14, 4, 31, 1, 'La Paz : Av. Muñoz Reyes', 3480.00, 3480.00),
	(15, 4, 31, 1, 'La Paz : C. Juan Manuel Loza', 3480.00, 3480.00),
	(16, 4, 31, 1, 'La Paz : Av. Las Americas', 3480.00, 3480.00),
	(17, 4, 31, 1, 'La Paz : Aeropuerto el Alto', 3480.00, 3480.00),
	(18, 4, 31, 1, 'La Paz : Av. Eloy Salmon', 3480.00, 3480.00),
	(19, 4, 31, 1, 'La Paz : Av.Satelite', 3480.00, 3480.00),
	(20, 5, 31, 1, 'La Paz.Ubicada Av Kantutani Carril de subida, Tipo Valla 15x5 mts,Código LPZ-1.', 8437.00, 8437.00),
	(21, 5, 2, 1, 'Impresión: Lona 13 OZ   impreso a  720 DPIS más Instalación en Valla.', 3375.00, 3375.00),
	(22, 6, 31, 15, 'SANTA CRUZ: Caracteristica:Alquiler   de ventanas trasera de la linea de transporte de 15  micros para uso de Publicidad  por 30 dias.', 300.00, 4500.00),
	(23, 6, 6, 15, 'Caracteristica: instalación de adhesivo microperforado, con impresión a full color 1440 dep´s', 216.00, 3240.00),
	(24, 7, 31, 15, 'La Paz.Caracteristica: servicios de costo de alquiler de ventana trasera de 15 unidades de  minibuses  por 30 dias', 250.00, 3750.00),
	(25, 7, 6, 15, 'Caracteristica: impresión de adhesivo microperforado full color instalado en la parte trasera de cada  mini buses', 120.00, 1800.00),
	(26, 8, 19, 1, 'Letrero, estructura metálica, con lona impresa de 3.2x0.45 mtrs', 525.60, 525.60),
	(27, 8, 19, 1, 'Letrero, estructura metálica, con lona impresa de 3.94x0.47 mtrs', 675.91, 675.91),
	(28, 8, 19, 1, 'Letrero dos caras, estructura metálica y plancha, con lona impresa de 0.45x1 mtrs', 300.00, 300.00),
	(29, 8, 31, 5, 'Placa Publicitaria. Característica: foam 3 mm de espesor revestido con adhesivo impreso full color ambos lados con rieles de 0.60x0.40 cm.', 115.00, 575.00),
	(30, 8, 31, 1, 'Placa Publicitaria. Característica: foam 3 mm de espesor revestido con adhesivo impreso full color ambos lados con rieles de 3.60x0.95 mtrs.', 324.90, 324.90),
	(31, 8, 31, 3, 'Separador de Caja: Acrílico de 5 mm con perfil de aluminio, impresión ambos lados de 0.30x0.75 cm', 274.00, 822.00),
	(32, 8, 31, 4, 'Cenefas: foam de 3 mm revestido en adhesivo para numeración de caja de 0.90x0.20 cm.', 95.00, 380.00),
	(33, 8, 6, 1, 'Característica: adhesivo microperforado, impreso a full color de 2.11x2.03 mtrs.', 529.19, 529.19),
	(34, 8, 31, 5, 'Porta Afiches: acrílico de 3 mm con sujetadores de 0.43x0.63 cm.', 230.30, 1151.50),
	(35, 9, 13, 5, 'Placa Publicitaria: foam  de 3mm revestido en adhesivo  impreso ambos lados de 0.60x0.40 cm', 95.00, 475.00),
	(36, 9, 13, 1, 'Placa Publicitaria: foam  de 3mm revestido en adhesivo  impreso ambos lados de 0.40x0.50 cm', 95.00, 95.00),
	(37, 10, 13, 1, 'CIS  ESPRESS SUR: Placa Publicitaria   foam de 3 mm,revestido en adhesivo impreso full color de 0.60x0.39 cm.', 95.00, 95.00),
	(38, 10, 13, 1, 'CIS EXPRESS TORRICENTRO  Placa Publicitaria   foam de 3 mm,revestido en adhesivo impreso full color de 0.45x0.30 cm.', 95.00, 95.00),
	(39, 10, 13, 1, 'CIS EXPRESS CENTER Placa Publicitaria   foam de 3 mm,revestido en adhesivo impreso full color de 0.60x0.40 cm.', 95.00, 95.00),
	(40, 11, 31, 100, 'Papeleria: impresión  de  afiches  couche de 115 grs', 8.00, 800.00),
	(41, 12, 36, 1, 'Roller scren de 0.80 x 2 mtrs', 362.00, 362.00),
	(42, 13, 31, 70, 'Caracteristica: corte de acrilico de 3 mm   de forma circular  según solicitud del cliente serigrafiado un color, de 12 cm de diámetro.', 5.50, 385.00),
	(43, 13, 31, 60, 'Caracteristica: corte de acrilico de 3 mm   de forma circular  según solicitud del cliente serigrafiado un color de 10 cm. de diámetro.', 5.30, 318.00),
	(44, 13, 31, 60, 'Caracteristica: corte de acrilico de 3 mm   de forma circular  según solicitud del cliente serigrafiado un color, de 8 cm. de diámetro.', 4.50, 270.00),
	(45, 13, 31, 60, 'Caracteristica: corte de acrilico de 3 mm   de forma circular  según solicitud del cliente serigrafiado un color, de 8 cm de diámetro.', 4.50, 270.00),
	(46, 14, 1, 1, 'Caracteristica: Impresión de lona para roller', 120.00, 120.00),
	(47, 15, 5, 1, 'Característica: impresión de adhesivo de 2x0.30 mtrs.', 140.00, 140.00),
	(48, 16, 2, 1, 'Característica:Impresión más cambio de lona de letrero agencia Montero', 360.00, 360.00),
	(49, 16, 19, 1, 'Característica: Elaboración de letrero bastidor instalado en la estación de buses bimodal', 490.00, 490.00),
	(50, 17, 5, 1, 'Impresión de adhesivo de 1.50x 0.50 mts.', 142.50, 142.50),
	(51, 18, 31, 1, 'Característica: volantes  material 115 gr 2000 unidades.', 1050.00, 1050.00),
	(52, 19, 13, 1, 'Foam de 3mm de espesor, Revestido de adhesivo impreso a 1440 dpis, con 3M para pegado en Vidrio', 109.98, 109.98),
	(53, 20, 31, 2, 'Santa Cruz: Cambodromo y 5to  Anillo.', 3900.00, 7800.00),
	(54, 20, 31, 1, 'Impresión de lona 13 OZ,  1050 Protección UV y Anti hongos.', 1800.00, 1800.00),
	(55, 21, 31, 100, 'Llavero herramienta,  llavero multiuso, material, plástico, serigrafiado un color.                                                                      Arte :Refrigeración Paniagua   77352187', 7.20, 720.00),
	(56, 22, 31, 1, 'Edición de Logotipo, varios  formatos de logotipo para uso en redes y otros.', 200.00, 200.00),
	(57, 23, 31, 1, 'Cochabamba: Aeropuerto Jorge willsterman', 3480.00, 3480.00),
	(58, 23, 31, 1, 'Cochabamba:Av. Galindo km13', 3480.00, 3480.00),
	(59, 23, 31, 1, 'Cochabamba:Ayacucho esq.  Aroma', 3480.00, 3480.00),
	(60, 23, 31, 1, 'Cochabamba: Puente killman . Av ingavi', 3480.00, 3480.00),
	(61, 24, 31, 1, 'La Paz:Av. Muñoz Reyes', 3480.00, 3480.00),
	(62, 24, 31, 1, 'La Paz:C. Juan  Manuel Loza', 3480.00, 3480.00),
	(63, 24, 31, 1, 'La Paz: Av. Las Americas', 3480.00, 3480.00),
	(64, 24, 31, 1, 'La Paz:Aeropuerto El Alto', 3480.00, 3480.00),
	(65, 24, 31, 1, 'La Paz: Av. Eloy Salmon', 3480.00, 3480.00),
	(66, 24, 31, 1, 'La Paz: Av. Satélite', 3480.00, 3480.00),
	(67, 25, 31, 1, 'Santa Cruz: Av. Trompillo cara A', 4205.00, 4205.00),
	(68, 25, 31, 1, 'Santa Cruz: Av. Trompillo cara B', 4205.00, 4205.00),
	(69, 25, 31, 1, 'Santa Cruz: Av. San Martin 3er anillo', 4205.00, 4205.00),
	(70, 25, 31, 1, 'Santa Cruz: Aeropuerto Viru Viru cara A', 4205.00, 4205.00),
	(71, 25, 31, 1, 'Santa Cruz: Aeropuerto Viru Viru cara B', 4205.00, 4205.00),
	(72, 25, 31, 1, 'Santa Cruz:4to anillo radial 26', 4205.00, 4205.00),
	(73, 25, 31, 1, 'Santa Cruz: 2do anillo y Paragua', 4205.00, 4205.00),
	(74, 25, 31, 1, 'Santa Cruz: Av. Cristo redentor 2do anillo', 4205.00, 4205.00),
	(75, 26, 31, 2, 'Alquiler Publicitario, Ubicado en la av. San Martin frente al Hotel los Tajibos. Correspondiente de 11/12/20 al 10/02/20 (2 meses)', 8500.00, 17000.00),
	(76, 26, 2, 1, 'Lona de 13 Oz. Impresión a 720 dpi instalado en Valla', 2160.00, 2160.00),
	(77, 26, 2, 3, 'Impresión de lona a 1050 dpi, con instalación en vallas que indique el cliente. Costo de impresión mas instalación de vallas de tercero', 1800.00, 5400.00),
	(78, 27, 31, 1, 'Santa Cruz: Av. Cristo Redentor, entre 5to y 6to anillo cara "A" y "B".', 8120.00, 8120.00),
	(79, 28, 31, 2, 'Alquiler Publicitario en Santa Cruz Ubicación: Av Cristo Redentor Casi 2do Anillo Cara A( cod 41 scz)   por dos (2) meses', 4950.00, 9900.00),
	(80, 28, 31, 1, 'Impresión de lona de 13 OZ, a 720 de resolución  protección Uv y tratamiento antihongos.', 1620.00, 1620.00),
	(81, 29, 2, 2, 'Impresión de lona  con protección Uv y tratamiento antihongod  para valla', 1630.40, 3260.80),
	(82, 29, 2, 1, 'Impresión de lona  con protección Uv y tratamiento antihongod  para valla', 1304.32, 1304.32),
	(83, 30, 2, 3, 'Impresión de lona 13 Oz con protección UV y Antihongos+ Instalación en la ciudad de Santa Cruz', 1620.00, 4860.00),
	(84, 31, 2, 3, 'Caracteristica: Impresión  de lona a 1050 depi´s,  con instalación en vallas  que indique el cliente. Costo de impresión mas instalación de vallas de tercero  mtrs2 a Bs 55', 2200.00, 6600.00),
	(85, 32, 34, 500, 'Adhesivo mate impreso a 1440 dpis, ploteado de corte en contorno.', 0.45, 225.00),
	(86, 33, 1, 11, 'Característica: Impresión de lona, tipo banner acabado con tubo  en la parte superior e inferior  y pita para colgar', 148.20, 1630.20),
	(87, 34, 1, 2, 'holas', 2200.00, 4400.00),
	(88, 35, 2, 1, 'sdfsdfsdfsdf', 1630.40, 1630.40),
	(89, 36, 1, 1, 'impresión de lona: acabado tipo banner, con ojales en las esquinas', 50.00, 50.00);
/*!40000 ALTER TABLE `invoice_product` ENABLE KEYS */;

-- Volcando estructura para tabla imagen.licenses
CREATE TABLE IF NOT EXISTS `licenses` (
  `id` int(10) unsigned NOT NULL AUTO_INCREMENT,
  `nit` int(10) unsigned NOT NULL,
  `authorization` bigint(20) unsigned NOT NULL,
  `key` text NOT NULL,
  `starting_number` int(11) unsigned NOT NULL DEFAULT '1',
  `deadline` datetime NOT NULL,
  `activity` varchar(64) NOT NULL,
  `legend` varchar(200) NOT NULL,
  `status_date` tinyint(1) unsigned NOT NULL DEFAULT '1',
  `office_id` int(10) unsigned NOT NULL,
  `deleted_at` timestamp NULL DEFAULT NULL,
  `created_at` timestamp NULL DEFAULT NULL,
  `updated_at` timestamp NULL DEFAULT NULL,
  PRIMARY KEY (`id`),
  KEY `office_id_foreign` (`office_id`),
  CONSTRAINT `office_id_foreign` FOREIGN KEY (`office_id`) REFERENCES `offices` (`id`) ON DELETE CASCADE ON UPDATE CASCADE
) ENGINE=InnoDB AUTO_INCREMENT=3 DEFAULT CHARSET=latin1;

-- Volcando datos para la tabla imagen.licenses: ~2 rows (aproximadamente)
/*!40000 ALTER TABLE `licenses` DISABLE KEYS */;
INSERT INTO `licenses` (`id`, `nit`, `authorization`, `key`, `starting_number`, `deadline`, `activity`, `legend`, `status_date`, `office_id`, `deleted_at`, `created_at`, `updated_at`) VALUES
	(1, 164692025, 361401000148061, '28+Z]V5tswPg9i9b#FpLw+B9rA_PT*ZEKwhE5vA@V%VE[_U6G@Km98BLqV6K+HR8', 37, '2021-02-24 23:59:59', 'Publicidad', 'Ley Nº 453: Las publicaciones, mensajes e imágenes no deben deshonrar y atentar contra la dignidad e imagen de la mujer.', 1, 1, NULL, '2020-11-23 20:00:00', '2020-11-23 20:00:00'),
	(2, 164692025, 361401000148057, 'kS@muW6frq6]6X$={Dv[PGL*(C{H_H@@*E6\\bL9[3cb)quI9PBtKuz*7+7EPD{j-', 1, '2021-02-24 23:59:59', 'Publicidad', 'Ley Nº 453: Las publicaciones, mensajes e imágenes no deben deshonrar y atentar contra la dignidad e imagen de la mujer.', 1, 2, NULL, '2020-11-23 20:00:00', '2020-11-23 20:00:00');
/*!40000 ALTER TABLE `licenses` ENABLE KEYS */;

-- Volcando estructura para tabla imagen.materials
CREATE TABLE IF NOT EXISTS `materials` (
  `id` int(10) unsigned NOT NULL AUTO_INCREMENT,
  `name` varchar(64) COLLATE utf8mb4_unicode_ci NOT NULL,
  `unity` enum('amarro','barra','bolsa','caja','cajón','carga','dm³','fajo','fardo','g','galón','glb','ha','juego','kg','l','lata','lb','m','m²','m³','mm','perfil','pie','pie²','placa','plomo','pqte','pto','pza','resma','rollo','t','tubo','turril','unds') COLLATE utf8mb4_unicode_ci NOT NULL,
  `description` mediumtext COLLATE utf8mb4_unicode_ci,
  `deleted_at` timestamp NULL DEFAULT NULL,
  `created_at` timestamp NULL DEFAULT NULL,
  `updated_at` timestamp NULL DEFAULT NULL,
  PRIMARY KEY (`id`),
  FULLTEXT KEY `name` (`name`)
) ENGINE=InnoDB AUTO_INCREMENT=64 DEFAULT CHARSET=utf8mb4 COLLATE=utf8mb4_unicode_ci;

-- Volcando datos para la tabla imagen.materials: ~63 rows (aproximadamente)
/*!40000 ALTER TABLE `materials` DISABLE KEYS */;
INSERT INTO `materials` (`id`, `name`, `unity`, `description`, `deleted_at`, `created_at`, `updated_at`) VALUES
	(1, 'Lona 12 OZ', 'pza', NULL, NULL, '2020-04-26 18:24:03', '2020-04-26 18:24:04'),
	(2, 'Tinta', 'pza', NULL, NULL, '2020-04-26 18:25:05', '2020-04-26 18:25:06'),
	(3, 'PVC', 'unds', NULL, NULL, '2020-04-26 18:25:36', '2020-04-26 18:25:37'),
	(4, 'Estilete', 'unds', NULL, NULL, '2020-04-26 18:25:54', '2020-04-26 18:25:54'),
	(5, 'Lona 13 OZ', 'pza', NULL, NULL, '2020-06-18 18:25:00', '2020-06-18 18:30:17'),
	(6, 'Tubo Berman 3/4', 'unds', NULL, NULL, '2020-06-18 18:31:29', '2020-06-18 18:31:29'),
	(7, 'Lona Backlight', 'pza', NULL, NULL, '2020-06-26 15:15:43', '2020-06-26 15:15:43'),
	(8, 'Clefa', 'unds', NULL, NULL, '2020-06-26 15:16:07', '2020-06-26 15:16:07'),
	(9, 'Remaches', 'unds', NULL, NULL, '2020-06-26 15:16:31', '2020-06-26 15:16:31'),
	(10, 'Adhesivo', 'pza', NULL, NULL, '2020-06-26 16:40:49', '2020-06-26 16:40:49'),
	(11, 'Agua y Shampoo', 'unds', NULL, NULL, '2020-06-26 16:43:22', '2020-06-26 16:43:22'),
	(12, 'Foam', 'pza', NULL, NULL, '2020-06-27 12:12:13', '2020-06-27 12:12:13'),
	(13, 'Doble Contacto', 'm', NULL, NULL, '2020-06-27 12:13:05', '2020-06-27 12:13:05'),
	(14, 'Corte', 'unds', NULL, NULL, '2020-06-27 12:13:37', '2020-06-27 12:13:37'),
	(15, 'Tubo de 6 Metros', 'pza', NULL, NULL, '2020-06-28 11:45:29', '2020-06-28 11:45:29'),
	(16, 'Electrodo', 'kg', NULL, NULL, '2020-06-28 11:45:57', '2020-06-28 11:45:57'),
	(17, 'Plancha 2x1', 'unds', NULL, NULL, '2020-06-28 11:46:15', '2020-06-28 11:46:15'),
	(18, 'Led', 'unds', NULL, NULL, '2020-06-28 11:47:25', '2020-06-28 11:47:25'),
	(19, 'Cables', 'unds', NULL, NULL, '2020-06-28 11:47:38', '2020-06-28 11:47:38'),
	(20, 'Pintura Acrílica', 'pza', NULL, NULL, '2020-06-28 12:49:04', '2020-06-28 12:49:04'),
	(21, 'Pintura Latex', 'pza', NULL, NULL, '2020-06-28 12:49:20', '2020-06-28 12:49:20'),
	(22, 'Viáticos', 'unds', NULL, NULL, '2020-06-28 12:49:51', '2020-06-28 12:49:51'),
	(23, 'Cemento', 'unds', NULL, NULL, '2020-06-28 12:50:12', '2020-06-28 12:50:12'),
	(24, 'Arenilla', 'unds', NULL, NULL, '2020-06-28 12:50:26', '2020-06-28 12:50:26'),
	(25, 'Acrilico', 'resma', NULL, NULL, '2020-07-02 11:35:12', '2020-07-02 11:35:12'),
	(26, 'Alocubon', 'placa', NULL, NULL, '2020-09-30 11:33:00', '2020-09-30 11:33:00'),
	(27, 'Embellesedores', 'unds', NULL, NULL, '2020-09-30 11:34:46', '2020-09-30 11:34:46'),
	(28, 'Tubo Galvanizado de 2 Pulgadas', 'barra', NULL, NULL, '2020-10-02 10:46:33', '2020-10-02 10:46:33'),
	(29, 'Lona Reflectiva', 'm²', NULL, NULL, '2020-10-02 10:47:14', '2020-10-28 12:59:36'),
	(30, 'Pernos de sujeción', 'unds', NULL, NULL, '2020-10-02 10:51:52', '2020-12-04 10:13:55'),
	(31, 'Fundente de acrilico', 'l', NULL, NULL, '2020-10-05 10:52:01', '2020-10-05 10:52:01'),
	(32, 'Tirafondos y tarugo', 'unds', NULL, NULL, '2020-10-05 10:53:05', '2020-10-05 10:53:05'),
	(33, 'Roller de aluminio de 0.80x2', 'unds', NULL, NULL, '2020-10-09 09:45:04', '2020-10-09 09:45:04'),
	(34, 'Trupan 3mm', 'pza', NULL, NULL, '2020-10-19 14:58:10', '2020-10-19 14:58:10'),
	(35, 'Trupan 6mm', 'pza', NULL, NULL, '2020-10-20 12:09:34', '2020-10-20 12:09:34'),
	(36, 'Trupan 9mm', 'pza', NULL, NULL, '2020-10-20 12:20:44', '2020-10-20 12:20:44'),
	(37, 'Lona Blockout', 'pza', NULL, NULL, '2020-10-28 13:00:18', '2020-10-28 13:00:18'),
	(38, 'Adhesivo Transfer', 'm', NULL, NULL, '2020-11-10 10:29:25', '2020-12-04 10:14:10'),
	(39, 'Tubo Galvanizado de 1 plg.', 'unds', NULL, NULL, '2020-11-11 11:33:11', '2020-12-04 10:14:19'),
	(40, 'Tubo Cuadrado de 20x20x0.90', 'barra', NULL, NULL, '2020-11-11 11:34:53', '2020-12-04 10:14:29'),
	(41, 'Adhesivo Reflectivo', 'm²', NULL, NULL, '2020-11-11 11:45:29', '2020-12-04 10:14:44'),
	(42, 'Roller de 0.80x2', 'unds', NULL, NULL, '2020-11-17 10:25:39', '2020-11-17 10:25:39'),
	(43, 'Roller de 1x2', 'unds', NULL, NULL, '2020-11-17 10:44:00', '2020-12-04 10:15:05'),
	(44, 'Roller de 1.50x2', 'unds', NULL, NULL, '2020-11-17 10:44:29', '2020-11-17 10:44:29'),
	(45, 'Mini Roller de 0.21x0.297', 'unds', NULL, NULL, '2020-11-17 10:45:13', '2020-12-04 10:14:56'),
	(46, 'Tecbond', 'pza', NULL, NULL, '2020-12-03 16:18:41', '2020-12-04 10:17:42'),
	(47, 'SILICONA', 'pza', NULL, NULL, '2020-12-03 16:29:02', '2020-12-03 16:29:02'),
	(48, 'MESA PROMOCIONAL', 'pza', NULL, NULL, '2020-12-03 23:27:48', '2020-12-03 23:27:48'),
	(49, 'ADHESIVO ESMERILADO', 'rollo', NULL, NULL, '2020-12-03 23:44:28', '2020-12-03 23:44:28'),
	(50, 'PLOTTER', 'pza', NULL, NULL, '2020-12-03 23:48:06', '2020-12-03 23:48:06'),
	(51, 'PERFIL DE ALUMINIO', 'tubo', NULL, NULL, '2020-12-04 10:14:25', '2020-12-04 10:14:25'),
	(52, 'TUBO CUADRADO DE 30 X 20 X 0,9 MM', 'tubo', NULL, NULL, '2020-12-04 11:10:42', '2020-12-04 11:10:42'),
	(53, 'SINTRA 3MM', 'pza', NULL, NULL, '2020-12-05 10:30:34', '2020-12-05 10:30:34'),
	(54, 'SINTRA 5MM', 'pza', NULL, NULL, '2020-12-05 10:38:04', '2020-12-05 10:38:04'),
	(55, 'BANNER ARAÑA', 'pza', NULL, NULL, '2020-12-07 09:04:27', '2020-12-07 09:04:27'),
	(56, 'BANNER EN L', 'pza', NULL, NULL, '2020-12-07 09:10:21', '2020-12-07 09:10:21'),
	(57, 'BACKING ARAÑA', 'pza', NULL, NULL, '2020-12-07 10:03:01', '2020-12-07 10:03:01'),
	(58, 'PLACA FUNDIDA', 'pza', NULL, NULL, '2020-12-07 10:49:03', '2020-12-07 10:49:03'),
	(59, 'PINTADO', 'pza', NULL, NULL, '2020-12-07 15:11:58', '2020-12-07 15:11:58'),
	(60, 'BOLÍGRAFO IMANTADO', 'unds', NULL, NULL, '2020-12-08 08:50:45', '2020-12-08 08:50:45'),
	(61, 'SERIGRAFIADO', 'pza', NULL, NULL, '2020-12-08 08:51:38', '2020-12-08 08:51:38'),
	(62, 'Tubo cuadrado de 40x40x0.90', 'barra', NULL, NULL, '2020-12-16 09:10:22', '2020-12-16 09:10:22'),
	(63, 'Impresión', 'm²', NULL, NULL, '2021-01-14 15:52:57', '2021-01-14 15:52:57');
/*!40000 ALTER TABLE `materials` ENABLE KEYS */;

-- Volcando estructura para tabla imagen.material_types
CREATE TABLE IF NOT EXISTS `material_types` (
  `id` int(10) unsigned NOT NULL AUTO_INCREMENT,
  `name` varchar(60) COLLATE utf8mb4_unicode_ci NOT NULL,
  `description` mediumtext COLLATE utf8mb4_unicode_ci,
  `deleted_at` timestamp NULL DEFAULT NULL,
  `created_at` timestamp NULL DEFAULT NULL,
  `updated_at` timestamp NULL DEFAULT NULL,
  PRIMARY KEY (`id`)
) ENGINE=InnoDB DEFAULT CHARSET=utf8mb4 COLLATE=utf8mb4_unicode_ci;

-- Volcando datos para la tabla imagen.material_types: ~0 rows (aproximadamente)
/*!40000 ALTER TABLE `material_types` DISABLE KEYS */;
/*!40000 ALTER TABLE `material_types` ENABLE KEYS */;

-- Volcando estructura para tabla imagen.migrations
CREATE TABLE IF NOT EXISTS `migrations` (
  `id` int(10) unsigned NOT NULL AUTO_INCREMENT,
  `migration` varchar(255) COLLATE utf8mb4_unicode_ci NOT NULL,
  `batch` int(11) NOT NULL,
  PRIMARY KEY (`id`)
) ENGINE=InnoDB AUTO_INCREMENT=24 DEFAULT CHARSET=utf8mb4 COLLATE=utf8mb4_unicode_ci;

-- Volcando datos para la tabla imagen.migrations: ~23 rows (aproximadamente)
/*!40000 ALTER TABLE `migrations` DISABLE KEYS */;
INSERT INTO `migrations` (`id`, `migration`, `batch`) VALUES
	(1, '2014_10_12_000000_create_users_table', 1),
	(2, '2014_10_12_100000_create_password_resets_table', 1),
	(3, '2016_06_01_000001_create_oauth_auth_codes_table', 1),
	(4, '2016_06_01_000002_create_oauth_access_tokens_table', 1),
	(5, '2016_06_01_000003_create_oauth_refresh_tokens_table', 1),
	(6, '2016_06_01_000004_create_oauth_clients_table', 1),
	(7, '2016_06_01_000005_create_oauth_personal_access_clients_table', 1),
	(8, '2019_12_18_145224_create_cities_table', 1),
	(9, '2019_12_18_222400_create_people_table', 1),
	(10, '2019_12_18_222401_create_material_types_table', 1),
	(11, '2019_12_18_222402_create_materials_table', 1),
	(12, '2019_12_18_222403_create_customers_table', 1),
	(13, '2019_12_18_222404_create_supliers_table', 1),
	(14, '2019_12_18_222405_create_warehouses_table', 1),
	(15, '2019_12_18_222406_create_entries_table', 1),
	(16, '2019_12_18_222407_create_outputs_table', 1),
	(17, '2019_12_18_222408_create_entry_material_table', 1),
	(18, '2019_12_18_222409_create_output_material_table', 1),
	(19, '2019_12_18_222410_create_states_table', 1),
	(20, '2019_12_18_222411_create_quotations_table', 1),
	(21, '2019_12_18_222412_create_categories_table', 1),
	(22, '2019_12_18_222413_create_products_table', 1),
	(23, '2019_12_18_222414_create_product_quotation_table', 1);
/*!40000 ALTER TABLE `migrations` ENABLE KEYS */;

-- Volcando estructura para tabla imagen.notes
CREATE TABLE IF NOT EXISTS `notes` (
  `id` int(10) unsigned NOT NULL AUTO_INCREMENT,
  `number` varchar(50) NOT NULL,
  `date` datetime NOT NULL,
  `total` decimal(14,2) unsigned NOT NULL,
  `discount` decimal(14,2) unsigned NOT NULL,
  `nit` varchar(16) DEFAULT NULL,
  `cancelled` tinyint(1) NOT NULL DEFAULT '0',
  `voucher_id` int(10) unsigned NOT NULL,
  `customer_id` int(10) unsigned NOT NULL,
  `user_id` int(10) unsigned NOT NULL,
  `quotation_id` int(10) unsigned NOT NULL,
  `type` varchar(50) NOT NULL DEFAULT 'N.REMISION',
  `closing_date` date DEFAULT NULL,
  `created_at` timestamp NULL DEFAULT NULL,
  `updated_at` timestamp NULL DEFAULT NULL,
  `deleted_at` timestamp NULL DEFAULT NULL,
  PRIMARY KEY (`id`),
  KEY `notes_customer_id_foreign` (`customer_id`),
  KEY `notes_user_id_foreign` (`user_id`),
  KEY `notes_quotation_id_foreign` (`quotation_id`),
  KEY `notes_voucher_id_foreign` (`voucher_id`),
  FULLTEXT KEY `number` (`number`),
  CONSTRAINT `notes_customer_id_foreign` FOREIGN KEY (`customer_id`) REFERENCES `customers` (`id`),
  CONSTRAINT `notes_quotation_id_foreign` FOREIGN KEY (`quotation_id`) REFERENCES `quotations` (`id`),
  CONSTRAINT `notes_user_id_foreign` FOREIGN KEY (`user_id`) REFERENCES `users` (`id`),
  CONSTRAINT `notes_voucher_id_foreign` FOREIGN KEY (`voucher_id`) REFERENCES `vouchers` (`id`)
) ENGINE=InnoDB AUTO_INCREMENT=10 DEFAULT CHARSET=latin1;

-- Volcando datos para la tabla imagen.notes: ~6 rows (aproximadamente)
/*!40000 ALTER TABLE `notes` DISABLE KEYS */;
INSERT INTO `notes` (`id`, `number`, `date`, `total`, `discount`, `nit`, `cancelled`, `voucher_id`, `customer_id`, `user_id`, `quotation_id`, `type`, `closing_date`, `created_at`, `updated_at`, `deleted_at`) VALUES
	(1, '1', '2021-01-05 12:23:03', 75.00, 0.00, '348410028', 1, 1, 65, 2, 87, 'N.REMISION', '2021-01-05', '2021-01-05 08:23:03', '2021-01-05 12:43:34', NULL),
	(2, '2', '2021-01-05 12:30:26', 255.00, 0.00, '000000000', 1, 1, 40, 2, 62, 'N.REMISION', '2021-01-05', '2021-01-05 08:30:26', '2021-01-05 12:41:23', NULL),
	(3, '3', '2021-02-05 12:42:03', 250.00, 0.00, '1111111', 1, 1, 34, 2, 45, 'N.REMISION', '2021-01-05', '2021-01-05 08:42:03', '2021-01-05 12:39:34', NULL),
	(4, '4', '2021-01-05 12:44:58', 3698.20, 0.00, 'GO CREAM', 1, 1, 31, 6, 40, 'N.REMISION', '2021-01-05', '2021-01-05 08:44:58', '2021-01-05 12:35:04', NULL),
	(5, '5', '2021-01-05 16:14:25', 160.00, 0.00, '5838764', 1, 1, 57, 6, 77, 'N.REMISION', '2021-01-05', '2021-01-05 12:14:25', '2021-01-05 12:32:45', NULL),
	(6, '6', '2021-01-06 09:50:44', 385.00, 0.00, '00000047', 0, 1, 59, 4, 79, 'N.REMISION', '2021-01-06', '2021-01-06 05:50:44', '2021-01-06 07:12:29', NULL),
	(7, '7', '2021-02-25 15:54:50', 1200.00, 1120.00, '348410028', 0, 1, 65, 4, 164, 'N.REMISION', NULL, '2021-02-25 15:54:50', '2021-02-25 15:54:50', NULL),
	(8, '8', '2021-02-25 16:20:32', 3800.00, 1250.00, '8914345', 0, 1, 64, 4, 162, 'N.REMISION', NULL, '2021-02-25 16:20:32', '2021-02-25 16:20:32', NULL),
	(9, '9', '2021-02-25 17:09:34', 3500.00, 1250.00, '72651903', 0, 1, 15, 4, 163, 'N.REMISION', NULL, '2021-02-25 17:09:34', '2021-02-25 17:09:34', NULL);
/*!40000 ALTER TABLE `notes` ENABLE KEYS */;

-- Volcando estructura para tabla imagen.note_product
CREATE TABLE IF NOT EXISTS `note_product` (
  `id` int(10) unsigned NOT NULL AUTO_INCREMENT,
  `note_id` int(10) unsigned NOT NULL,
  `product_id` int(10) unsigned NOT NULL,
  `quantity` int(10) unsigned NOT NULL,
  `description` text NOT NULL,
  `price` decimal(14,2) NOT NULL,
  `subtotal` decimal(14,2) NOT NULL,
  PRIMARY KEY (`id`),
  KEY `note_product_note_id_foreign` (`note_id`),
  KEY `note_product_product_id_foreign` (`product_id`),
  CONSTRAINT `note_product_note_id_foreign` FOREIGN KEY (`note_id`) REFERENCES `notes` (`id`) ON DELETE CASCADE ON UPDATE CASCADE,
  CONSTRAINT `note_product_product_id_foreign` FOREIGN KEY (`product_id`) REFERENCES `products` (`id`) ON DELETE CASCADE ON UPDATE CASCADE
) ENGINE=InnoDB AUTO_INCREMENT=17 DEFAULT CHARSET=latin1;

-- Volcando datos para la tabla imagen.note_product: ~12 rows (aproximadamente)
/*!40000 ALTER TABLE `note_product` DISABLE KEYS */;
INSERT INTO `note_product` (`id`, `note_id`, `product_id`, `quantity`, `description`, `price`, `subtotal`) VALUES
	(1, 1, 13, 2, 'Caracteristica:  señaletica  foam de 3 mm revestido en adhesivo impreso  full color', 30.00, 60.00),
	(2, 1, 31, 1, 'Costo adicional de entrega', 15.00, 15.00),
	(3, 2, 1, 2, 'Impresion de lona 1440 dpis. Sin terminación cortado con 5cm de borde blanco a los lados', 127.50, 255.00),
	(4, 3, 31, 1, 'Adhesivo Esmerilado. Características:  instalación de adhesivo esmerilado ploteado en vidrio', 250.00, 250.00),
	(5, 4, 10, 2, 'Laterales. Caracteristicas:  rotulado de vehiculo con adhesivo  3 M   maxima calidad, impreso full color.', 1332.50, 2665.00),
	(6, 4, 10, 1, 'Capo . Caracteristicas:  rotulado de vehiculo con adhesivo  3 M   maxima calidad, impreso full color.', 100.00, 100.00),
	(7, 4, 10, 2, 'Laterales Superiores.Caracteristicas:  rotulado de vehiculo con adhesivo  3 M   maxima calidad, impreso full color.', 25.00, 50.00),
	(8, 4, 10, 1, 'Parte Superior frente.Caracteristicas:  rotulado de vehiculo con adhesivo  3 M   maxima calidad, impreso full color.', 275.00, 275.00),
	(9, 4, 10, 1, 'Parte de atras.Caracteristicas:  rotulado de vehiculo con adhesivo  3 M   maxima calidad, impreso full color.', 507.50, 507.50),
	(10, 4, 6, 1, 'Caracteristicas instalación de adhesivo micoperforado  ventanas puertas traseras.', 100.70, 100.70),
	(11, 5, 1, 1, 'Impresión de lona . acabado banner con pita y tubo', 160.00, 160.00),
	(12, 6, 43, 2, 'Foam revestido de Adhesivo impreso a 1440 dpis, corte rectangular', 192.50, 385.00),
	(13, 7, 2, 1, 'asasasas', 2320.00, 2320.00),
	(14, 8, 1, 1, 'jajajajaj', 2200.00, 2200.00),
	(15, 8, 7, 1, 'jojojojoj', 2850.00, 2850.00),
	(16, 9, 7, 1, 'jajajajajaj', 4750.00, 4750.00);
/*!40000 ALTER TABLE `note_product` ENABLE KEYS */;

-- Volcando estructura para tabla imagen.oauth_access_tokens
CREATE TABLE IF NOT EXISTS `oauth_access_tokens` (
  `id` varchar(100) COLLATE utf8mb4_unicode_ci NOT NULL,
  `user_id` bigint(20) DEFAULT NULL,
  `client_id` int(10) unsigned NOT NULL,
  `name` varchar(255) COLLATE utf8mb4_unicode_ci DEFAULT NULL,
  `scopes` text COLLATE utf8mb4_unicode_ci,
  `revoked` tinyint(1) NOT NULL,
  `created_at` timestamp NULL DEFAULT NULL,
  `updated_at` timestamp NULL DEFAULT NULL,
  `expires_at` datetime DEFAULT NULL,
  PRIMARY KEY (`id`),
  KEY `oauth_access_tokens_user_id_index` (`user_id`)
) ENGINE=InnoDB DEFAULT CHARSET=utf8mb4 COLLATE=utf8mb4_unicode_ci;

-- Volcando datos para la tabla imagen.oauth_access_tokens: ~468 rows (aproximadamente)
/*!40000 ALTER TABLE `oauth_access_tokens` DISABLE KEYS */;
INSERT INTO `oauth_access_tokens` (`id`, `user_id`, `client_id`, `name`, `scopes`, `revoked`, `created_at`, `updated_at`, `expires_at`) VALUES
	('0057c98bd7c4e7c4a21eb70b29be9e41e4314d373f4eea771dd319e8195d4a7c78ffef62c537af4d', 1, 2, NULL, '[]', 1, '2020-02-19 16:15:41', '2020-02-19 16:15:41', '2021-02-19 20:15:41'),
	('008fe9ae54fdd61eb9bc12e459868cde229520d00e8f5ac4a7e3fc323a018fa35df5c56826c56310', 4, 2, NULL, '[]', 1, '2021-02-02 13:42:02', '2021-02-02 13:42:02', '2022-02-02 13:42:02'),
	('010dcdfa734e70e4ceed5e47a7c9f3774d59c7eb289812eb871713a7d85a1e1e4f0c51ba367491dc', 3, 2, NULL, '[]', 1, '2021-02-02 20:57:26', '2021-02-02 20:57:26', '2022-02-02 20:57:26'),
	('01eb50404cddcb1b3e8a5ee81356011fb99422f226d0043f55cc0ebb4d8f409d31f830325354221a', 1, 2, NULL, '[]', 0, '2020-06-17 16:21:03', '2020-06-17 16:21:03', '2020-06-17 20:24:02'),
	('02aa5dc2d48a823ae1c75d466f5bea1dae96296fa182e00e64d1237cb925a670aaad9a9047d997e9', 3, 2, NULL, '[]', 1, '2021-02-02 18:41:05', '2021-02-02 18:41:05', '2022-02-02 18:41:05'),
	('02cc8385515ad98dce2563dc7765c9218a1156fe4cdad9008f8dc503ab88069fcd32652376fb8c02', 8, 2, NULL, '[]', 0, '2020-12-03 15:22:51', '2020-12-03 15:22:51', '2021-12-03 19:22:51'),
	('030404b21519b213fd3e54e67b1bdf1eee3772e4c5954b9da6c3fe23ee6347239a732dd8f00696d7', 4, 2, NULL, '[]', 0, '2021-01-29 14:18:25', '2021-01-29 14:18:25', '2022-01-29 14:18:25'),
	('034c72d7bed5f44dc0b35f1456dd56afbb3762812e3e4a846cd1ec487bbb806c8eb0ef9e7988b9f3', 1, 2, NULL, '[]', 1, '2020-06-12 11:50:11', '2020-06-12 11:50:11', '2021-06-12 15:50:11'),
	('03d3c9d5ec24e40fd83da4018c9b62641f6cbc0ce5177c59fca990df26b468e857c92870f078c7c9', 10, 2, NULL, '[]', 0, '2020-12-15 13:06:20', '2020-12-15 13:06:20', '2021-12-15 17:06:20'),
	('0401f27e0369a349e1437125b7af1d2d09490f80af9343c689332880f78ffdb60d25b15b21453e25', 1, 2, NULL, '[]', 0, '2020-06-17 15:45:49', '2020-06-17 15:45:49', '2020-06-17 19:46:49'),
	('043f9e5d86a8cef088bb281adb9d51c4d5b835cc7079adcab562f17cd8ffa16d421486130e8f4811', 4, 2, NULL, '[]', 0, '2021-02-01 15:41:35', '2021-02-01 15:41:35', '2022-02-01 15:41:35'),
	('04a2fb547f08d77f3ab7c3f3fffe075a4c6e6d4e457255c1ab4d65ad1b149b118953754f1676fc2a', 1, 2, NULL, '[]', 1, '2020-09-07 10:38:06', '2020-09-07 10:38:06', '2021-09-07 14:38:06'),
	('04d255e7b5c60dc803af8b412f6cf09d16e96193516aabbcd86bfaef288971e7204df1dd0b8145f1', 4, 2, NULL, '[]', 0, '2021-02-03 21:34:44', '2021-02-03 21:34:44', '2022-02-03 21:34:44'),
	('06f68c0af95c1859a7cacfd1e5986554e375f3be79f7dd3398e89406d66ade7b999fca79c5ffc054', 3, 2, NULL, '[]', 1, '2021-02-03 21:28:35', '2021-02-03 21:28:35', '2022-02-03 21:28:35'),
	('0771b15b165c807b5b013a0f5b5edc3e1b8f7844e6b7332a67dc6f931a2044e6e6f025813be10f1f', 5, 2, NULL, '[]', 1, '2020-12-07 12:23:51', '2020-12-07 12:23:51', '2021-12-07 16:23:51'),
	('082f91e0d2ffa6b4c9969b5ace252db0aeccc4e45bf06e6e5761676b2c253547f3de54689bf7debc', 4, 2, NULL, '[]', 1, '2021-02-02 13:39:14', '2021-02-02 13:39:14', '2022-02-02 13:39:14'),
	('08384e0d8f8cc97a790db28b969648d033c7d469afa39bdbb79525f3326aff86e65f4322a95e5b84', 2, 2, NULL, '[]', 1, '2020-06-12 15:18:13', '2020-06-12 15:18:13', '2021-06-12 19:18:13'),
	('08cfa0fdb0833fdd4ed11ea216a68b8bf57ef7d12fc2110b0a4d7b6db7530669c0ca2021a696e8f0', 4, 2, NULL, '[]', 1, '2021-02-05 20:26:29', '2021-02-05 20:26:29', '2022-02-05 20:26:29'),
	('0a6b7fd839d49d772136e5501f4ad1432453ab9fa8ee791e73b30916ddd101545364f2ef11ecb149', 2, 2, NULL, '[]', 1, '2021-01-26 15:50:29', '2021-01-26 15:50:29', '2022-01-26 15:50:29'),
	('0b02fb486c882d456cb13a96a52af588f5c5516d67e2593a63ed96dfffcfbe8c4e6cf5b2cb6adcbc', 4, 2, NULL, '[]', 1, '2021-01-25 15:39:21', '2021-01-25 15:39:21', '2022-01-25 15:39:21'),
	('0b1076b224d5fdc2765cdba2b9fbe4f02002a7d7966ae1bd896da11adeb11e867ca5cb16facade90', 1, 2, NULL, '[]', 0, '2020-06-17 12:48:54', '2020-06-17 12:48:54', '2020-06-17 16:49:54'),
	('0b122bd0af746ba56868e72cbfcbd999180b7fe946f72ceadf74ce019634d1ca37a6d8e3a6cbf97f', 7, 2, NULL, '[]', 0, '2020-12-16 10:21:54', '2020-12-16 10:21:54', '2021-12-16 14:21:54'),
	('0b6a568c0735fd7ce68beb186e2cf02e7418692246a780e2d67438db2d596b578f80b37298544dca', 2, 2, NULL, '[]', 1, '2020-06-11 11:33:55', '2020-06-11 11:33:55', '2021-06-11 15:33:55'),
	('0c96b152b2fa6e7113c77504cb7f06854fd695c82d460defedf19e921d087949599761ed401d5958', 4, 2, NULL, '[]', 1, '2021-02-02 18:19:00', '2021-02-02 18:19:00', '2022-02-02 18:19:00'),
	('0cef49423f7f274aefe93c85c626626a13c7bb863d6c7f999e4f0b7537f29e50c8785e8cce61f05d', 6, 2, NULL, '[]', 1, '2021-02-01 21:40:39', '2021-02-01 21:40:39', '2022-02-01 21:40:39'),
	('0cffd2fd92e1aefe44463b5b60f0155dfaf39d6fbdce0e449455d1e3144070f81d4923ce57df3f45', 2, 2, NULL, '[]', 0, '2020-11-24 13:22:52', '2020-11-24 13:22:52', '2021-11-24 17:22:52'),
	('0e4bbab9a7114a37a1cc7dfccee92569a8e88f3dbba610292b8d508baab80667496725d1525cb3e6', 1, 2, NULL, '[]', 1, '2020-06-17 12:14:32', '2020-06-17 12:14:32', '2020-08-17 16:14:32'),
	('0e7b7e784b62250e63816566ea339dcb72ba27d0c8f0fd6d27b31b2730966d799c9c2f80b36d85e2', 4, 2, NULL, '[]', 0, '2020-12-15 15:11:33', '2020-12-15 15:11:33', '2021-12-15 19:11:33'),
	('0e9e3a40b3eabc2ef756855fea00388fbeaf2b653b156f22c7e227fcf48a024fa95182ca94aee42f', 6, 2, NULL, '[]', 1, '2020-10-20 13:54:37', '2020-10-20 13:54:37', '2021-10-20 17:54:37'),
	('0ebaa7d9b4d67df20f6572971738042ef45c2b3e0b3a67fb463f139054d79a0700bad6e457035192', 1, 2, NULL, '[]', 0, '2020-02-17 18:24:01', '2020-02-17 18:24:01', '2021-02-17 22:24:01'),
	('0ee2cfa1c08c0aa03f20ae02de94130599af16249fbb008080239974c8ef5f9cab5a9ff87b4a8b8e', 4, 2, NULL, '[]', 1, '2021-02-05 15:52:04', '2021-02-05 15:52:04', '2022-02-05 15:52:04'),
	('0eefa69966098f6ef0678171cff995049a30391cb5ac74ce416c82717c75a711755426ec34e16176', 6, 2, NULL, '[]', 0, '2020-12-16 16:28:55', '2020-12-16 16:28:55', '2021-12-16 20:28:55'),
	('0f122d22e0a8592bdc51c3b652a5d1b9da62dc8bb06fb7123f489be4a2cb9c9597f97ba3378c1271', 4, 2, NULL, '[]', 1, '2020-12-02 09:12:26', '2020-12-02 09:12:26', '2021-12-02 13:12:26'),
	('0fdb9789d9662bec0715f14c7d4218dce2a4f39d0b75619985e9ccee40db868918f378f652f45df9', 5, 2, NULL, '[]', 1, '2020-11-27 15:37:25', '2020-11-27 15:37:25', '2021-11-27 19:37:25'),
	('10262f9e3452153ce946a42f370a1f9d4d94b7b8f191aec8c413bc98f8dcbcbc09fdadbafad49dcd', 8, 2, NULL, '[]', 1, '2020-12-10 09:29:17', '2020-12-10 09:29:17', '2021-12-10 13:29:17'),
	('10dd418215a7175851fa320aee77246a7e099a000b42088ed016e37c1924a700e9b33f9f3ffcc003', 4, 2, NULL, '[]', 1, '2021-01-22 14:45:50', '2021-01-22 14:45:50', '2022-01-22 14:45:50'),
	('113c55900fa77886642e1dbae9564b346b4567a9607ebf80f94a5b911f0946990ccb935733335525', 3, 2, NULL, '[]', 1, '2021-02-02 21:19:24', '2021-02-02 21:19:24', '2022-02-02 21:19:24'),
	('1218aefe63cc2e37186fac8f972a8fb7e4f72cd0297a176f90586e542fa84c5e9726bd718aa1de13', 3, 2, NULL, '[]', 1, '2021-02-02 18:29:17', '2021-02-02 18:29:17', '2022-02-02 18:29:17'),
	('123fbedf294bdbb58d8796b7367b5e24107867ab8154913e635639b458d9f367b62a4b0141f4df5a', 2, 2, NULL, '[]', 1, '2020-11-27 10:06:31', '2020-11-27 10:06:31', '2021-11-27 14:06:31'),
	('128294223492ae90097be6906eec2bd4d697eef12867e168f0ae6320dd29718bacb5ceff4efba3ea', 1, 2, NULL, '[]', 0, '2020-02-19 16:11:13', '2020-02-19 16:11:13', '2021-02-19 20:11:13'),
	('12bc7c60fcf774d4685693ffb1ff4d2ac3cff7b2c587b34480d5e80ac240a759978c5ce16f8fbc9d', 1, 2, NULL, '[]', 1, '2020-06-11 01:02:39', '2020-06-11 01:02:39', '2021-06-11 05:02:39'),
	('1365ead4334a524841a3e9979bebb64a9e0e1641ac6719940d7f85d4ecdbe3f62260e04bc5738e9b', 11, 2, NULL, '[]', 1, '2020-11-27 09:28:32', '2020-11-27 09:28:32', '2021-11-27 13:28:32'),
	('1374ef6b99d22263f6ed03fd7ec04992dea746a9cf60e646b6d0ccd361f3a161732829dddf6b398c', 1, 2, NULL, '[]', 0, '2020-02-17 16:30:49', '2020-02-17 16:30:49', '2021-02-17 20:30:49'),
	('1395fa6ba5075359bade14376bf40708285ea72baa6766b962b090d98340a5ea5ad619df7f19ef4c', 5, 2, NULL, '[]', 1, '2020-07-02 10:38:13', '2020-07-02 10:38:13', '2021-07-02 14:38:13'),
	('1574ddbc9af5e469c32392256e36753bc38f43317f7617c7976dcf0cc2e7e87ae0d540b44fe26cbb', 4, 2, NULL, '[]', 1, '2020-11-25 10:43:43', '2020-11-25 10:43:43', '2021-11-25 14:43:43'),
	('162253aeb7eeed6308516cbcb4ea4d24dc370fb21a0abbcc4e770705727db60fda21fc09ab36d43b', 5, 2, NULL, '[]', 0, '2020-11-30 01:29:38', '2020-11-30 01:29:38', '2021-11-30 05:29:38'),
	('166a3f510480091e01d4f919c737d79acb99131f92632a969939e8235bb6b961e87ebec3205ae058', 2, 2, NULL, '[]', 1, '2020-06-11 10:21:46', '2020-06-11 10:21:46', '2021-06-11 14:21:46'),
	('16be76ff9dfea7c56c3ff41b8ac51f40e2596bd9f76bef295a5dbd6f56e35d0e62278a15d9174802', 3, 2, NULL, '[]', 1, '2021-02-05 17:39:05', '2021-02-05 17:39:05', '2022-02-05 17:39:05'),
	('18ed158ea32bea520f7554e25de30f4074e6e721b64b7762489b0e7105750957b26bc243807aad02', 6, 2, NULL, '[]', 1, '2021-02-04 21:26:16', '2021-02-04 21:26:16', '2022-02-04 21:26:16'),
	('190639646a6fae32531771d8516e6abbb8c03320b67147d34f1bae47b35c64f2b9876d64daf71178', 2, 2, NULL, '[]', 1, '2020-06-12 11:33:03', '2020-06-12 11:33:03', '2021-06-12 15:33:03'),
	('195dcbf22bbf920c6a7db3b147a970245760d8d0773305f6e1dd18c785845a132eaccff9c7c0fb8a', 13, 2, NULL, '[]', 0, '2020-12-16 11:59:01', '2020-12-16 11:59:01', '2021-12-16 15:59:01'),
	('199b79d6ce9eda2dbdeeeb7b2432ca89a0735049562088e5ddd2f38cd2eb814cb1004e0def45fbe9', 4, 2, NULL, '[]', 0, '2020-11-25 08:51:38', '2020-11-25 08:51:38', '2021-11-25 12:51:38'),
	('19cdbeda21146af1470adebfd7bf4820ea01d8b816a14004c7e4427685eeea30cb297ac255d0d2d4', 4, 2, NULL, '[]', 1, '2020-11-24 12:47:11', '2020-11-24 12:47:11', '2021-11-24 16:47:11'),
	('19ea510533c303acd371224050c1a20d7460394dd7f7c2e337fbd8fe699fd7267cb249a45e2e1d70', 5, 2, NULL, '[]', 0, '2020-12-16 12:18:13', '2020-12-16 12:18:13', '2021-12-16 16:18:13'),
	('1bb4691508d7d91cc9af0378db6d079d8d80caa7cd346a50f59e2ec50a9afde5bfc336fe6f953cd8', 6, 2, NULL, '[]', 1, '2021-02-25 18:29:07', '2021-02-25 18:29:07', '2022-02-25 18:29:07'),
	('1bbee458b807d882611818568cbf0a2e9c01dc96b84904eca22577fff9ec489349e58bcaf0c1b621', 1, 2, NULL, '[]', 1, '2020-06-13 17:13:02', '2020-06-13 17:13:02', '2021-06-13 21:13:02'),
	('1be735915bdc2b1da158888311ae050d299dff098a3fa3b3cd569ca7d9e6905ab8566464be6facc0', 1, 2, NULL, '[]', 0, '2020-02-14 08:55:01', '2020-02-14 08:55:01', '2021-02-14 12:55:01'),
	('1bf96bca0508c964fcb341cc6092320cf2d15863570f7f4c11283a291b273786f0e366641d2814ce', 6, 2, NULL, '[]', 0, '2020-12-16 15:27:00', '2020-12-16 15:27:00', '2021-12-16 19:27:00'),
	('1c3b3f4ba014ebca4a082e1b176b8ac161a19dcc801319ae5c104eb6428dd5766e9d801bdbc13766', 5, 2, NULL, '[]', 1, '2020-12-02 10:23:51', '2020-12-02 10:23:51', '2021-12-02 14:23:51'),
	('1c612a8e3a47b741c037fa8a7311c390676d70e7af5bb96ee8fd7ebc8bce54fa7c0335ec699d2fc3', 4, 2, NULL, '[]', 0, '2021-02-01 15:41:48', '2021-02-01 15:41:48', '2022-02-01 15:41:48'),
	('1d00179d210fb3ce73c899283a8ea5e6a2d7f78400e822994d3e3b8b6d3b83cd63a05dc1ef8fb182', 8, 2, NULL, '[]', 0, '2020-12-21 15:23:38', '2020-12-21 15:23:38', '2021-12-21 19:23:38'),
	('1d2d680d25296df05a427d9888fb141cc7947466443c49a14221f8d1de26e7c6eb5e4c53357268da', 4, 2, NULL, '[]', 1, '2021-02-05 20:19:40', '2021-02-05 20:19:40', '2022-02-05 20:19:40'),
	('1e7887e32995aa609387b7345d3987d453ef1c3cdf1d74e27b69cf45417d65d65f9cf02f5752d1a8', 4, 2, NULL, '[]', 1, '2021-02-02 21:10:34', '2021-02-02 21:10:34', '2022-02-02 21:10:34'),
	('1f8de072d20b2675db74cd95c01cdc51055456f1cbadd62d2c16d1d2bba61848bf8b890e8cbc1f68', 1, 2, NULL, '[]', 1, '2020-07-02 10:55:12', '2020-07-02 10:55:12', '2021-07-02 14:55:12'),
	('208afa868795b2b2add9dd17555bc0cbaf546671670b600ee038ad61d77568ebd4d9c4ff1e5851ec', 2, 2, NULL, '[]', 1, '2020-06-11 10:15:22', '2020-06-11 10:15:22', '2021-06-11 14:15:22'),
	('21682b01fa85b8e0c3f0559d0751dde36608af0e0cb612c1a806fe4bdc7f8576ab4563d4566f903e', 4, 2, NULL, '[]', 0, '2021-02-25 18:29:21', '2021-02-25 18:29:21', '2022-02-25 18:29:21'),
	('2177f009d3ddce934d7348f1c92ada8370077e43a27c810acc55ac5b5cb566753bd63501478d5b16', 2, 2, NULL, '[]', 1, '2020-06-17 15:45:32', '2020-06-17 15:45:32', '2020-06-17 19:46:29'),
	('21a3773365a20a746eb0371f9b9fae936af67a86356c2617ec82c4ce7e27bce5de3c590f459b3a23', 1, 2, NULL, '[]', 1, '2020-06-12 15:22:59', '2020-06-12 15:22:59', '2021-06-12 19:22:59'),
	('21a7e1acb60594ada855940aea22c3886ba69d9346605a0e02e368c188a5fdffec93079aa79b322e', 2, 2, NULL, '[]', 1, '2020-06-10 16:33:34', '2020-06-10 16:33:34', '2021-06-10 20:33:34'),
	('22233dc1b6f06bdb8f3f3fdc078d4fbc0665fcef1a7f2e4d64bc6cb227d1f99c601a5776c44b99be', 4, 2, NULL, '[]', 1, '2020-12-15 12:54:41', '2020-12-15 12:54:41', '2021-12-15 16:54:41'),
	('22d7715e74acf1bc803f576c5f81934114f98772143d25fad13ea34a2d1f26ec816c20bf48141e17', 1, 2, NULL, '[]', 1, '2020-06-12 16:38:25', '2020-06-12 16:38:25', '2021-06-12 20:38:25'),
	('23be2018d0b80ffb675a74c477045807e980c038d17054c9f49a646f93f48ec2033bbe4468cd4a04', 1, 2, NULL, '[]', 1, '2020-06-15 15:17:49', '2020-06-15 15:17:49', '2021-06-15 19:17:49'),
	('23be6135cba4d6277bd9cf5a2df31a4d5ca6d898a433dd31b84a774d8db6ac4e9d0e81743f5b5cb3', 2, 2, NULL, '[]', 1, '2020-06-12 16:39:27', '2020-06-12 16:39:27', '2021-06-12 20:39:27'),
	('2413d93b71c91d28aeb5eb5d712a8b00429b3f0d582f9d5dfba395b0e1672efa1dc5378e8ce6e264', 5, 2, NULL, '[]', 1, '2020-10-07 11:54:30', '2020-10-07 11:54:30', '2021-10-07 15:54:30'),
	('244a176ac34db371da07a74e1291894aaca18a013fc652d1f9fed37d5a48715ee27de57361e1e032', 11, 2, NULL, '[]', 1, '2020-12-02 09:17:07', '2020-12-02 09:17:07', '2021-12-02 13:17:07'),
	('262299fa06eef48a6691074d588b9a2e5d85e8fbcf7c1f7a535abcbdccbcbb495647baa61b898cee', 1, 2, NULL, '[]', 1, '2020-07-28 10:46:14', '2020-07-28 10:46:14', '2021-07-28 14:46:14'),
	('26412eeaabed8242e787dc8bc21196c25d4a5938af240f91fccd64d990770e72cc140505241c6c98', 1, 2, NULL, '[]', 1, '2020-06-10 16:45:38', '2020-06-10 16:45:38', '2021-06-10 20:45:38'),
	('265583638254f277232ee5b541598415f4876556a05908426d7247729a223f378e2b085f8801b8f5', 5, 2, NULL, '[]', 0, '2020-12-18 12:29:31', '2020-12-18 12:29:31', '2021-12-18 16:29:31'),
	('26efe9bc2beddedce91f18fd1098d8eabe9abb992b1e9ed46ecb7a3b043863348243369a1ee6b9e3', 1, 2, NULL, '[]', 0, '2020-02-17 09:37:56', '2020-02-17 09:37:56', '2021-02-17 13:37:56'),
	('27d360faae57c5796a1f2d47922e403879a295eb2f770858ddc95b39f9aac1063ba56cd0ab3d31b4', 2, 2, NULL, '[]', 1, '2020-06-17 11:34:32', '2020-06-17 11:34:32', '2021-06-17 15:34:32'),
	('284fd11ec2e9851d3c6ce320a889708d3fdd48cc500427738245220abf08107465d82ea147fc7799', 4, 2, NULL, '[]', 1, '2021-02-05 16:05:40', '2021-02-05 16:05:40', '2022-02-05 16:05:40'),
	('28660f5bb647cd7a4865d387073716238197e8577f5bf9abd5fea6dd26e34f5addd3bde4fa68a358', 7, 2, NULL, '[]', 0, '2021-01-15 10:20:43', '2021-01-15 10:20:43', '2022-01-15 14:20:43'),
	('28c24237b4d5c09efade1ad1c355d2e7305eba7215f512633f3a6bddfbf2cc23ae43849a70d9db5a', 5, 2, NULL, '[]', 0, '2020-10-27 23:01:10', '2020-10-27 23:01:10', '2021-10-28 03:01:10'),
	('2954c634fde559222910a11097b30391435de132d992456f2853b00718840f0ff7605bceb765075b', 2, 2, NULL, '[]', 1, '2020-06-15 18:39:11', '2020-06-15 18:39:11', '2021-06-15 22:39:11'),
	('2b26a2ed332ccc2e0991bb996dd662b98a2cc14cec96f24c9c94b3780700d975dc90f6b9a7ab7701', 3, 2, NULL, '[]', 1, '2020-09-23 08:55:02', '2020-09-23 08:55:02', '2021-09-23 12:55:02'),
	('2c04317e52a88343ed9b994019e8e90e1e9c5dd4a97f80e8c916c41a692c98ccca082ac03b0121ab', 4, 2, NULL, '[]', 1, '2020-12-03 15:44:24', '2020-12-03 15:44:24', '2021-12-03 19:44:24'),
	('2e06c0d61868cc7a4c1c4f0cdc75fb34d286ac35f1a9c305839eb37355185f408dc197b08532f362', 1, 2, NULL, '[]', 1, '2021-01-26 15:50:14', '2021-01-26 15:50:14', '2022-01-26 15:50:14'),
	('2e182d510cff6b39671beab2e65f4a27da037c860c8584bcdd3a4d18ac84f6c91ba79cfeb14b5127', 1, 2, NULL, '[]', 1, '2020-05-14 15:17:27', '2020-05-14 15:17:27', '2021-05-14 19:17:27'),
	('2ec40aab1fd88bc5c7faa227a794c02df00ce157160fcc0e6f207ba8e6316f790764060d7afb4fdb', 4, 2, NULL, '[]', 1, '2020-11-27 11:35:15', '2020-11-27 11:35:15', '2021-11-27 15:35:15'),
	('2efa7846f97a050f5c1342ef6718562428a87332aa912beb8ffcc78041d3cbb53a1b8686bf735a3a', 1, 2, NULL, '[]', 1, '2020-05-26 10:59:11', '2020-05-26 10:59:11', '2021-05-26 14:59:11'),
	('2f05bcb61c45dafd8233803f2ee2444c2a4b6d281e9f3e61a3b47b161fdd18fffdb7d289af097fcc', 11, 2, NULL, '[]', 1, '2021-01-26 15:51:50', '2021-01-26 15:51:50', '2022-01-26 15:51:50'),
	('2fa5131694584e2e9397c5e04b40f839a8aad897961a4f4ae6366b55de481999bf6d27e76e77563e', 2, 2, NULL, '[]', 0, '2020-11-24 14:09:50', '2020-11-24 14:09:50', '2021-11-24 18:09:50'),
	('304b49a282d7713e4b93d727cd1905ece98d5b065f354dd385f640e2b0a3a22d1bb98375826e0393', 7, 2, NULL, '[]', 1, '2021-02-05 13:44:33', '2021-02-05 13:44:33', '2022-02-05 13:44:33'),
	('3069ac77075600fe881b99423a70853d15dec1aaef426b0032757c5c17788c54bebcf7e332cbce93', 4, 2, NULL, '[]', 1, '2020-12-01 14:39:20', '2020-12-01 14:39:20', '2021-12-01 18:39:20'),
	('30ca54cd8d02d2b616a7602bab58fcb76612e2f1203fd9e47a166cf46f3f7c255a12e95366f0374f', 2, 2, NULL, '[]', 1, '2020-09-16 10:53:56', '2020-09-16 10:53:56', '2021-09-16 14:53:56'),
	('325e50b7a215aa28125053020ebf29304e7b5b27eda8ca473a92523253d43ec551e8c1093e2a478c', 4, 2, NULL, '[]', 1, '2020-11-27 09:31:22', '2020-11-27 09:31:22', '2021-11-27 13:31:22'),
	('3267a7f881ce45629c1ee881152b2d0b0f73111b0b66235157f4b49005abb88e1177aed64560b930', 1, 2, NULL, '[]', 0, '2020-03-27 11:10:37', '2020-03-27 11:10:37', '2021-03-27 15:10:37'),
	('332a2ceac9dc9f9d319c876f3d1aba0c60bd2355462d47c0d52a5b337408adbf62c969eb2ddcbea9', 2, 2, NULL, '[]', 1, '2020-06-15 15:14:57', '2020-06-15 15:14:57', '2021-06-15 19:14:57'),
	('33420c7f5fc1a3a87c07c82f6ece07d20c28e126ca2967074e2f703b6f541269f2853b6bc564da99', 1, 2, NULL, '[]', 1, '2020-09-04 13:57:26', '2020-09-04 13:57:26', '2021-09-04 17:57:26'),
	('338a8a928137ed8ae64d4375c3f5c2e4dc53b6a5d2026846e66f84b3d139e688046f333847a6e057', 13, 2, NULL, '[]', 1, '2020-12-14 11:21:34', '2020-12-14 11:21:34', '2021-12-14 15:21:34'),
	('342356e1680f5abf9e90fb4694c8c2f370d040d5c73f0d8ea801431d24ec0e0b2ab8d46c6833aaed', 4, 2, NULL, '[]', 1, '2021-02-04 20:58:22', '2021-02-04 20:58:22', '2022-02-04 20:58:22'),
	('35427952141f5fafb3b9b7d4e1c5aafc6bd0362179782871fe07976b93705208837a7e4bdeeb3c81', 1, 2, NULL, '[]', 1, '2020-09-25 09:55:50', '2020-09-25 09:55:50', '2021-09-25 13:55:50'),
	('354b30ca6e5952a135a3be9f0111f3a5040e37645b18b45efa3199d66c6a657c7f56a16968a82c0d', 4, 2, NULL, '[]', 1, '2020-10-14 13:06:00', '2020-10-14 13:06:00', '2021-10-14 17:06:00'),
	('356a1ddd4eeca3b4d0de1dc24695af96f42dcf5ce5552d6ac56238bfe235433d3badc612367ef402', 1, 2, NULL, '[]', 1, '2021-01-26 13:38:14', '2021-01-26 13:38:14', '2022-01-26 13:38:14'),
	('35b6d44244bbbd636481b6be6edf3563553c96163a5a11f3226db00a79de416a83ddde72eda0913b', 4, 2, NULL, '[]', 1, '2021-02-02 21:22:17', '2021-02-02 21:22:17', '2022-02-02 21:22:17'),
	('36181e18750ae7028893771a2cbcf2f08715cc10d208c215071bd5721b43496beca46cee8448ebd8', 1, 2, NULL, '[]', 0, '2020-06-07 09:26:50', '2020-06-07 09:26:50', '2021-06-07 13:26:50'),
	('37e93d397fd11114a85b069d82d111cdfa9eedc31e6804208a8263b3c077fad1737f1561bf35da92', 15, 2, NULL, '[]', 0, '2021-01-20 15:45:26', '2021-01-20 15:45:26', '2022-01-20 19:45:26'),
	('38d0d203739421f2da95327e84a9291bfafdc2e088bf9e77feaf81f8c2b1b36f739cb3dccc65b928', 4, 2, NULL, '[]', 0, '2020-11-27 09:34:48', '2020-11-27 09:34:48', '2021-11-27 13:34:48'),
	('3a26c02b6cd6038a76ba00967723a9bf0060838f8a1b755f91cc620cb45b2bb100ab3a1d19d2d314', 2, 2, NULL, '[]', 1, '2020-06-11 19:35:55', '2020-06-11 19:35:55', '2021-06-11 23:35:55'),
	('3a803c974599c3693c18737f685be31dca6988e75662db381d681feb946747fa4fbeb6bfd4f859c9', 2, 2, NULL, '[]', 1, '2020-06-12 15:23:32', '2020-06-12 15:23:32', '2021-06-12 19:23:32'),
	('3aae9a1269917377bcfb24a843cd7140ca37b7920474f9615d9b0ed7f462e6579e82c9a1abaa9293', 2, 2, NULL, '[]', 1, '2020-06-11 19:43:49', '2020-06-11 19:43:49', '2021-06-11 23:43:49'),
	('3b302616425c70a2151dbedfa23244e7c78241f6c360d711eb739f381f1991321ddea99dfebedb7b', 4, 2, NULL, '[]', 1, '2021-02-03 14:30:24', '2021-02-03 14:30:24', '2022-02-03 14:30:24'),
	('3b7d3d9960e1c1bf2efa736c731451d451c811db82e333f685facdadde414235035a56cf8b5ab34f', 11, 2, NULL, '[]', 1, '2021-02-05 15:54:17', '2021-02-05 15:54:17', '2022-02-05 15:54:17'),
	('3b9c78ae80740be6e94f1283e3188f7b565472ef6dc41a24be4f521d6f821a9eaa4f94cdefce4f7a', 1, 2, NULL, '[]', 0, '2020-05-13 20:25:52', '2020-05-13 20:25:52', '2021-05-14 00:25:52'),
	('3c0b4836396bcfaaf8604fd4de831c3a567c6ec017fcd511d41c7b3ab5b09da01a0cebc21826e6e5', 1, 2, NULL, '[]', 1, '2020-06-11 10:21:37', '2020-06-11 10:21:37', '2021-06-11 14:21:37'),
	('3c1968d9307685d9914e8e0dae9de619171b1d57b4117688e36ac560a0e694bf6e77c6bfa6e30238', 4, 2, NULL, '[]', 1, '2021-02-05 14:53:48', '2021-02-05 14:53:48', '2022-02-05 14:53:48'),
	('3c51740c257d4c8069a50230c0a96e4289dbe27b282592c01b9e7f64a05b1e27fca3217346b836ae', 4, 2, NULL, '[]', 0, '2021-01-21 21:04:20', '2021-01-21 21:04:20', '2022-01-21 21:04:20'),
	('3c77c8e13b85f37bcf1ae6e88961e228a597e65947a0f76b499e9dd4e6ab7282eded7ef2080f4bc6', 4, 2, NULL, '[]', 1, '2020-11-04 14:02:58', '2020-11-04 14:02:58', '2021-11-04 18:02:58'),
	('3c7cf9ae6844f0b0bad031ef9d18cbf71f38cd37b2bd5180c2240e4742bf4c8dfd6d3639ca3c4d35', 4, 2, NULL, '[]', 0, '2020-12-30 14:30:43', '2020-12-30 14:30:43', '2021-12-30 18:30:43'),
	('3db1f139cfebaa2f448a7d3f4af5e418b28d0ab18ff9cc0eae898f59b3f56eb2edd53cbfe27449ab', 3, 2, NULL, '[]', 1, '2021-02-05 20:16:21', '2021-02-05 20:16:21', '2022-02-05 20:16:21'),
	('3e0832a081f95493e2f6ffcd0f5f00ecb2df538de2201737839bcf43909fd814b45de4b404f54769', 1, 2, NULL, '[]', 0, '2020-11-18 12:30:05', '2020-11-18 12:30:05', '2021-11-18 16:30:05'),
	('3e6fc69a5f6dac13d7882fef7fe966182a98f7f9ea68be315cda00a368f0251dcd2e6850d697d80a', 4, 2, NULL, '[]', 1, '2021-02-02 14:54:14', '2021-02-02 14:54:14', '2022-02-02 14:54:14'),
	('3ed342bbbb5327216ebcb1619c7440c17d43539e26f28020dd34b54a0bd154dd2d86c922bd7ce4ff', 4, 2, NULL, '[]', 0, '2020-11-23 17:18:50', '2020-11-23 17:18:50', '2021-11-23 21:18:50'),
	('3fdce2d5b1df9ae40ba029acdde834d9c1d9556afdd387c3adea96e573d014064a3c16d9f07113d7', 6, 2, NULL, '[]', 0, '2020-07-02 11:08:31', '2020-07-02 11:08:31', '2021-07-02 15:08:31'),
	('3fe9e4ea9f912298052b613207bc9ebbc3ab2bfd86239f586285a6ed887a0c90d9a23ab8dd80c1a5', 2, 2, NULL, '[]', 1, '2020-06-15 16:37:06', '2020-06-15 16:37:06', '2021-06-15 20:37:06'),
	('41d061b58e52565a77f346a23155746441363dcc9634aa56b79075ec59028900b3cdfade318f95af', 2, 2, NULL, '[]', 1, '2020-06-15 15:43:54', '2020-06-15 15:43:54', '2021-06-15 19:43:54'),
	('428f1768190b35dfb9dfb66cdca888c01b6791df359a79f92047faeb2c890f4a5055e3d65f2bfdba', 1, 2, NULL, '[]', 0, '2020-05-15 10:47:04', '2020-05-15 10:47:04', '2021-05-15 14:47:04'),
	('42d3f975a19a7d5efac3f7b5114a1491b86086d08037031e04ffd4bfdd01d6751996b49fa157b7e7', 1, 2, NULL, '[]', 1, '2020-05-26 10:54:57', '2020-05-26 10:54:57', '2021-05-26 14:54:57'),
	('43d88aa7c209c368018664056006cbcec58ccc39ae035235cc2a6a5b128e6e5446502e2a634830f3', 2, 2, NULL, '[]', 1, '2021-02-05 14:54:22', '2021-02-05 14:54:22', '2022-02-05 14:54:22'),
	('447bec6fbb5094f1901959fec195c41716e13f01b651e76e30b61cb9b31a2323df6eeab259874bc4', 5, 2, NULL, '[]', 0, '2020-12-14 10:13:56', '2020-12-14 10:13:56', '2021-12-14 14:13:56'),
	('4493caebc9f6594cd705b45f778bc95df0e6ea2145ff408e88760f25a4f1164d924733fab722d388', 9, 2, NULL, '[]', 0, '2021-01-18 14:42:09', '2021-01-18 14:42:09', '2022-01-18 18:42:09'),
	('4535b8e16d4ee6abf36c98821451a1ae7d695ec8b3af7626d0e5d2855cb6941deb5081847cce32dd', 5, 2, NULL, '[]', 1, '2020-12-01 02:14:37', '2020-12-01 02:14:37', '2021-12-01 06:14:37'),
	('4711441955c41a0f5e7ca80379ee5bb2cfd92842d3700ebe31de2a34001c044be5b47666e44a550d', 1, 2, NULL, '[]', 1, '2020-05-26 10:58:40', '2020-05-26 10:58:40', '2021-05-26 14:58:40'),
	('47f3d62e2a227b37f181b6a882f76028ca4909944144033d9a9554f592cbb59ae67bfa0d365cb555', 7, 2, NULL, '[]', 1, '2020-10-28 14:42:36', '2020-10-28 14:42:36', '2021-10-28 18:42:36'),
	('4951bf9eaadd6b50196fc0818c603ca8bf23cc69476b602f3a2e3880b0365ef1feba507b67425bad', 1, 2, NULL, '[]', 0, '2020-02-17 18:30:28', '2020-02-17 18:30:28', '2021-02-17 22:30:28'),
	('49d19062908c9d8290ee9a5e39a2dc087c184ef5c14ebc3b1fb71a05da57334546de518f7291b2fe', 1, 2, NULL, '[]', 1, '2020-04-23 12:33:55', '2020-04-23 12:33:55', '2021-04-23 16:33:55'),
	('4a0e3b988ce627b2f2a899c36a5ebe6d5f28cae477e20eeb81e56b8a2608a39f6dd8bffacb4ec346', 6, 2, NULL, '[]', 1, '2021-02-01 21:27:48', '2021-02-01 21:27:48', '2022-02-01 21:27:48'),
	('4a69c1dc7029b2dbc97eebbe36f00b1c322c5deca22cf8d8b35c43b27c0e3d985017e94442b0c139', 4, 2, NULL, '[]', 1, '2021-02-01 21:25:19', '2021-02-01 21:25:19', '2022-02-01 21:25:19'),
	('4aaa4583903255c825a19b160c045b654532df66a3096611a8899255c5a11abb0a318a6ff6129e03', 4, 2, NULL, '[]', 0, '2020-11-24 12:29:16', '2020-11-24 12:29:16', '2021-11-24 16:29:16'),
	('4af1c7f0651f7dcd676123c4f1d0b9dd23293f85e244a4609b4cf2ea08fc331adbc1363775373061', 1, 2, NULL, '[]', 1, '2020-06-17 16:24:45', '2020-06-17 16:24:45', '2020-06-17 20:27:45'),
	('4af214e87c1acb491d59d48aa12d217825a99e5382113cff60a6e747e6b0313b1a7fcb72f144f76c', 3, 2, NULL, '[]', 0, '2020-09-21 10:03:40', '2020-09-21 10:03:40', '2021-09-21 14:03:40'),
	('4ba273ae4a351fb443f77691b5bdc92341ee587ceac3cb99e9a03420ee9c23cc9f53e1daa8211c6b', 1, 2, NULL, '[]', 1, '2020-09-04 13:56:32', '2020-09-04 13:56:32', '2021-09-04 17:56:32'),
	('4bd292617a49da71fa962f1f327d49c9a27374155e44168aa371faba6dfd3ca7ac0c625b6001c899', 8, 2, NULL, '[]', 0, '2020-12-02 12:19:12', '2020-12-02 12:19:12', '2021-12-02 16:19:12'),
	('4bdd36959732b002a27a4b20fd84431fdde88965e7329b1e3982c402b9f8ad4603de52f284ec9685', 4, 2, NULL, '[]', 1, '2021-02-01 20:37:58', '2021-02-01 20:37:58', '2022-02-01 20:37:58'),
	('4c14e0935bd117ee8de96916e484c2cbf3e931dd173bc286f5cb0dec9620f27d1e78d11c92305e3e', 4, 2, NULL, '[]', 0, '2021-02-01 15:41:00', '2021-02-01 15:41:00', '2022-02-01 15:41:00'),
	('4dc30e587551f10bcfc3960bc278a7e02d12a30d61b98b5a97f1b8707a4647c8747063fb5b30c17e', 2, 2, NULL, '[]', 1, '2020-06-13 10:13:15', '2020-06-13 10:13:15', '2021-06-13 14:13:15'),
	('4f74b5994a687e8e6cfc408ebdb1fb4cf1a4457dd80950e65bb353b5d7c289dea967429a168d60e5', 4, 2, NULL, '[]', 0, '2020-11-24 20:54:52', '2020-11-24 20:54:52', '2021-11-25 00:54:52'),
	('4f7acf1269c84b69c8bdaaeb93746a703a6409f88bad99f6371de66db11e3fd7b69fc039a645592a', 4, 2, NULL, '[]', 1, '2020-12-03 15:45:57', '2020-12-03 15:45:57', '2021-12-03 19:45:57'),
	('4fd7f7fe0d1f349d6b532fc1044977a8c5d4b0ee8497cacd8853e26a2b3dc0e5a7cc89d071924c9b', 9, 2, NULL, '[]', 0, '2020-12-03 10:05:50', '2020-12-03 10:05:50', '2021-12-03 14:05:50'),
	('4fe684e6ca88c870c0f08b4416b51ae8a8e4d54501e23d37b666f48d09b001843cae81aa040915cc', 3, 2, NULL, '[]', 0, '2020-11-11 10:38:16', '2020-11-11 10:38:16', '2021-11-11 14:38:16'),
	('506a045337c693f8b76febc15c7d7c4b738f981c3793045d5db71d89c56a4e1d4fbfeac4630a86e8', 1, 2, NULL, '[]', 1, '2020-06-26 11:59:35', '2020-06-26 11:59:35', '2021-06-26 15:59:35'),
	('5070783cee8ab4ea9865d626b112eef407f8b60912df0686baafd9e8b22085c1d7cf7af9ec11edbc', 4, 2, NULL, '[]', 1, '2021-02-05 17:43:57', '2021-02-05 17:43:57', '2022-02-05 17:43:57'),
	('50cdcd66007720a29c14b36c26cd2a2b58fb021f81d3ed15f52651a18075ef0eb87d907e0089dc18', 5, 2, NULL, '[]', 1, '2020-12-07 10:02:41', '2020-12-07 10:02:41', '2021-12-07 14:02:41'),
	('53871f0aa6ff6228c305281128fbe87cdafc3d9f463531babf06c40f75edf5b4abf22ab9faa3b407', 10, 2, NULL, '[]', 0, '2020-11-04 16:30:21', '2020-11-04 16:30:21', '2021-11-04 20:30:21'),
	('539f02fad9e409e3684baaa35e8bf6adf77e54e9076c0779e5eddd90b0f55a458ddebe8ae42a0209', 2, 2, NULL, '[]', 1, '2020-06-10 16:48:22', '2020-06-10 16:48:22', '2021-06-10 20:48:22'),
	('53dfdefa2e0fe15b2d3007c93eca73cd654908fe3c6559d5624cd72d4dd71cfbd9f62d1000c95519', 1, 2, NULL, '[]', 0, '2020-05-13 20:25:21', '2020-05-13 20:25:21', '2021-05-14 00:25:21'),
	('53e1907449fedaa2fe82ba8c047d208608fcddaf2912af159e71dd86f569b1486ad204841d94abc1', 2, 2, NULL, '[]', 1, '2020-06-13 21:53:12', '2020-06-13 21:53:12', '2021-06-14 01:53:12'),
	('541aa4eee5acbaec9dd381edeb7837e30bea1af8c0486285222108b8e90cf6dd2197c0c594c2bcd7', 2, 2, NULL, '[]', 1, '2020-06-15 18:32:19', '2020-06-15 18:32:19', '2021-06-15 22:32:19'),
	('5471512be041b9e5de33f24480e3c40a5a5e1074ce43f120fc701ac5e26cef3895089ad43d659d95', 1, 2, NULL, '[]', 1, '2020-06-11 10:16:01', '2020-06-11 10:16:01', '2021-06-11 14:16:01'),
	('547724d7c87ac93c359b9eb8b3fbc17c5ea8cba709be71e12189cff73d3d1e46288515f69551bddc', 3, 2, NULL, '[]', 1, '2021-02-02 18:18:47', '2021-02-02 18:18:47', '2022-02-02 18:18:47'),
	('54aae5c30a6324984e67575e3dcbf14b4362d572c1b5a5d4fd0a71049a7a7086300430e49231cf06', 2, 2, NULL, '[]', 1, '2021-01-25 21:15:42', '2021-01-25 21:15:42', '2022-01-25 21:15:42'),
	('54ee204621c63c050d1e24d903de42dbcd2080a30d35ee384c3d62429f5e4e6b419a9ec52704b15c', 4, 2, NULL, '[]', 1, '2021-02-03 20:55:01', '2021-02-03 20:55:01', '2022-02-03 20:55:01'),
	('557bb37b285053cbdbfd53728e5f03b4a275617389bd4205a2f31420ba2264001d4f8b170283cb47', 2, 2, NULL, '[]', 1, '2020-06-11 19:49:02', '2020-06-11 19:49:02', '2021-06-11 23:49:02'),
	('5595c76f3ab31e7bc3779c1230e31606f3cb3aefc56d27b33c9c15a0a0f47b3737fa295105485390', 5, 2, NULL, '[]', 0, '2020-10-03 12:44:33', '2020-10-03 12:44:33', '2021-10-03 16:44:33'),
	('55e8882e83bff2860862d6a0f137d73c2c8fe5e8ddc1ee4f87a33abc95b31dc472a27f7fd58f8660', 1, 2, NULL, '[]', 1, '2020-06-10 16:36:11', '2020-06-10 16:36:11', '2021-06-10 20:36:11'),
	('55e8bb5a63b5aa42179e35f77043b477904f51232c72c91819342c64489e6162ead4705dd260fddb', 2, 2, NULL, '[]', 0, '2020-12-16 14:22:04', '2020-12-16 14:22:04', '2021-12-16 18:22:04'),
	('5643581867e384e05b22c7d283f5d10531299ae29229140fb9306f1d4dd68bfa712b4e88d88f2605', 7, 2, NULL, '[]', 1, '2020-11-26 09:45:51', '2020-11-26 09:45:51', '2021-11-26 13:45:51'),
	('56a8bdbea04c3ec36fb5b8cf801d18068c67dda5bf3848229913500dcb21dca233e3a7eb1ed9ee5f', 7, 2, NULL, '[]', 0, '2020-12-15 13:48:25', '2020-12-15 13:48:25', '2021-12-15 17:48:25'),
	('56dad959fbc56d34ad60cd0d6afb60de3f84ab974ebe5d0b55ffe807cda1aa71a42518e49d0d8290', 6, 2, NULL, '[]', 1, '2021-02-02 13:39:39', '2021-02-02 13:39:39', '2022-02-02 13:39:39'),
	('57b1f01869068380f45cbb7ae93edbd0d96c73fb37794206f3b94930c2785726b621005e4ab7203f', 4, 2, NULL, '[]', 1, '2021-02-02 21:17:15', '2021-02-02 21:17:15', '2022-02-02 21:17:15'),
	('5881c5c2d53e46582c45d60d1b4925c362db27a0508c14aa193aa8629f2ea56ee6194ae8ec2d08ac', 4, 2, NULL, '[]', 1, '2021-02-02 21:02:41', '2021-02-02 21:02:41', '2022-02-02 21:02:41'),
	('5a128ad0603e5a5ec35c5e1319a6cbfa360dd4dc1b920eb0cdeeac414ecfdef9883bfcd117a19a9c', 3, 2, NULL, '[]', 1, '2021-02-02 21:24:06', '2021-02-02 21:24:06', '2022-02-02 21:24:06'),
	('5a63a1483c323e8ca87e789bca0970bd0783df78e0436aac05e79a38d8bb38f1ccfeb9b8ebc0d6e8', 4, 2, NULL, '[]', 1, '2021-02-02 18:36:10', '2021-02-02 18:36:10', '2022-02-02 18:36:10'),
	('5a6ac411d6e1454632cae04fb484dad99f48f351f46ae060cd0e77e6126ef198c8079bc623573881', 2, 2, NULL, '[]', 1, '2020-12-31 11:10:08', '2020-12-31 11:10:08', '2021-12-31 15:10:08'),
	('5c161de06a80bc3d343ee7b6e6541db7c223486b989c2bcec212bc223f07a17263ea6604678a8910', 1, 2, NULL, '[]', 0, '2020-09-18 11:13:21', '2020-09-18 11:13:21', '2021-09-18 15:13:21'),
	('5c92574a3295879c864957d42ce056fd1fc57d89b01708062381c9163703053657d1662d0ff3e5a4', 1, 2, NULL, '[]', 1, '2020-09-16 00:09:13', '2020-09-16 00:09:13', '2021-09-16 04:09:13'),
	('5cacf7ba2883aa1a772fbd8c0874cd4fd1de40c9e395d4dcddd875829b6a8ff89b03360c29e97c35', 3, 2, NULL, '[]', 1, '2021-01-26 15:50:58', '2021-01-26 15:50:58', '2022-01-26 15:50:58'),
	('5d284490adeeefc74322c54b552398179bd7d2bc46277eb32fc8260b862ce03b0b56289467ecaa31', 6, 2, NULL, '[]', 1, '2021-02-02 13:46:15', '2021-02-02 13:46:15', '2022-02-02 13:46:15'),
	('5d3553726fd405a7aa5a0e99572166e05b5d328e98d002873231c4feceed11341321d42bef872eec', 11, 2, NULL, '[]', 1, '2020-12-03 14:26:01', '2020-12-03 14:26:01', '2021-12-03 18:26:01'),
	('5d64981743cc628b5e8e159c6cc230043f5ef02c7253a890daac3ef6fa4ed909841c8b0f6a4caabc', 1, 2, NULL, '[]', 0, '2020-02-19 16:15:12', '2020-02-19 16:15:12', '2021-02-19 20:15:12'),
	('5de3cfe2841747bd02e5b4a9e36f5f014df6114d26c6a66007f4a1e006f44bfa70265bd656748a08', 9, 2, NULL, '[]', 0, '2020-12-15 15:51:33', '2020-12-15 15:51:33', '2021-12-15 19:51:33'),
	('5e7c302c6ef451cfd391dd491c6e10cacb21e456e92e6f597e514e43c22b0683beebf88585a8d6d3', 4, 2, NULL, '[]', 1, '2020-09-30 10:18:31', '2020-09-30 10:18:31', '2021-09-30 14:18:31'),
	('5e92b2069017b06bbf093ef7ccc812523980d0236b7a9d4b2cf44a3f8a5eba3daaad0802d37d322c', 4, 2, NULL, '[]', 0, '2021-01-29 14:31:13', '2021-01-29 14:31:13', '2022-01-29 14:31:13'),
	('5eda53f80f0163a27fb6862ef7942db6d22af7ffddccba95d902e0b4b0b6bb3ef16c6cf12c265d2e', 2, 2, NULL, '[]', 1, '2020-06-15 15:18:14', '2020-06-15 15:18:14', '2021-06-15 19:18:14'),
	('5f9a823b00421b44b1b17673eab0379146b3523ad3a4e48a6ce05ed07830d67d8d157e1055d1093a', 4, 2, NULL, '[]', 1, '2020-11-24 14:06:07', '2020-11-24 14:06:07', '2021-11-24 18:06:07'),
	('5fc24209b1ac14203a3219b4acc0907a0277092129b5d5b5673a3780b272aaa51ff2c5e3f6b61e79', 3, 2, NULL, '[]', 1, '2021-02-04 21:28:07', '2021-02-04 21:28:07', '2022-02-04 21:28:07'),
	('6036991c69de2f73b124e7223aa3bd225ea0b1e464328bcd30af510997510e93474aae67cdf71495', 4, 2, NULL, '[]', 1, '2021-02-05 16:03:57', '2021-02-05 16:03:57', '2022-02-05 16:03:57'),
	('60c40987f7b123142857ca7e63509f244f2d040e0743bb8d7b4dce06e5211a5e9829531d6567f65d', 9, 2, NULL, '[]', 1, '2020-07-07 15:10:46', '2020-07-07 15:10:46', '2021-07-07 19:10:46'),
	('621e8100f1a0cfbce0e4541440da83c20c31910ebfe0d918191b00b85ce4d91ce4049f5a1787f59d', 2, 2, NULL, '[]', 1, '2020-06-12 10:22:35', '2020-06-12 10:22:35', '2021-06-12 14:22:35'),
	('62638b7b17ccf069d941646ff6fbd6276a6e6614fd1216a2a796fe8064277b02c5d31303d5fa0265', 6, 2, NULL, '[]', 0, '2020-07-03 16:51:35', '2020-07-03 16:51:35', '2021-07-03 20:51:35'),
	('6300cf72f21b63597b453b6187ce138262fe858c11381284d81e1b0d2278fe469e6258ef9220f101', 11, 2, NULL, '[]', 1, '2020-11-27 09:31:57', '2020-11-27 09:31:57', '2021-11-27 13:31:57'),
	('63acad5163c146bd6461a4e07a4aa01afcbd8b750b0ac76d7f953f98ae11ae2b4a085c1c6cf0e5b2', 4, 2, NULL, '[]', 1, '2020-10-07 11:55:18', '2020-10-07 11:55:18', '2021-10-07 15:55:18'),
	('63b8f342ec4150aed3276f9386d2bf8f22e05f111acb70f0596c563cdb935f7b0ea3c9c807d3982e', 3, 2, NULL, '[]', 0, '2020-11-30 09:44:36', '2020-11-30 09:44:36', '2021-11-30 13:44:36'),
	('6415b7cd1f29c22a6a3e9e8114b33847a1094e6602ccf38f5a9eb93e8f61b79634b76ed5d511b8f0', 1, 2, NULL, '[]', 1, '2021-01-25 21:17:03', '2021-01-25 21:17:03', '2022-01-25 21:17:03'),
	('650290689d3135097c6b0f405b3d8d6f2ba1ae0423c520e9db2d6c6ef9f2de6cdbad05615e95b3c4', 6, 2, NULL, '[]', 1, '2021-02-02 13:42:24', '2021-02-02 13:42:24', '2022-02-02 13:42:24'),
	('650b131237bbba52783c70c66a32c1fa1172d777723dd98d0ff02b18bcaddb3f149e0bff773d36b1', 13, 2, NULL, '[]', 0, '2020-12-09 10:14:39', '2020-12-09 10:14:39', '2021-12-09 14:14:39'),
	('6561afd74a6b0e63f29be4f18630898c641e9a82867735632ed88bb8bc663412d1b95c831ab89f58', 10, 2, NULL, '[]', 0, '2021-01-11 16:49:36', '2021-01-11 16:49:36', '2022-01-11 20:49:36'),
	('65e446ff2c3f1584cc9a9eae0c725bd243ca95a489ecb48a04b6cb1e1ee8d03c046a60e9bfcbbea1', 1, 2, NULL, '[]', 0, '2020-09-04 11:59:08', '2020-09-04 11:59:08', '2021-09-04 15:59:08'),
	('66cff84106c979e719582bd2a4fb206c1adb989b6f958ad7fdd998045d473bef1612dac76545a083', 4, 2, NULL, '[]', 1, '2020-12-04 09:14:09', '2020-12-04 09:14:09', '2021-12-04 13:14:09'),
	('678288b964affdaba88d758cadf8e86fe2248674f1ae1440a87a07d2377c2f598135274509894d91', 1, 2, NULL, '[]', 0, '2020-02-17 12:06:56', '2020-02-17 12:06:56', '2021-02-17 16:06:56'),
	('67d20e1474932e1285ddb7d1a7ef7a113dc8a56e74234a7d2f0d57b6ab5946073234d2124a16d9be', 2, 2, NULL, '[]', 1, '2021-02-05 14:53:37', '2021-02-05 14:53:37', '2022-02-05 14:53:37'),
	('68338e8e2f888c03920fc7215a80b534f6f5aeab7a72515afc5562e3b3b020255d3c21ff5d5d2eaf', 4, 2, NULL, '[]', 1, '2021-02-01 20:40:50', '2021-02-01 20:40:50', '2022-02-01 20:40:50'),
	('6835e10f29c781ab65cc8d564cb4f713f9ddb1afc832797d07163faaddc74f3f3f270ddfd6331fee', 1, 2, NULL, '[]', 1, '2020-06-10 16:52:41', '2020-06-10 16:52:41', '2021-06-10 20:52:41'),
	('6890c8da5e0b88cf80140f97c9baef7fe32b3b333f4c6dd3ff5afa0101a862fff10451012fffcb72', 7, 2, NULL, '[]', 0, '2020-11-26 09:53:02', '2020-11-26 09:53:02', '2021-11-26 13:53:02'),
	('68be1654552aa9d4f8717cfb33894cbb5373e5b8a7e7d0d9b7fbb6a817aaf0d43b775bd4d82b19d2', 4, 2, NULL, '[]', 1, '2020-11-04 14:03:49', '2020-11-04 14:03:49', '2021-11-04 18:03:49'),
	('68fbb60c03b56e6bf05b6564b822283f9c57a199b8167c236e09831b2ff57800239a96bc79bab609', 2, 2, NULL, '[]', 1, '2021-02-04 21:25:24', '2021-02-04 21:25:24', '2022-02-04 21:25:24'),
	('6917112cb11bf7b134e5b2518d304d444c00a778bc7645aa65aee0fa6b1576869c24b4876ab890e8', 5, 2, NULL, '[]', 0, '2021-01-19 12:02:44', '2021-01-19 12:02:44', '2022-01-19 16:02:44'),
	('6adad47bdde48dfd7a61796c60242593289aee10d28159ecffd1a5143a8163fd18bf8c2b584b05f5', 4, 2, NULL, '[]', 1, '2021-01-25 21:11:41', '2021-01-25 21:11:41', '2022-01-25 21:11:41'),
	('6c05473d313a64f1f0b4d2d724eb07f76ed66bcd32cffb94b626a17001cfae9ee9a54ec18b8b32b4', 5, 2, NULL, '[]', 0, '2020-12-07 12:21:22', '2020-12-07 12:21:22', '2021-12-07 16:21:22'),
	('6c29bc2e88b3cba05260f39463cb2a9d2132effee2cb4b4e8ec8c75d6baf25400b031b44b8b7f426', 1, 2, NULL, '[]', 0, '2020-11-17 10:28:37', '2020-11-17 10:28:37', '2021-11-17 14:28:37'),
	('6c35a89be51830b947eb2de949bde2369ed6f87b71db8ac7eb9a669844416a87ce04cfa246b84d88', 1, 2, NULL, '[]', 1, '2020-05-26 15:21:11', '2020-05-26 15:21:11', '2021-05-26 19:21:11'),
	('6c4ad8c2156da72dbba73aa3526cc46920dfc02b06a07c9fbda90662c39ee1b474aee9ef70c09e74', 6, 2, NULL, '[]', 0, '2020-12-16 09:56:55', '2020-12-16 09:56:55', '2021-12-16 13:56:55'),
	('6c6a13e4aba888770527f7cc3228efaa1c4c254cf357bfaa00a3d7892a801951ae830f6b319c7f8f', 8, 2, NULL, '[]', 0, '2020-07-07 15:07:34', '2020-07-07 15:07:34', '2021-07-07 19:07:34'),
	('6cc3932a8ce96ee4e89538e3985a44a37700bc85b142eaf109499557b4b49f60a2084ccfb5cbb82a', 2, 2, NULL, '[]', 0, '2020-09-25 10:06:01', '2020-09-25 10:06:01', '2021-09-25 14:06:01'),
	('6d2499d8a417d435f1b4d7d262aa02686d3d9ebb3123b5e8c4c622487531d42e3d0a2df3a339dfe1', 8, 2, NULL, '[]', 1, '2020-12-01 15:42:18', '2020-12-01 15:42:18', '2021-12-01 19:42:18'),
	('6db36c3c3281a34ade1598dfa4e848906bf4b615f852e5aaa615dd84b40559e3db174d148ae54f0e', 5, 2, NULL, '[]', 0, '2020-12-10 09:23:47', '2020-12-10 09:23:47', '2021-12-10 13:23:47'),
	('6e0f30c512bd489b7c5c52e0e22874b9f6719934b32d974365530b996a91d5ca136b1247ee4d3c4a', 5, 2, NULL, '[]', 0, '2020-10-28 10:08:41', '2020-10-28 10:08:41', '2021-10-28 14:08:41'),
	('6e38b9e5f5f4c72cdaf3ec394cfed3616015f0524db50e278bc4e9db8d9e74079993d5d6173df3fd', 7, 2, NULL, '[]', 1, '2021-02-03 13:51:05', '2021-02-03 13:51:05', '2022-02-03 13:51:05'),
	('6e6f946a99641998e857d67b45cebc4b66f1f97a474713bb552ed9ba4025b89994f8aeaa347bb51f', 3, 2, NULL, '[]', 1, '2021-02-05 19:33:28', '2021-02-05 19:33:28', '2022-02-05 19:33:28'),
	('6ece7bbbaf00d39506f6c033f1b1ae6e3d978fb61405fdb68179ba68cbf81394ef23d8b61266e19f', 4, 2, NULL, '[]', 1, '2020-12-02 09:23:17', '2020-12-02 09:23:17', '2021-12-02 13:23:17'),
	('702e40d81ebea02f97d7e1b109142c589d95453a9bdbc41369f34bc2ef0fd5b82be0fd47dacb7e88', 1, 2, NULL, '[]', 0, '2020-09-30 11:01:10', '2020-09-30 11:01:10', '2021-09-30 15:01:10'),
	('703de1951966c2043d84568c4f99517b79a4b5f8ba1630e1e9a5fa79f9da3247769b8a8ff170096b', 2, 2, NULL, '[]', 1, '2020-06-15 16:42:29', '2020-06-15 16:42:29', '2021-06-15 20:42:29'),
	('70618ae4463c77de2aabf58145961a9f3d27433a55c132e6a820191ac51fb0d55c26dba7f168b1e3', 5, 2, NULL, '[]', 0, '2020-12-03 14:29:20', '2020-12-03 14:29:20', '2021-12-03 18:29:20'),
	('70afc3620ece1c0b73a7f2936fed4755baac7e2cda96a9e25ce065ad347690a96262fbdab1fa78fb', 4, 2, NULL, '[]', 1, '2020-11-16 17:09:16', '2020-11-16 17:09:16', '2021-11-16 21:09:16'),
	('72409c38011752d539ab8c35597b26de3f1dac097fa02ef6497e09219c131f4f2a376bb32e123f12', 6, 2, NULL, '[]', 1, '2021-02-01 20:04:46', '2021-02-01 20:04:46', '2022-02-01 20:04:46'),
	('736800fdb4ebff9c5c22f012663eba0664acbb261eaa33559a4e71c9bf32efda1f902ad7d7f59cad', 2, 2, NULL, '[]', 0, '2020-12-15 13:10:19', '2020-12-15 13:10:19', '2021-12-15 17:10:19'),
	('7418a82a22f0d719da744663f929715157ce93a32a1dddc92381fd842b01088d1f2608a6cd25c24f', 10, 2, NULL, '[]', 1, '2020-07-07 15:11:59', '2020-07-07 15:11:59', '2021-07-07 19:11:59'),
	('75294ae0c55de8203b0266862d3ebce508a517f641ba8c6924a2cf1d24809be104c4712272dc8a01', 3, 2, NULL, '[]', 1, '2020-09-28 09:36:01', '2020-09-28 09:36:01', '2021-09-28 13:36:01'),
	('75e5a8b8b596209c7366d22d8f6e0cb6730725da9d0fbfd4a26e165dc5a1cfc6fee83202ff2b2256', 1, 2, NULL, '[]', 0, '2020-06-25 16:57:05', '2020-06-25 16:57:05', '2021-06-25 20:57:05'),
	('760587664f253560eb3ec997d70f51895b3b9b710023288ede02a1accef71a211c9c5eff741d77df', 2, 2, NULL, '[]', 1, '2020-06-13 21:49:27', '2020-06-13 21:49:27', '2021-06-14 01:49:27'),
	('7734e98157c8700c6aec152aa8ed7d6d357fd25b65eb8aaa778d74d735a32573a844cf29b89e89d5', 1, 2, NULL, '[]', 1, '2020-06-07 09:26:17', '2020-06-07 09:26:17', '2021-06-07 13:26:17'),
	('77a57d7b7a246eeb38abb24ef42c6cc6e47d93a5e4b73b0e5ecd17463c58ac456f9038b5519fd5ea', 8, 2, NULL, '[]', 0, '2020-12-09 09:11:42', '2020-12-09 09:11:42', '2021-12-09 13:11:42'),
	('77b95881c82b9775a40a569dce0699688f8a0d4fe240a163b07ad2b6d75a9aa812cd72cd99fc2517', 6, 2, NULL, '[]', 1, '2021-02-01 21:24:19', '2021-02-01 21:24:19', '2022-02-01 21:24:19'),
	('77cbeb4087b77d5f1e799bbda18866d75b4bb71c01076b895b0864e9bb905b4dc05ac497ae5a309c', 10, 2, NULL, '[]', 0, '2020-11-26 11:15:34', '2020-11-26 11:15:34', '2021-11-26 15:15:34'),
	('78d2f0f07872e3bd725733a7fea1c423b62c0149f05ac55c451b091d0bc5da7ec05ab298835ebf33', 4, 2, NULL, '[]', 1, '2021-02-03 02:34:49', '2021-02-03 02:34:49', '2022-02-03 02:34:49'),
	('7987d8a32a8ae66c0b4aa2275c5c3360df9099211c9ac9c2a2dd9cf22cce0fb94319444fdd900154', 1, 2, NULL, '[]', 1, '2020-02-14 09:43:14', '2020-02-14 09:43:14', '2021-02-14 13:43:14'),
	('79946e6282f4cef2b95fa69ddcd5edd9300f53f94fb6309e72c3e7d6123632bed7659ea2dca86399', 4, 2, NULL, '[]', 1, '2021-02-02 19:37:11', '2021-02-02 19:37:11', '2022-02-02 19:37:11'),
	('79ac8323156bf778bd1fa5a5aa59302f38171b224b3ec82a9a519584bdddafb811a7d8fa73ed51fc', 2, 2, NULL, '[]', 1, '2020-06-10 16:22:18', '2020-06-10 16:22:18', '2021-06-10 20:22:18'),
	('79e4d351593043dff01ee81afc222e487d8986b787c4739373fe2f8b161a884c1dd18efcdd5beb9f', 1, 2, NULL, '[]', 0, '2020-09-22 10:30:21', '2020-09-22 10:30:21', '2021-09-22 14:30:21'),
	('79f6605d664c4c9b78218824bf710688b54a1fad6c70bc88aef58e73607864ef8151bc72a17931cf', 3, 2, NULL, '[]', 1, '2021-02-05 20:26:03', '2021-02-05 20:26:03', '2022-02-05 20:26:03'),
	('7b1daeb96af004849e1f99ae508a7349aa992d47a2b092a119f4231bd1497acaefdb3539f001c38c', 2, 2, NULL, '[]', 1, '2020-06-12 11:12:27', '2020-06-12 11:12:27', '2021-06-12 15:12:27'),
	('7b54f28f670bc9e19b9a04fe177db8dca07d64ca5d09e5664e4c2319de8e49c9bc759e364d828b2c', 1, 2, NULL, '[]', 1, '2020-05-13 20:48:10', '2020-05-13 20:48:10', '2021-05-14 00:48:10'),
	('7c448705d4e2c2fa1456864a0a202445708d2e286d7c21eaa6cf04cf9921dd61bd5bc359c49ea09a', 2, 2, NULL, '[]', 0, '2020-11-30 11:06:29', '2020-11-30 11:06:29', '2021-11-30 15:06:29'),
	('7ce52b54c3b993a3d86168a564359e5869e5040f92b71274ff231e2f0c6288d9a524f277db4a018d', 12, 2, NULL, '[]', 1, '2020-12-02 08:38:12', '2020-12-02 08:38:12', '2021-12-02 12:38:12'),
	('7d4e6e3682c98d73897b8603481bd6213e50dde723a478898bfb411a18c8eb8266d0fa5f17aea0d2', 1, 2, NULL, '[]', 1, '2020-06-07 10:02:43', '2020-06-07 10:02:43', '2021-06-07 14:02:43'),
	('7ea2286ab2f988366626f151581d4933b6b00efe4b627baa7bb38960c4453a917cda6831fa80061e', 1, 2, NULL, '[]', 1, '2020-05-13 20:46:57', '2020-05-13 20:46:57', '2021-05-14 00:46:57'),
	('7ee10e550abb33d5b99e24ca2f1f0fd5c348760d7acd2f4cb5bf6e9e8121e65b2c4d98920afa344c', 11, 2, NULL, '[]', 1, '2020-12-03 15:45:21', '2020-12-03 15:45:21', '2021-12-03 19:45:21'),
	('7f58f5a7d67208a4a983c09703dd8339ab6033a0829e0cae6492eff3f1019dcdf210a17bd0472817', 2, 2, NULL, '[]', 1, '2020-06-12 15:21:21', '2020-06-12 15:21:21', '2021-06-12 19:21:21'),
	('7f938d90b3063e8211199bc0977e1b48babbc1ab27fe42c3f70597e13db2b19d21f4c3dfa91be011', 8, 2, NULL, '[]', 0, '2020-12-22 15:17:43', '2020-12-22 15:17:43', '2021-12-22 19:17:43'),
	('80626d5c3074ae7b34bef5bbd64f1690c73184e7e456118235a9cb3b66843caa7b45fc895804d186', 2, 2, NULL, '[]', 1, '2020-06-15 18:57:42', '2020-06-15 18:57:42', '2021-06-15 22:57:42'),
	('82d51221b53a4ea186672d8564387f2fd8763788960ddea6bac53bf134e15bc30dfd818c4774b05a', 3, 2, NULL, '[]', 0, '2021-01-04 09:06:53', '2021-01-04 09:06:53', '2022-01-04 13:06:53'),
	('83135d3423c2a1cea7880618457c383303842ef53059dc5009f61fe77d636450b5e2cb2485f5e6e4', 1, 2, NULL, '[]', 1, '2020-06-17 11:31:08', '2020-06-17 11:31:08', '2021-06-17 15:31:08'),
	('83d16d2eef08a485fac57dff1883133859b2d39a4e3141ccaad708077bd73286fbe5b1e80ba26c17', 14, 2, NULL, '[]', 1, '2021-02-02 18:35:22', '2021-02-02 18:35:22', '2022-02-02 18:35:22'),
	('8493df448eaed1d46e0f45a3bdada7e3bfd36a404afe910c9a5c0014811ca120e86af95f5ab9fe55', 5, 2, NULL, '[]', 1, '2020-10-07 11:55:12', '2020-10-07 11:55:12', '2021-10-07 15:55:12'),
	('851f5582c518bd7cb02725b299a3635167ee4398821eed02297571d05bbc6a87f3a7973deb46d74a', 6, 2, NULL, '[]', 1, '2021-02-01 21:27:18', '2021-02-01 21:27:18', '2022-02-01 21:27:18'),
	('8545f17b4fa8a489951775eabc7ffc4fbb6c9af1fba66cc62423698d38b4d3fe7ddc63b5895e1f0c', 8, 2, NULL, '[]', 1, '2020-12-14 11:23:54', '2020-12-14 11:23:54', '2021-12-14 15:23:54'),
	('856ec7500115e9414f48a7346abd35631fd5fd192233511fc6bf32e8400fd44ae54574dce585818d', 3, 2, NULL, '[]', 1, '2021-02-05 19:48:13', '2021-02-05 19:48:13', '2022-02-05 19:48:13'),
	('8714857a777d2770f87d80b796e717300e9811b9cc8a4283d515ac9340d6f64062c11b15cea1b75c', 1, 2, NULL, '[]', 1, '2020-09-16 11:27:13', '2020-09-16 11:27:13', '2021-09-16 15:27:13'),
	('872414060db9620200f852eb7ab2d3ad5d07fa3702fd8d8d3a31a197c9c2f953a8ed7f7ff85ab63b', 5, 2, NULL, '[]', 1, '2020-12-17 12:34:46', '2020-12-17 12:34:46', '2021-12-17 16:34:46'),
	('873b0ab6fedea872d8af4c0c816f8ed3d88c11eb8f1305002bf6ac0198748460527a873272ad800c', 4, 2, NULL, '[]', 0, '2020-09-30 16:22:31', '2020-09-30 16:22:31', '2021-09-30 20:22:31'),
	('87df6ba258ad391f0aea9f635b55de1534f933d331d5b903f4f7724a5613f7935c68f9e55461246c', 5, 2, NULL, '[]', 0, '2021-01-11 11:54:11', '2021-01-11 11:54:11', '2022-01-11 15:54:11'),
	('893a1ce8e99714bf80ed405e4d55bdfbef640a9ffb382d1841e5df0dea2db248a3fd0c5fcae8086e', 5, 2, NULL, '[]', 0, '2020-12-08 14:28:55', '2020-12-08 14:28:55', '2021-12-08 18:28:55'),
	('89f7c3454d5f43db4898dae186d7cbc2557137e4c8000201c6b2b418d972ee68551b878885f46c37', 3, 2, NULL, '[]', 0, '2020-12-17 15:06:50', '2020-12-17 15:06:50', '2021-12-17 19:06:50'),
	('8ab67d3324286b1844cee16b190951b93295d1a6c6ce27cb29535fbddab032ecb669558d5891063e', 1, 2, NULL, '[]', 1, '2020-02-14 09:13:25', '2020-02-14 09:13:25', '2021-02-14 13:13:25'),
	('8ad0c44087aded3c2f41f71bbba4b6c8226da7755caa5bce5ebecce1afd3d085a5c10dbad16a9ea5', 1, 2, NULL, '[]', 1, '2020-03-27 11:10:05', '2020-03-27 11:10:05', '2021-03-27 15:10:05'),
	('8b44f275b360f10a4a707908116a7c734d920df5986b0e1a33dc110403a1d202931344dc502594c9', 4, 2, NULL, '[]', 0, '2021-01-28 16:16:09', '2021-01-28 16:16:09', '2022-01-28 16:16:09'),
	('8c4364594ca11a0493356422ec9a31c4a36d391f6495314c8095aa18e6f9bddf2f7f01ea5f22e260', 12, 2, NULL, '[]', 0, '2020-12-31 09:15:41', '2020-12-31 09:15:41', '2021-12-31 13:15:41'),
	('8ee3c6081e8bd029ef0deb5784f6d652375440020ea22a6d72748cbcb37fafd393806ad06ddca964', 1, 2, NULL, '[]', 0, '2020-02-17 18:24:37', '2020-02-17 18:24:37', '2021-02-17 22:24:37'),
	('8ef8379dc7388fe0b7de555835b3db27b33c751fe6af8b66700da4986de5bd6fca62ec440492f67c', 2, 2, NULL, '[]', 1, '2020-06-13 18:48:05', '2020-06-13 18:48:05', '2021-06-13 22:48:05'),
	('8face41e087c94a1cf55ad719c808115cc190a30f6dd9cff4ab4545f285943e7f6f451de0b19388d', 13, 2, NULL, '[]', 0, '2021-01-18 13:46:06', '2021-01-18 13:46:06', '2022-01-18 17:46:06'),
	('8fad30b8968c6c636035ccbbab5d32787d2609da9dead211a6c7d49afa214b962c6f32682cc1c851', 2, 2, NULL, '[]', 1, '2020-11-24 14:04:05', '2020-11-24 14:04:05', '2021-11-24 18:04:05'),
	('90faeb6879e0ae0deb5c22d4dd6dc90759bc91cdc6a37122f8c248c6c887b9fb0f33decb36d463db', 4, 2, NULL, '[]', 0, '2020-12-29 14:11:22', '2020-12-29 14:11:22', '2021-12-29 18:11:22'),
	('914d5d4689ae8f4d69090e4eaddbca07d2508ead96364daff3fd2b0c8cf99883cc300c8bde6511d9', 2, 2, NULL, '[]', 1, '2020-06-15 15:34:07', '2020-06-15 15:34:07', '2021-06-15 19:34:07'),
	('9202094c75a64df564ac054ca5b38c5feb930cfddfff6e695f1904e9397bcab555e093e928df87d4', 2, 2, NULL, '[]', 0, '2021-01-22 14:48:08', '2021-01-22 14:48:08', '2022-01-22 14:48:08'),
	('923b659899554f15d8d3b7075630aef52044bf98ab233f7e65531747070012e58cf08eeb92619d19', 8, 2, NULL, '[]', 0, '2021-01-20 11:27:31', '2021-01-20 11:27:31', '2022-01-20 15:27:31'),
	('92d3064ece53601107dddf8fc1e381c110c057639b36d5b3a26e3a32d7a3cc46f2bfb2c94bcc2057', 1, 2, NULL, '[]', 0, '2020-10-13 10:02:35', '2020-10-13 10:02:35', '2021-10-13 14:02:35'),
	('93dc2844af7da5f62c94b57427e0fcf7522db5d26859ba0213eba8b2fd83c19071fb87652e8a46bc', 4, 2, NULL, '[]', 1, '2021-02-05 18:53:50', '2021-02-05 18:53:50', '2022-02-05 18:53:50'),
	('940c71644665b4c64925fda780a6e25d543852eceffb45f025a7e98be1e6c8cb20121b343e50c304', 1, 2, NULL, '[]', 0, '2020-02-17 18:22:48', '2020-02-17 18:22:48', '2021-02-17 22:22:48'),
	('943d8b8f99c1f7ac3f20d2db56e34598859450eb62970ee0689c38debec8028ec81b97a286ac399d', 4, 2, NULL, '[]', 0, '2020-12-30 09:04:38', '2020-12-30 09:04:38', '2021-12-30 13:04:38'),
	('9512fc8fd55243ba9aa8a67b3fe3d3701be4475af6268b9ddf186554977894f93b8a222f2a3090bc', 7, 2, NULL, '[]', 1, '2020-11-26 09:47:16', '2020-11-26 09:47:16', '2021-11-26 13:47:16'),
	('95b5987705ec513f17983acab424cc7aaa85cfc39cd69c25b366d6d07d537ce3616641fe3a4873ad', 2, 2, NULL, '[]', 1, '2020-06-11 11:42:51', '2020-06-11 11:42:51', '2021-06-11 15:42:51'),
	('96a8eeaaeb5bda5bb0778344c53e77bbfb900f95133cd693eb882d280a0689f4972490ec84f87041', 11, 2, NULL, '[]', 1, '2020-08-03 14:26:47', '2020-08-03 14:26:47', '2021-08-03 18:26:47'),
	('96ea4da4a7dc4e44c4cb1d59e54a16f44bd47697f57b3e908ca35c47a815f8cfee7e9475a4ab1d98', 4, 2, NULL, '[]', 0, '2021-02-22 13:53:45', '2021-02-22 13:53:45', '2022-02-22 13:53:45'),
	('9767bea1c80bbdad9d2136f19e0bf97ed26908ebe3e47e89773bc560ad81ef57298ba4cffc33aa21', 2, 2, NULL, '[]', 1, '2020-06-10 16:52:51', '2020-06-10 16:52:51', '2021-06-10 20:52:51'),
	('978c4930b492b48ad0b498ebaf98ff483c57f22b36341844810499eed715ad3d7d97cd1de379e479', 14, 2, NULL, '[]', 1, '2021-02-02 21:11:48', '2021-02-02 21:11:48', '2022-02-02 21:11:48'),
	('9a2a75adb87a40d6ace1694fe2613d10793730a285c4b04fa6e05e05838388ea217e087c50cec3f5', 2, 2, NULL, '[]', 1, '2020-09-07 13:01:24', '2020-09-07 13:01:24', '2021-09-07 17:01:24'),
	('9abf51ccf70e348a880cde25242259988cc620b4fb197e1e9c74081901304967557ae426ca4f0bda', 1, 2, NULL, '[]', 0, '2020-05-13 20:46:29', '2020-05-13 20:46:29', '2021-05-14 00:46:29'),
	('9b90a2c5479e254156b2062c54e7604348479fff0e5e0d00d5a46c2b8ebc89a2fa3077a9aaa70a7c', 2, 2, NULL, '[]', 1, '2020-06-15 15:36:48', '2020-06-15 15:36:48', '2021-06-15 19:36:48'),
	('9c460bd4b1c48fcb69f609ba8f2893da66cf4968f9c4d02039ee816a162205e8af44627b28bbacec', 1, 2, NULL, '[]', 0, '2020-05-13 20:23:32', '2020-05-13 20:23:32', '2021-05-14 00:23:32'),
	('9c98f0e53c520f7906177dcbb73d095e6123e31c558df249e19e0c786d318778f11da3d2e71e1303', 6, 2, NULL, '[]', 1, '2021-02-01 21:30:25', '2021-02-01 21:30:25', '2022-02-01 21:30:25'),
	('9cebbdb753f6909b2768ada358ef01691c08d7625f1bee7dfb2c8a8f0269f0094ebf211a2109fc89', 2, 2, NULL, '[]', 0, '2020-10-19 12:00:25', '2020-10-19 12:00:25', '2021-10-19 16:00:25'),
	('9daecfa081abeac8ea967b60d5f629a7d3f1c2f895eb1625957ca247b0aa43b9f0697962d3cd771b', 3, 2, NULL, '[]', 1, '2021-02-05 17:44:24', '2021-02-05 17:44:24', '2022-02-05 17:44:24'),
	('9dba6f52ef98117accc7018429bd508d1654521b345d6e9ba2673a3d72869b96feb7a1f021579ceb', 1, 2, NULL, '[]', 1, '2020-07-07 15:12:26', '2020-07-07 15:12:26', '2021-07-07 19:12:26'),
	('9e8fb8242c212ca1bf090520f7f2909ce947534501fa0e220dcf5a3907694a7f8b216eb792c8519b', 1, 2, NULL, '[]', 1, '2020-06-10 16:34:59', '2020-06-10 16:34:59', '2021-06-10 20:34:59'),
	('9edfd8df3f5db7f4b0da68479ae21bda3f21abceca34b34d273dccdd7516c071b2d31d2d7a927957', 11, 2, NULL, '[]', 1, '2020-12-03 15:43:20', '2020-12-03 15:43:20', '2021-12-03 19:43:20'),
	('a08f9440e763b2fa4e200c0f309d3abb4dcf37275853139e7b35f97d678e91421662a90c8499e59c', 1, 2, NULL, '[]', 1, '2020-06-07 09:25:51', '2020-06-07 09:25:51', '2021-06-07 13:25:51'),
	('a1915c9e4e7ae9c862f2213fc1ec15efb695db2884d9ca74011cf088f1a84599c77f410dca43df44', 3, 2, NULL, '[]', 1, '2020-09-21 09:56:21', '2020-09-21 09:56:21', '2021-09-21 13:56:21'),
	('a1df87759da10d1caf9828a8f0dcc8ddea2b2dde510884670c632bac3520086e0f3d5281c4838ec1', 1, 2, NULL, '[]', 0, '2020-10-27 18:20:50', '2020-10-27 18:20:50', '2021-10-27 22:20:50'),
	('a1f0e61d276e5ff278222a0de0791945927dc14d1c6fc56e5c7c2a107df684234d28fed5e408c118', 4, 2, NULL, '[]', 0, '2021-02-23 19:50:16', '2021-02-23 19:50:16', '2022-02-23 19:50:16'),
	('a218acb381ff5a4fabd69cb5309e1eed0fe222d59530a078349852ecf136a6ef2a9773255608e94a', 4, 2, NULL, '[]', 1, '2020-10-28 15:31:49', '2020-10-28 15:31:49', '2021-10-28 19:31:49'),
	('a2c55459623adcfeb366d0e8da5811dff92ffeffc711ed5a1a2852fead9ff9629bf34310d7f3f7d1', 9, 2, NULL, '[]', 1, '2020-12-14 11:27:11', '2020-12-14 11:27:11', '2021-12-14 15:27:11'),
	('a406cbab643a6c8e809f7e5eae2b8604cf19ac3fa126da3812e1b84a5901d76fcd4c93186379a1c3', 3, 2, NULL, '[]', 1, '2021-02-05 17:43:46', '2021-02-05 17:43:46', '2022-02-05 17:43:46'),
	('a4c02f32016589e51f8ffa400fa060b6051b73760a52b8f24f37be26fe03c2c80218a59943ad9f8c', 1, 2, NULL, '[]', 1, '2020-06-11 19:44:49', '2020-06-11 19:44:49', '2021-06-11 23:44:49'),
	('a52681338ee61f63f9b089434b97eb1a7dba37b8cbdcb8c4d109a4ff3882a7e348acca3a57d055cd', 1, 2, NULL, '[]', 0, '2020-09-16 12:22:35', '2020-09-16 12:22:35', '2021-09-16 16:22:35'),
	('a5d45b1939a683fc48dfa4a33e620873fc6438cd1334db819f46ccd8751886beac30e0632b1a7234', 7, 2, NULL, '[]', 0, '2021-01-07 10:05:21', '2021-01-07 10:05:21', '2022-01-07 14:05:21'),
	('a65221d53ce04e72c13a2b253bb74070527722484e3713cf50a2998d6c80ba186217bb43ff3fcdf0', 1, 2, NULL, '[]', 1, '2020-06-17 15:51:27', '2020-06-17 15:51:27', '2020-06-17 20:21:26'),
	('a67305ee2313dbff62e05c0d86b7b5c32b92619abd9ddc9492d7edb0d203b6f7bcdbfb01140ec195', 5, 2, NULL, '[]', 1, '2021-01-26 15:51:25', '2021-01-26 15:51:25', '2022-01-26 15:51:25'),
	('a6d81734d268fedcc172d03ed67cec950c6fd94f5de26772a70c54cf3b9eec47e6b57425ab80159a', 4, 2, NULL, '[]', 1, '2021-02-02 20:57:57', '2021-02-02 20:57:57', '2022-02-02 20:57:57'),
	('a7a147ad1b3cd7f4084d5f5b69fc61d54a6d7047552b67708631bef0d2d78694a9856415a64fbc38', 4, 2, NULL, '[]', 1, '2021-02-01 15:50:11', '2021-02-01 15:50:11', '2022-02-01 15:50:11'),
	('a831a862e9bb101f06f6056374c8aa80ca2ff3b1ca4bb130ed6cd4ff337ec646d1b3b11001ddc265', 8, 2, NULL, '[]', 0, '2020-12-09 10:32:29', '2020-12-09 10:32:29', '2021-12-09 14:32:29'),
	('a8c45c6c56680baf54554ecb0b504a0e76b52fa959b234d3818e9c5c9d8be7024c0919ca90a8333c', 4, 2, NULL, '[]', 1, '2021-02-02 21:00:17', '2021-02-02 21:00:17', '2022-02-02 21:00:17'),
	('a94a234f6c0a6b01a8689692a2b9fe278e15e9621d0bf97aad6d0298ea7a08fdef2a174faf9ca772', 1, 2, NULL, '[]', 0, '2020-04-18 10:47:51', '2020-04-18 10:47:51', '2021-04-18 14:47:51'),
	('a9c29c9abc8610c14c8b1a208559f029693d01629f72ac1663ff26d41205425d588dba61c7f3c2d4', 6, 2, NULL, '[]', 1, '2021-02-05 15:42:13', '2021-02-05 15:42:13', '2022-02-05 15:42:13'),
	('aac0823600fb351e8c192824eee9f9c99fa52d205a1b0e76beed0d8cf3b87278e6071a4c57f54a76', 5, 2, NULL, '[]', 0, '2020-10-03 12:01:56', '2020-10-03 12:01:56', '2021-10-03 16:01:56'),
	('aacfbb919483bf585f0749e685e2f0ee976585c3e205cf556f0a1e8259821f52aa9e1ecf5037bac3', 11, 2, NULL, '[]', 1, '2021-02-05 16:03:31', '2021-02-05 16:03:31', '2022-02-05 16:03:31'),
	('aaf0325e936ce81e5c8ba88f62b5b043dac5a8ba1d3c4f343c2c9214314372b7456bb998b65055d6', 13, 2, NULL, '[]', 0, '2020-12-07 12:28:15', '2020-12-07 12:28:15', '2021-12-07 16:28:15'),
	('ab02d902123a1c141425572789c48621566da46b136d7ba02d47bb08cfcdb2ed4d42b33fb7f92131', 4, 2, NULL, '[]', 1, '2021-02-03 21:21:51', '2021-02-03 21:21:51', '2022-02-03 21:21:51'),
	('ab179912f241e358a9c7863ea6f73bd729d7782a1dd659ad052054e43729f122e844dd5f85a6464b', 5, 2, NULL, '[]', 1, '2020-10-15 11:31:16', '2020-10-15 11:31:16', '2021-10-15 15:31:16'),
	('ab4cb333064b8a8fb335e4fc85e551e04661b7cb895fa38f70c209f96f7e230741ba402a3cd68a52', 7, 2, NULL, '[]', 1, '2021-02-05 19:35:15', '2021-02-05 19:35:15', '2022-02-05 19:35:15'),
	('ad19fe09735efb5b99ff606b05d5905308b7ef02810933af7588ff1c686ff87076e283eb16c4e8f7', 2, 2, NULL, '[]', 1, '2020-06-17 11:48:19', '2020-06-17 11:48:19', '2021-06-17 15:48:19'),
	('ae2ed8ca7224b4991915d9881027f4b1fe2689e396ff852107b2bbba22134d793bef626029f561c0', 15, 2, NULL, '[]', 1, '2020-12-02 10:25:29', '2020-12-02 10:25:29', '2021-12-02 14:25:29'),
	('ae9f9e42f6cba9128a559efd543f4bbfde9139defce91de00abbb7f186beda94290bd67dd991d518', 1, 2, NULL, '[]', 0, '2020-12-15 20:13:19', '2020-12-15 20:13:19', '2021-12-16 00:13:19'),
	('af130e5e960816ef12c9d0b307c7791d54183612c8a73aa9506a30d853075011da810aecae6944ed', 1, 2, NULL, '[]', 1, '2020-06-12 10:21:46', '2020-06-12 10:21:46', '2021-06-12 14:21:46'),
	('af98c12e71184f39ed985f4c2b6ccad97d1aa4a6e67b14fbb57375f4f2e5407ebf6a0898fe814248', 4, 2, NULL, '[]', 1, '2020-12-02 10:21:01', '2020-12-02 10:21:01', '2021-12-02 14:21:01'),
	('afadc597a6623e250dfea4355971f39dc47a26e54dbbf19f034852f673d1eb265ff925d8a2ac1bb3', 1, 2, NULL, '[]', 0, '2020-09-09 11:58:55', '2020-09-09 11:58:55', '2021-09-09 15:58:55'),
	('b018566b9ff629873be3e4ab7f5b6e412308e0054a4f4c0c30f46601b644cd6849ea956ec1761ea7', 9, 2, NULL, '[]', 1, '2020-07-07 15:11:23', '2020-07-07 15:11:23', '2021-07-07 19:11:23'),
	('b01d3165b70f3a6c11457749dee1e872e86104fda903c7496227d2753aa8c8fd19e33b1c1991635f', 1, 2, NULL, '[]', 1, '2020-09-11 14:05:34', '2020-09-11 14:05:34', '2021-09-11 18:05:34'),
	('b076b1dc17f7fc1532baacc0e3412b443dd135c88b82b5d26cdfbb00fe20612f42825f81fd143dc1', 1, 2, NULL, '[]', 1, '2020-05-02 20:07:25', '2020-05-02 20:07:25', '2021-05-03 00:07:25'),
	('b0e2ab78ef75dc83a124d863b3c03a0a708096fb9c020f53d9dc3cf05a968a5cc042550b5d98b08d', 1, 2, NULL, '[]', 0, '2020-10-03 11:43:48', '2020-10-03 11:43:48', '2021-10-03 15:43:48'),
	('b14e4c07afc736a37642cb7c8bd670e8397bde6d4bdd7ef6de064ab53d57a778bb42def55e550b78', 2, 2, NULL, '[]', 1, '2020-06-15 18:56:19', '2020-06-15 18:56:19', '2021-06-15 22:56:19'),
	('b168ed7e80001497512da3026fa0afb7c4480445a9b55e748f28e830e4e89b560b12125e770a8fe1', 6, 2, NULL, '[]', 1, '2021-02-02 18:35:58', '2021-02-02 18:35:58', '2022-02-02 18:35:58'),
	('b1a9c1a1130b485b310b21cd70f21db69cd2a338c118df83ca855ce08fe65d40aa4a32fa5f61d198', 2, 2, NULL, '[]', 0, '2020-10-14 13:05:22', '2020-10-14 13:05:22', '2021-10-14 17:05:22'),
	('b247710fb9688bac8a02534f85a71c036bc770b4d263142f8a4d44115155270898811d581edfa709', 1, 2, NULL, '[]', 1, '2020-05-26 15:22:58', '2020-05-26 15:22:58', '2021-05-26 19:22:58'),
	('b2b8aa356a3d2ad60f72f1fc50d02d6ffdf0b0731ae5a9203f36d28d5441c05be56772f1b900e588', 2, 2, NULL, '[]', 1, '2020-06-15 16:35:11', '2020-06-15 16:35:11', '2021-06-15 20:35:11'),
	('b2cbece9aa5aeee1b6c601255501ee1e28dd5da46ad53cf7bc6efbfb50fa895b4cde7c95d1fd9092', 1, 2, NULL, '[]', 0, '2020-10-16 09:24:03', '2020-10-16 09:24:03', '2021-10-16 13:24:03'),
	('b3280cb1744e9999d16cd627fd4023f0cc830104bf5a1536670b9c97fc0b7d4b8067f1c437a33788', 2, 2, NULL, '[]', 1, '2020-06-15 16:36:33', '2020-06-15 16:36:33', '2021-06-15 20:36:33'),
	('b3a6e9c4c8ae69caac5e12dc7751367c90b50a94c01f733a7063d14322edab1104981b1b72a2d1e7', 4, 2, NULL, '[]', 1, '2021-02-05 16:01:32', '2021-02-05 16:01:32', '2022-02-05 16:01:32'),
	('b4013c8e331c40d7d79401451b180593623e0ae9ba7458c979de3beffb02f71d8c938f61743c190a', 4, 2, NULL, '[]', 1, '2021-02-02 13:45:17', '2021-02-02 13:45:17', '2022-02-02 13:45:17'),
	('b4956de3fe01017308e3b9f9fb54a737bfc42e36d8c81793a1b79203157811da2a451436471f6ffa', 7, 2, NULL, '[]', 1, '2021-02-04 21:37:17', '2021-02-04 21:37:17', '2022-02-04 21:37:17'),
	('b4c1ed00e0ba52968237111b03abc2a9f62238834d40fad2d8fd186d9dd4d8ddb533e424e61888c0', 4, 2, NULL, '[]', 0, '2020-11-26 10:22:22', '2020-11-26 10:22:22', '2021-11-26 14:22:22'),
	('b5474f1f2ea4fcdb913e12f5dfca2497d6ebc96947038a8c31a900c324e2adcb4e4a8ff5623c556d', 3, 2, NULL, '[]', 1, '2021-02-02 21:24:42', '2021-02-02 21:24:42', '2022-02-02 21:24:42'),
	('b6656074cbd9e10c04b930db17f29fe25a38c8b9853e7b7d5bb981f9647e192e2918928b6723271d', 1, 2, NULL, '[]', 1, '2020-05-13 20:27:24', '2020-05-13 20:27:24', '2021-05-14 00:27:24'),
	('b6806d64016da88095e41431f75fbddae20b0d1f266ccfbd9ab064d80fe199c146d09bb49394c28f', 2, 2, NULL, '[]', 1, '2020-06-12 11:49:01', '2020-06-12 11:49:01', '2021-06-12 15:49:01'),
	('b8463a4abcfc1272c9ee416f99e6ab1bb1776b22e6e786ab733e7efb2d1f564fe6198faccfdd7e1a', 6, 2, NULL, '[]', 1, '2021-02-03 21:25:41', '2021-02-03 21:25:41', '2022-02-03 21:25:41'),
	('b8f99acccde1cddd10411a293a05270fee2a0d0940cb514d045fd16578c470adbb494874a4b655eb', 4, 2, NULL, '[]', 0, '2020-12-07 10:03:31', '2020-12-07 10:03:31', '2021-12-07 14:03:31'),
	('b922034ad0c7c9e8d481b952e255bf22e0de9192413a558e172d4c1c2f949bc429eb205a546c850c', 1, 2, NULL, '[]', 0, '2020-02-06 10:24:44', '2020-02-06 10:24:44', '2021-02-06 14:24:44'),
	('b9285d7ea22f31bb7a4d4b57611e802b31f712702328f3afc8b066ea8086f75845da7b5d0b986d46', 2, 2, NULL, '[]', 0, '2020-11-27 08:14:25', '2020-11-27 08:14:25', '2021-11-27 12:14:25'),
	('b99689634cda67df9a4befa12b8ddf81fe52c5df3a76b8577b4e1683dbb29525f221ec6c12f4051b', 1, 2, NULL, '[]', 0, '2020-06-17 16:27:22', '2020-06-17 16:27:22', '2021-06-17 20:27:22'),
	('b9b855c1e7ea8a281833e6e75809a63ea42befbc87adc7408faa8cb294af13f48ff3d1d88d6b6dcd', 4, 2, NULL, '[]', 1, '2021-02-01 21:37:47', '2021-02-01 21:37:47', '2022-02-01 21:37:47'),
	('b9fef66879082465aa78e41d502e7920809b58553a5eeebd2716673814155fa22eafb17531f55f0b', 1, 2, NULL, '[]', 1, '2020-06-15 16:36:23', '2020-06-15 16:36:23', '2021-06-15 20:36:23'),
	('ba6f30c84d372d60d082c8d5d31782ec4efdfd2a3193589927c44c6aed36cb35e6cdf4be36448795', 5, 2, NULL, '[]', 1, '2020-12-05 11:42:19', '2020-12-05 11:42:19', '2021-12-05 15:42:19'),
	('ba8a91c3279ef89dd4ec3003189ae25ddc331623d527d471987dcebc130a247b0ce5c020d8186dfc', 4, 2, NULL, '[]', 0, '2021-02-01 15:42:10', '2021-02-01 15:42:10', '2022-02-01 15:42:10'),
	('bab59e1a2f61ca3eb945752da845843f26382cc281c1364b3f0024027db99480cac332cbadd058b0', 6, 2, NULL, '[]', 1, '2020-07-02 10:55:01', '2020-07-02 10:55:01', '2021-07-02 14:55:01'),
	('bb91f4f0c6e4cfced56b019c885de0b283aee47d5777ee24982c56185f15d786184e7d1325bdee85', 2, 2, NULL, '[]', 1, '2020-06-15 18:51:31', '2020-06-15 18:51:31', '2021-06-15 22:51:31'),
	('bbd5be535d7d15e0546a926d95d1bf5a320b380271e566c3238dcb0b14e06a5b637132780fd95d8a', 1, 2, NULL, '[]', 0, '2020-03-09 09:31:47', '2020-03-09 09:31:47', '2021-03-09 13:31:47'),
	('bbf4f7c5e965dcc771adb2ffe5c65c879773f12c51a3fe87c9b8a34ed3cdc07b3f84ee0d2d42b467', 1, 2, NULL, '[]', 0, '2020-04-23 12:32:55', '2020-04-23 12:32:55', '2021-04-23 16:32:55'),
	('bc76133c0fad9bb194af01b908c6febb87802c342dbdf97ae2ef7096033dd03c8ea3f554927c4ba8', 7, 2, NULL, '[]', 0, '2020-10-28 14:38:53', '2020-10-28 14:38:53', '2021-10-28 18:38:53'),
	('bf2fa9a1a96ef23a669c392404cb2e7a54798bcb795bb0751fc5d0bb1c9e17c6c166aa601c0ba4db', 3, 2, NULL, '[]', 1, '2021-02-05 19:34:05', '2021-02-05 19:34:05', '2022-02-05 19:34:05'),
	('bf39971b41d51805d6befd67c895fd558245cb5db4556fc9befabfb1240fb4e4a511beb21811ec72', 7, 2, NULL, '[]', 1, '2021-02-03 20:16:23', '2021-02-03 20:16:23', '2022-02-03 20:16:23'),
	('bfa33501a1ca98d68f9a0ef60771957694d2c12173f9fd1b09a48dac7d089467318644e4bd4bfa0b', 3, 2, NULL, '[]', 1, '2021-02-02 20:58:31', '2021-02-02 20:58:31', '2022-02-02 20:58:31'),
	('c1587dc95338ec7eb318171b0740acefc01329feff2c0f19583e2d5a19f8c7fb32af9b354d534935', 6, 2, NULL, '[]', 0, '2020-12-01 14:24:03', '2020-12-01 14:24:03', '2021-12-01 18:24:03'),
	('c1808f6af01e105845e4f4e0d5d6f28eabe5e6ff6b25a3bfb75153c1a8bc542295c52c51d7b48117', 4, 2, NULL, '[]', 0, '2020-11-25 10:19:34', '2020-11-25 10:19:34', '2021-11-25 14:19:34'),
	('c1a5d2ead87a133292f382ae9d497d83af1c1d325b07ebe2e6d8dda754fb40e2588f5f8a9ac59371', 1, 2, NULL, '[]', 1, '2020-06-07 09:52:11', '2020-06-07 09:52:11', '2021-06-07 13:52:11'),
	('c1b3033796a6914d736a63405ba9867207d7fdbed147e850bb0a1b959c8e26eae042875ea266a46f', 1, 2, NULL, '[]', 0, '2021-01-04 09:53:38', '2021-01-04 09:53:38', '2022-01-04 13:53:38'),
	('c1b802bb2712fa963dfd610226e035853ad950630340d799856082c7697c5e39991e6c1ad7d0cf68', 5, 2, NULL, '[]', 0, '2020-10-07 12:08:42', '2020-10-07 12:08:42', '2021-10-07 16:08:42'),
	('c2fd4c293b8832cc74c8f73c68e3a498028731e9be855e21b696c50601a6cf1baeedc86573314800', 2, 2, NULL, '[]', 1, '2020-06-15 16:45:58', '2020-06-15 16:45:58', '2021-06-15 20:45:58'),
	('c3c60bf6f1fdded8cabe1124243c0ce13ee64ecc2528685e78db947464593237ba7bf26f6135f5d9', 4, 2, NULL, '[]', 1, '2021-02-01 21:30:01', '2021-02-01 21:30:01', '2022-02-01 21:30:01'),
	('c40658353c5f635c3a07d5d14584b08b4eebe633f24448240c4d1998bbe4a9a708f71f2048b22bf1', 2, 2, NULL, '[]', 1, '2020-06-17 11:32:49', '2020-06-17 11:32:49', '2021-06-17 15:32:49'),
	('c489b76afeed0716e94615ac25ee64a8ae96b42a8b8dd2ea403e00cd389b0e7f90592aacc469d195', 4, 2, NULL, '[]', 1, '2021-02-10 13:39:00', '2021-02-10 13:39:00', '2022-02-10 13:39:00'),
	('c4a8ed3826b297ff582497f5d8eb027c40a7313cd58a77462fe7b8902a4c3a7bac09cb901b479f2b', 1, 2, NULL, '[]', 1, '2020-05-26 10:57:36', '2020-05-26 10:57:36', '2021-05-26 14:57:36'),
	('c51b993decb91baf97cea90d59718a25448c203ff69d655e92dce53f22b63241296a3c1782a27e12', 2, 2, NULL, '[]', 0, '2020-11-26 11:11:28', '2020-11-26 11:11:28', '2021-11-26 15:11:28'),
	('c54a8674cfda1c4f4d72943df254c561041e47623f5f50e08f4e5c3962843f7db5aa110919501929', 4, 2, NULL, '[]', 1, '2021-02-02 20:50:01', '2021-02-02 20:50:01', '2022-02-02 20:50:01'),
	('c7445786debc0f6a9a10c7e5659a7d7e0ec5a2c1c3145e0cc666bed8732fbf7881798600f462a6ef', 2, 2, NULL, '[]', 0, '2021-01-05 12:22:24', '2021-01-05 12:22:24', '2022-01-05 16:22:24'),
	('c7a5481c9833729ea147ed6ac503c6f1ecc4fa52895df3222c613f4359da035393a73701a612ca6b', 14, 2, NULL, '[]', 1, '2021-02-05 16:01:00', '2021-02-05 16:01:00', '2022-02-05 16:01:00'),
	('c7bdbeeb65267513e5b0402a137a8c21ebf19237eed670331afae7e9408ff15d22e32843c1fed3a9', 1, 2, NULL, '[]', 0, '2020-02-14 10:06:08', '2020-02-14 10:06:08', '2021-02-14 14:06:08'),
	('c9655c7d08ccccac3e42a39252c45cb740bc3744062fd1f72a78363e064288a7b56140c2f1a774db', 1, 2, NULL, '[]', 1, '2020-10-22 11:46:33', '2020-10-22 11:46:33', '2021-10-22 15:46:33'),
	('ca8ae3cd582cd9403b792689e861c29e0e9a82d6e2339cbacd5300a8866cde633e3bbac065a673dd', 1, 2, NULL, '[]', 0, '2020-10-29 16:09:11', '2020-10-29 16:09:11', '2021-10-29 20:09:11'),
	('cb6960b8e9d6816dc283422622fb8387aea554a617075e60a01746b88a151652f572b60cda08e73f', 1, 2, NULL, '[]', 0, '2020-09-21 10:00:35', '2020-09-21 10:00:35', '2021-09-21 14:00:35'),
	('cb946b7a96c5d09b35caad8b10905babd55f2bf98776334915e5464666a16c207ab00f4964df9f21', 1, 2, NULL, '[]', 0, '2020-06-17 16:17:30', '2020-06-17 16:17:30', '2020-06-17 20:20:29'),
	('cbaf8eaebb6be2005f71e8b54f20f7b588c870f94e79f194c9963536693ef06fd6e3a87f98258d2a', 4, 2, NULL, '[]', 1, '2021-02-04 21:26:37', '2021-02-04 21:26:37', '2022-02-04 21:26:37'),
	('cc5e753689d6c38d262d436cb1514e3d8845ab0a9ad5b4d34de5fb9937b84565a3b0b6cb8a9f72fb', 3, 2, NULL, '[]', 1, '2021-02-05 20:51:51', '2021-02-05 20:51:51', '2022-02-05 20:51:51'),
	('cc784e6f3f1bfd70eb859368f85c4cdc5f625471ba1426b0a1d049622bf79353179ed9d3c8ebc380', 2, 2, NULL, '[]', 1, '2020-06-15 15:48:32', '2020-06-15 15:48:32', '2021-06-15 19:48:32'),
	('cc9a94ff75e753275ea93c89467c7bcb77b59fd57d88726603019a34dcf528af7c76362a7c63e193', 4, 2, NULL, '[]', 0, '2020-12-15 15:41:44', '2020-12-15 15:41:44', '2021-12-15 19:41:44'),
	('ccd8240d9ef0f3b369cf50382b8ef01300d430ae4d6253707983b93b1bb6b3a6d963f174b9fc2e3a', 4, 2, NULL, '[]', 1, '2020-12-15 15:11:19', '2020-12-15 15:11:19', '2021-12-15 19:11:19'),
	('ce2b1653d4c032428283d23e2a5fca4a1431e13ba62fa883e4dfdefb9a988835e3366eab09faea9c', 4, 2, NULL, '[]', 1, '2021-01-26 14:56:58', '2021-01-26 14:56:58', '2022-01-26 14:56:58'),
	('ce44a991482e31a783a835037ece4c7b06bc4f6234461d5479e3fddf5cd83deeb62f6525e8183cec', 3, 2, NULL, '[]', 1, '2021-02-02 20:38:58', '2021-02-02 20:38:58', '2022-02-02 20:38:58'),
	('cfb01f043f59b489e38566273a233d0a757128f0bb0dbf171966897e5ee4d96807502b297a469b08', 1, 2, NULL, '[]', 0, '2020-09-04 13:57:32', '2020-09-04 13:57:32', '2021-09-04 17:57:32'),
	('cfd7a0856d016ce58132d6e32f27f525fe7a1a9fc31fc20576ace30cceb13e096a9565e49cb15501', 9, 2, NULL, '[]', 1, '2020-12-03 09:42:15', '2020-12-03 09:42:15', '2021-12-03 13:42:15'),
	('cff3f647b8535be4aaf48c0435193dcdcf2cc2d8681f20cb77e8d9c2c91b1a8c94afb7910cbd2643', 13, 2, NULL, '[]', 0, '2020-12-14 12:34:07', '2020-12-14 12:34:07', '2021-12-14 16:34:07'),
	('d0651b40632227aadec6f8c81b62a167b79e53c1db6b0f95dbdfd21d23a08c2348d61748576680bb', 5, 2, NULL, '[]', 0, '2020-11-26 10:18:44', '2020-11-26 10:18:44', '2021-11-26 14:18:44'),
	('d07a16ff73767b87c27c61c4a9767b507ed303357642804ca184b6317b260e213a205ec452f60daa', 6, 2, NULL, '[]', 0, '2021-01-19 11:52:20', '2021-01-19 11:52:20', '2022-01-19 15:52:20'),
	('d10976b919e83d726432187dadc50713938e7edacf4b23eb95c545d62b5d5bf967688105a5b7e0a9', 4, 2, NULL, '[]', 1, '2021-02-05 13:44:50', '2021-02-05 13:44:50', '2022-02-05 13:44:50'),
	('d12b2f99d09b171c14b10462dd8627864fac10a8c400b915674d1c488903a8ebec2c2f83d523b860', 14, 2, NULL, '[]', 1, '2021-02-02 18:18:38', '2021-02-02 18:18:38', '2022-02-02 18:18:38'),
	('d157b54257814cf2068c01e5bc0f1642132f19a25dbb6de2132e0f53aad974c3a817056ac5409cd9', 2, 2, NULL, '[]', 1, '2020-11-24 14:08:34', '2020-11-24 14:08:34', '2021-11-24 18:08:34'),
	('d171797fa63378b195e8f360324f9bf7e92fd9a40e10c5644ffed4c216c912d0bac6317d9f935fd7', 1, 2, NULL, '[]', 1, '2020-06-10 16:24:27', '2020-06-10 16:24:27', '2021-06-10 20:24:27'),
	('d1a794ba42d24f71671a852ac0a87d1ed98f424f5166d4ddd1c9ea3c7831bad2edb203f56cb067cb', 1, 2, NULL, '[]', 1, '2020-06-25 10:27:09', '2020-06-25 10:27:09', '2021-06-25 14:27:09'),
	('d1e5de76baf423985ab63ee1854ed9d5bf5ceb7c57e3d7199e4c79aea1b65b8b6813830a07941d39', 15, 2, NULL, '[]', 0, '2020-12-17 11:53:49', '2020-12-17 11:53:49', '2021-12-17 15:53:49'),
	('d281970df438d38fc3e4cfe6fb0f7757dc4a8b047abe9953037edff24f66f23432775c4a7e7d9e7d', 4, 2, NULL, '[]', 0, '2020-10-21 12:05:32', '2020-10-21 12:05:32', '2021-10-21 16:05:32'),
	('d2a6ced6d212e263e29723a3edb68622ce35a2f1010ce0deb7c370387a93e2edf45b55b256e044ed', 5, 2, NULL, '[]', 1, '2020-12-01 09:33:40', '2020-12-01 09:33:40', '2021-12-01 13:33:40'),
	('d35da1d624e5ae046fd8224246c8723dc4d0b940746435cfced925dd3ddc47b03798e6bea6200b32', 1, 2, NULL, '[]', 1, '2020-05-15 10:45:40', '2020-05-15 10:45:40', '2021-05-15 14:45:40'),
	('d4651c453d87c716fa4a64e30b0b6a90656be218bee02f01623056f78f99c843e18fa5c82a7e08e3', 7, 2, NULL, '[]', 1, '2021-02-03 21:20:10', '2021-02-03 21:20:10', '2022-02-03 21:20:10'),
	('d6a40c71e3863f607a90cae76b978bc7051d2f1c0bd70f2854037cd3147440a561e1928a98bef9cc', 4, 2, NULL, '[]', 1, '2021-01-26 13:30:53', '2021-01-26 13:30:53', '2022-01-26 13:30:53'),
	('d7a2d2913329c27170573b81b5107770b4b87fe7e0a943a1a0bfe01b74d55efd482685eb58b307ba', 7, 2, NULL, '[]', 0, '2020-12-03 22:04:13', '2020-12-03 22:04:13', '2021-12-04 02:04:13'),
	('d9ad65e5a1233312baf424e51773bf20efdc3feae48fcc26efa4b0ab7228a4f19a03007e9287d12f', 4, 2, NULL, '[]', 1, '2021-02-01 20:30:57', '2021-02-01 20:30:57', '2022-02-01 20:30:57'),
	('d9b9a2d6bad5f53238bc3ebae70beafbdda19048e5220ad02163ab473863222da5a08870a851cd28', 4, 2, NULL, '[]', 1, '2020-10-14 15:16:40', '2020-10-14 15:16:40', '2021-10-14 19:16:40'),
	('da10bcfc6a48499508e9d29e177285fa36aafefb828ba3e825c958d5e856bd4d022400fc20d16465', 2, 2, NULL, '[]', 1, '2020-06-11 19:41:33', '2020-06-11 19:41:33', '2021-06-11 23:41:33'),
	('da531a982213dfd449ca7bafff33c86f4a7c089290a8f97f69e79f7117ff05d32fc815060da1433d', 1, 2, NULL, '[]', 0, '2020-04-21 16:26:41', '2020-04-21 16:26:41', '2021-04-21 20:26:41'),
	('dae16128364f5ad2584600dcb98425773a86826deca57b03a1f91ba3ae6ac105b4344f88a6fdfa9a', 6, 2, NULL, '[]', 0, '2020-07-08 15:17:23', '2020-07-08 15:17:23', '2021-07-08 19:17:23'),
	('db97439d31e7c27d14e0dc0b1bb778fe9779397329afae977a91151623c5143f30e7761b9a983e49', 7, 2, NULL, '[]', 1, '2020-11-26 09:46:46', '2020-11-26 09:46:46', '2021-11-26 13:46:46'),
	('dc0fd89dc8c37d8ca42bcd6639951205b1325f4ca6587c95433bb89208bcda859b80779a13226ba6', 4, 2, NULL, '[]', 1, '2021-02-02 18:41:26', '2021-02-02 18:41:26', '2022-02-02 18:41:26'),
	('dd31e5c391aab35507e33cdc1599db9d0f97f94ed03922bd5f51d8714e94cf5d479305d1e233566d', 6, 2, NULL, '[]', 1, '2021-02-01 20:12:16', '2021-02-01 20:12:16', '2022-02-01 20:12:16'),
	('de03ff42b98da151242163df54b2fe608d20a868d35e594f7619eefbd28cd7dadd87246b502effb0', 2, 2, NULL, '[]', 1, '2020-06-13 18:55:27', '2020-06-13 18:55:27', '2021-06-13 22:55:27'),
	('de26cfa2b7cd886e06930ef4db90a920caca0d34329f0bb90e35cfbf71f1f69e1eeb8fcd12eb375a', 4, 2, NULL, '[]', 1, '2021-02-05 19:33:41', '2021-02-05 19:33:41', '2022-02-05 19:33:41'),
	('de46e397859de20ec251a082d18a7252bfa2a99d6c6940a24447494f0c670d72730dabd22d68a05a', 3, 2, NULL, '[]', 1, '2021-02-02 20:54:45', '2021-02-02 20:54:45', '2022-02-02 20:54:45'),
	('de4d3e03c45c72e18f9fcd324dd6eac44f61d5f3ce0c28eb3dc7a7d960a4de5077289ca8e5396b62', 6, 2, NULL, '[]', 1, '2021-02-05 21:02:38', '2021-02-05 21:02:38', '2022-02-05 21:02:38'),
	('deeb81194506e8289f187dd3541994171898cd8cff3d7f6fdf871cddd579c3c1b47b7bc550df0b51', 1, 2, NULL, '[]', 1, '2020-06-07 09:51:48', '2020-06-07 09:51:48', '2021-06-07 13:51:48'),
	('df28b0ebffaa5c2496876ac20cb830427b99c07e261823633bcd1e56760652b8b5ac66f29fcdfeec', 2, 2, NULL, '[]', 1, '2020-06-12 10:19:40', '2020-06-12 10:19:40', '2021-06-12 14:19:40'),
	('df9a296023b5f643dfda78c8e5a0ef2c9ca348c107fd3c8d62c704ec1be23788a79379593cdca595', 1, 2, NULL, '[]', 0, '2020-07-02 20:31:17', '2020-07-02 20:31:17', '2021-07-03 00:31:17'),
	('dfb34891262f12b487266ce06fc11ace877501a02271f7c87ce606834cd4481099e7bead51c9f4ee', 3, 2, NULL, '[]', 1, '2021-02-02 19:36:25', '2021-02-02 19:36:25', '2022-02-02 19:36:25'),
	('e057c2d35d883136a7eba452dab8ba4c2b28418410f3d21bebbd09d2fffae0bf59a0975166a514ef', 4, 2, NULL, '[]', 0, '2021-02-01 15:41:04', '2021-02-01 15:41:04', '2022-02-01 15:41:04'),
	('e1e981aeacb5b4b02161b92a69cb578d54c7ad3e591c0a923e8153edec76767af0e0905d67a29669', 4, 2, NULL, '[]', 1, '2021-02-01 21:27:30', '2021-02-01 21:27:30', '2022-02-01 21:27:30'),
	('e24c76fc2b54ba2767cc9d39f26e7d3871061d64acdfc25496a7727627ae0fdda69d4e22c91873b4', 6, 2, NULL, '[]', 1, '2021-02-04 21:21:01', '2021-02-04 21:21:01', '2022-02-04 21:21:01'),
	('e24e0872bfe59824148cd7d03db1f7db219f24f083813736b29a2fd173db69075bea188001306f5e', 4, 2, NULL, '[]', 1, '2020-12-07 09:59:59', '2020-12-07 09:59:59', '2021-12-07 13:59:59'),
	('e280f8f186fb6254fc4581e50f8e2bedc36f16817409e0d9c9ca62818050fd92662783df1b48abcd', 4, 2, NULL, '[]', 1, '2021-02-02 21:24:17', '2021-02-02 21:24:17', '2022-02-02 21:24:17'),
	('e46a3fdb2b7ed35149519f69893805243fca099df4315b226bb5ce7962d4f7bda811dc0123719b0d', 3, 2, NULL, '[]', 1, '2020-09-18 09:55:00', '2020-09-18 09:55:00', '2021-09-18 13:55:00'),
	('e57a64ec0baadddd04d2053b0adcfac164f4c2d199af2f8d9e2e2e6e0d350938aaf56634ed504faa', 4, 2, NULL, '[]', 1, '2020-09-29 10:11:08', '2020-09-29 10:11:08', '2021-09-29 14:11:08'),
	('e6e65140303d7134c0c252600739be987128d03f9adf5e4550f91607320ec2efeeb8e06e59bc5983', 6, 2, NULL, '[]', 1, '2021-02-02 21:06:36', '2021-02-02 21:06:36', '2022-02-02 21:06:36'),
	('e73749ee57c34475f3c716d41ff9d014f022ef3860908369eff6b988a6482d98dfbaabc2e026c0ef', 4, 2, NULL, '[]', 1, '2021-02-01 20:05:39', '2021-02-01 20:05:39', '2022-02-01 20:05:39'),
	('e76688102a2fbda105ced3d0857830fa67898ca980e09ea944d4a48a105eee98dc739079b55f92ad', 12, 2, NULL, '[]', 0, '2020-12-02 09:51:35', '2020-12-02 09:51:35', '2021-12-02 13:51:35'),
	('e8ba4c898faafc2a97ee34ff0068492210ef650881c42483c5158c9842425dd5ac158981159234ce', 2, 2, NULL, '[]', 1, '2020-06-12 15:32:44', '2020-06-12 15:32:44', '2021-06-12 19:32:44'),
	('ea12ae8cecc12287897d98ddfb6b2fd644e72ecb723069f7730836d7c2a399f57b4a183bfe82c8a4', 7, 2, NULL, '[]', 0, '2020-12-01 09:34:01', '2020-12-01 09:34:01', '2021-12-01 13:34:01'),
	('ea9a015edfd800f91a1b7c84d7441721fdceee015c83bf3cddb3cba3357615c8f428d0c0d76d74d5', 1, 2, NULL, '[]', 1, '2020-06-07 10:02:25', '2020-06-07 10:02:25', '2021-06-07 14:02:25'),
	('eac9d73f74f20cb2423da2a4e8979a0ecb80412b47749d40650ebf6b805b14d64de9a9409df6cc64', 1, 2, NULL, '[]', 0, '2020-11-25 15:09:53', '2020-11-25 15:09:53', '2021-11-25 19:09:53'),
	('eb1818966103c1c15ee6fd56f528db0f674188bab4dfa53e9d5ee44b7f2529359e821bdc0892e762', 2, 2, NULL, '[]', 1, '2020-06-12 11:37:47', '2020-06-12 11:37:47', '2021-06-12 15:37:47'),
	('eb3cc2b56481cc1b8576283d79e66b4cf90e96accc7cdfda128f7a9ab641071d456867b16c9a6667', 1, 2, NULL, '[]', 1, '2020-02-05 09:49:56', '2020-02-05 09:49:56', '2021-02-05 13:49:56'),
	('ebad0bcd061a1be78f0f5a382f60133bc4657fdfd68a9d053e98ec7113d216ca682192ee44eeb5af', 1, 2, NULL, '[]', 1, '2020-07-10 14:07:06', '2020-07-10 14:07:06', '2021-07-10 18:07:06'),
	('ec499e60a45bdfd3cf5f8267b7c80c2455946c7f49ecfa224cbfad606dfc2e7366bbd44a9d6f974a', 1, 2, NULL, '[]', 1, '2020-06-10 16:45:49', '2020-06-10 16:45:49', '2021-06-10 20:45:49'),
	('ed16e8b6b13afe6907c854aee70c34cab1e3164056ddc314e6aa9ff381b9e336444b5b881b734ed8', 4, 2, NULL, '[]', 1, '2021-02-05 20:15:07', '2021-02-05 20:15:07', '2022-02-05 20:15:07'),
	('ed210e6f9ffde6461b142022765a4fff3a6b252100bdebf8bb939103368318c8d5a3d84c00cc3a8e', 4, 2, NULL, '[]', 0, '2021-02-08 15:17:16', '2021-02-08 15:17:16', '2022-02-08 15:17:16'),
	('eed9a924b4d0a6fda252bc6fd96b4b009db4670c7af112495b9ef46d283168f50849e4bf6abca735', 4, 2, NULL, '[]', 1, '2020-09-25 09:56:55', '2020-09-25 09:56:55', '2021-09-25 13:56:55'),
	('ef868221df62017175f3fa42a9d1fe4200baa62239177bbf12888bc0f97e761e0797b57040a14181', 2, 2, NULL, '[]', 1, '2020-06-17 11:31:43', '2020-06-17 11:31:43', '2021-06-17 15:31:43'),
	('ef8f65e5ed76ee1068fd92088e2aba12e8e8542a7667e3bdee8d986e39a5590445eb64e60d3d14be', 6, 2, NULL, '[]', 0, '2020-07-08 14:36:24', '2020-07-08 14:36:24', '2021-07-08 18:36:24'),
	('efb649831102453a02b12b2a2e9b58a6468f1362fc60c97814484c321188e6c9b9e5b9869eed8daf', 1, 2, NULL, '[]', 1, '2020-06-07 09:52:24', '2020-06-07 09:52:24', '2021-06-07 13:52:24'),
	('f0e50f16ab55f26249f9328278e0271f809a6fbd2f5e95fcffe5002c82325fe71a71930ffdeedf74', 2, 2, NULL, '[]', 1, '2020-06-15 15:27:08', '2020-06-15 15:27:08', '2021-06-15 19:27:08'),
	('f12ea247829f0602a27dae3e24ec1486d248c45f07d9e57d12e8fcd15445920099d7c07e6709e463', 6, 2, NULL, '[]', 1, '2020-12-16 12:34:58', '2020-12-16 12:34:58', '2021-12-16 16:34:58'),
	('f1c54f0fe21294082dff7311a60f7cc474d7b992e8b11ec32257da8b68027f878f6987143c0688d8', 10, 2, NULL, '[]', 0, '2020-07-07 15:12:16', '2020-07-07 15:12:16', '2021-07-07 19:12:16'),
	('f27a3a3cb35bc98cb91a06d7c249f30c65afaa5bb44d920e01fe5a9f9b7941157f1965c8afca4092', 1, 2, NULL, '[]', 0, '2020-02-19 10:08:31', '2020-02-19 10:08:31', '2021-02-19 14:08:31'),
	('f2ab5512d1a0af352afbed5f42302b0a7690a27b1305aab03518bd1f787572ac59486b70ac380a4c', 1, 2, NULL, '[]', 1, '2020-06-12 11:10:57', '2020-06-12 11:10:57', '2021-06-12 15:10:57'),
	('f353c1dbaa49394c88266116dcf84effe6212e9aede2a6760ecdccb67b8b1453c620056ebb9addd2', 11, 2, NULL, '[]', 1, '2021-02-05 16:04:32', '2021-02-05 16:04:32', '2022-02-05 16:04:32'),
	('f37587cbd9609b21193ce24717a5ccee5db414da2e95a771f093772681e54609c771f05e4f7b58e8', 2, 2, NULL, '[]', 1, '2020-06-11 10:18:14', '2020-06-11 10:18:14', '2021-06-11 14:18:14'),
	('f43e93cad783968e4ee7fd576a5a602c27fb045f651e373c11cbad42d8c30f42a93f33f9e1d77363', 4, 2, NULL, '[]', 1, '2020-10-07 11:51:54', '2020-10-07 11:51:54', '2021-10-07 15:51:54'),
	('f4729301b108706613384fc26e2e493bace072ec8f136b031c49ec6a321de8605cb72e8b46aae315', 4, 2, NULL, '[]', 0, '2021-01-29 14:19:23', '2021-01-29 14:19:23', '2022-01-29 14:19:23'),
	('f53951192b23430450d20150f0a0d1e8b6fa30ecae9b5e34db1759578306821e4a57a339b294a41a', 1, 2, NULL, '[]', 1, '2020-06-12 11:17:15', '2020-06-12 11:17:15', '2021-06-12 15:17:15'),
	('f64f99ab2861d68c431a150a985038c2e2d275332e31ddcd74fa71087b5970a31c0816ee4cb17248', 5, 2, NULL, '[]', 0, '2020-12-09 09:54:36', '2020-12-09 09:54:36', '2021-12-09 13:54:36'),
	('f6aef47663a79bfdfbb8287b99e06cf5c75bfc68a776aeaeb9a7446e3d7647c871a03cf073a0bbba', 8, 2, NULL, '[]', 0, '2020-12-09 09:31:31', '2020-12-09 09:31:31', '2021-12-09 13:31:31'),
	('f6c45034552be72603ee64c9c82d957703c6ba9c35825a6928a79f1888596752882ace19b2d73cba', 1, 2, NULL, '[]', 1, '2021-01-25 21:18:19', '2021-01-25 21:18:19', '2022-01-25 21:18:19'),
	('f75b5b845ff6426df8e197cd1243379dec6f891663296a46441333977dbc7eee505619b33f03bc68', 11, 2, NULL, '[]', 1, '2020-12-03 15:46:13', '2020-12-03 15:46:13', '2021-12-03 19:46:13'),
	('f7b8a480184e6ff6c1fc8c4a741e0c314f34f1f5e99d6c87ccc22a16d757f764316d9ffbc3d02ae1', 4, 2, NULL, '[]', 0, '2021-01-26 17:17:17', '2021-01-26 17:17:17', '2022-01-26 17:17:17'),
	('f826427a048d5e843dfd711f8285f8310aff662ad860125c2270a2d8afb77b443d9f4dedb4ed3219', 1, 2, NULL, '[]', 1, '2020-02-05 09:50:16', '2020-02-05 09:50:16', '2021-02-05 13:50:16'),
	('f8481ee5793a282a40eac421e1cbbadf921c2855ca485408dc0427bd6b7775ca4e77aa583abec445', 1, 2, NULL, '[]', 1, '2020-05-19 11:21:11', '2020-05-19 11:21:11', '2021-05-19 15:21:11'),
	('fb406eb14e2d10893efbf465e0440aa6b6d59f4067f948bec24dce0f911bd613b1f11d65cbe1cde7', 4, 2, NULL, '[]', 0, '2020-12-03 16:03:12', '2020-12-03 16:03:12', '2021-12-03 20:03:12'),
	('fbf03e0dc632b6a87c65c1c7f54cfbfe976bf9e3ce348b87f8bf8cfc5abb5b5d786f1befc9041a0c', 4, 2, NULL, '[]', 1, '2021-02-02 20:56:37', '2021-02-02 20:56:37', '2022-02-02 20:56:37'),
	('fc9c7a697995accea8e1b0b8bac65c6d1c2e7780a7177ef60ec7c2737ccc972f3aee561b53f1d693', 15, 2, NULL, '[]', 0, '2020-12-02 10:42:58', '2020-12-02 10:42:58', '2021-12-02 14:42:58'),
	('fcab305aa39e102d950f6f62cd0c428849082639014a8be5a9b85c720460e33d87e79ef333f7f2f3', 1, 2, NULL, '[]', 0, '2020-06-25 20:23:43', '2020-06-25 20:23:43', '2021-06-26 00:23:43'),
	('fd7165d8de9184c2e06a8b9734be78b40c4f9a33446bb3086f061c42de3fc3cd73c25b2648080239', 1, 2, NULL, '[]', 1, '2020-02-14 09:47:00', '2020-02-14 09:47:00', '2021-02-14 13:47:00'),
	('fde6b20ead04ffafbd269289e8c76b4498530f3ea5d5ca36fe482a66838a7517117f295657081bf2', 1, 2, NULL, '[]', 1, '2020-08-07 17:09:38', '2020-08-07 17:09:38', '2021-08-07 21:09:38'),
	('fe25023c035a27a1ff44120e7c71b288b554c4a7d0ec8976c79c64e31835f24250bc378bf64f377b', 1, 2, NULL, '[]', 1, '2020-05-28 11:28:35', '2020-05-28 11:28:35', '2021-05-28 15:28:35'),
	('ff32af9d47df05bed23cd70dce79f862fae3f47e4d4f5ec1e0c140ca383ddd765f35bf66665f1eee', 5, 2, NULL, '[]', 0, '2020-10-07 12:18:03', '2020-10-07 12:18:03', '2021-10-07 16:18:03'),
	('ff603eb4b684e49cbcd3faddb68b1a4fac6ac4b18d85338a5997d4bef1ff0f8402871fe8c9eb7605', 1, 2, NULL, '[]', 1, '2020-06-14 19:20:37', '2020-06-14 19:20:37', '2021-06-14 23:20:37'),
	('ffd74a816f56061dc48e55bfad26343c236d2f3af871545958ddf353d336d70f7b649cf52ea36fed', 1, 2, NULL, '[]', 1, '2020-05-15 10:32:31', '2020-05-15 10:32:31', '2021-05-15 14:32:31'),
	('ffe2b4eba9491c4778e9dc90eb5d0c37c556114f701e15661681068b9379b2766fe5564712dfff37', 5, 2, NULL, '[]', 0, '2020-12-01 08:43:36', '2020-12-01 08:43:36', '2021-12-01 12:43:36');
/*!40000 ALTER TABLE `oauth_access_tokens` ENABLE KEYS */;

-- Volcando estructura para tabla imagen.oauth_auth_codes
CREATE TABLE IF NOT EXISTS `oauth_auth_codes` (
  `id` varchar(100) COLLATE utf8mb4_unicode_ci NOT NULL,
  `user_id` bigint(20) NOT NULL,
  `client_id` int(10) unsigned NOT NULL,
  `scopes` text COLLATE utf8mb4_unicode_ci,
  `revoked` tinyint(1) NOT NULL,
  `expires_at` datetime DEFAULT NULL,
  PRIMARY KEY (`id`)
) ENGINE=InnoDB DEFAULT CHARSET=utf8mb4 COLLATE=utf8mb4_unicode_ci;

-- Volcando datos para la tabla imagen.oauth_auth_codes: ~0 rows (aproximadamente)
/*!40000 ALTER TABLE `oauth_auth_codes` DISABLE KEYS */;
/*!40000 ALTER TABLE `oauth_auth_codes` ENABLE KEYS */;

-- Volcando estructura para tabla imagen.oauth_clients
CREATE TABLE IF NOT EXISTS `oauth_clients` (
  `id` int(10) unsigned NOT NULL AUTO_INCREMENT,
  `user_id` bigint(20) DEFAULT NULL,
  `name` varchar(255) COLLATE utf8mb4_unicode_ci NOT NULL,
  `secret` varchar(100) COLLATE utf8mb4_unicode_ci NOT NULL,
  `redirect` text COLLATE utf8mb4_unicode_ci NOT NULL,
  `personal_access_client` tinyint(1) NOT NULL,
  `password_client` tinyint(1) NOT NULL,
  `revoked` tinyint(1) NOT NULL,
  `created_at` timestamp NULL DEFAULT NULL,
  `updated_at` timestamp NULL DEFAULT NULL,
  PRIMARY KEY (`id`),
  KEY `oauth_clients_user_id_index` (`user_id`)
) ENGINE=InnoDB AUTO_INCREMENT=3 DEFAULT CHARSET=utf8mb4 COLLATE=utf8mb4_unicode_ci;

-- Volcando datos para la tabla imagen.oauth_clients: ~2 rows (aproximadamente)
/*!40000 ALTER TABLE `oauth_clients` DISABLE KEYS */;
INSERT INTO `oauth_clients` (`id`, `user_id`, `name`, `secret`, `redirect`, `personal_access_client`, `password_client`, `revoked`, `created_at`, `updated_at`) VALUES
	(1, NULL, 'Laravel Personal Access Client', 'qDfabJH5PjXhuPeyPC9dcMQxIW26DJKo8YvMLAWX', 'http://localhost', 1, 0, 0, '2020-02-04 21:47:22', '2020-02-04 21:47:22'),
	(2, NULL, 'Laravel Password Grant Client', 'jyHxlIO2G1dnzt6F2RqmjbSwfW6BtmDfGHGSb9IC', 'http://localhost', 0, 1, 0, '2020-02-04 21:47:22', '2020-02-04 21:47:22');
/*!40000 ALTER TABLE `oauth_clients` ENABLE KEYS */;

-- Volcando estructura para tabla imagen.oauth_personal_access_clients
CREATE TABLE IF NOT EXISTS `oauth_personal_access_clients` (
  `id` int(10) unsigned NOT NULL AUTO_INCREMENT,
  `client_id` int(10) unsigned NOT NULL,
  `created_at` timestamp NULL DEFAULT NULL,
  `updated_at` timestamp NULL DEFAULT NULL,
  PRIMARY KEY (`id`),
  KEY `oauth_personal_access_clients_client_id_index` (`client_id`)
) ENGINE=InnoDB AUTO_INCREMENT=2 DEFAULT CHARSET=utf8mb4 COLLATE=utf8mb4_unicode_ci;

-- Volcando datos para la tabla imagen.oauth_personal_access_clients: ~0 rows (aproximadamente)
/*!40000 ALTER TABLE `oauth_personal_access_clients` DISABLE KEYS */;
INSERT INTO `oauth_personal_access_clients` (`id`, `client_id`, `created_at`, `updated_at`) VALUES
	(1, 1, '2020-02-04 21:47:22', '2020-02-04 21:47:22');
/*!40000 ALTER TABLE `oauth_personal_access_clients` ENABLE KEYS */;

-- Volcando estructura para tabla imagen.oauth_refresh_tokens
CREATE TABLE IF NOT EXISTS `oauth_refresh_tokens` (
  `id` varchar(100) COLLATE utf8mb4_unicode_ci NOT NULL,
  `access_token_id` varchar(100) COLLATE utf8mb4_unicode_ci NOT NULL,
  `revoked` tinyint(1) NOT NULL,
  `expires_at` datetime DEFAULT NULL,
  PRIMARY KEY (`id`),
  KEY `oauth_refresh_tokens_access_token_id_index` (`access_token_id`)
) ENGINE=InnoDB DEFAULT CHARSET=utf8mb4 COLLATE=utf8mb4_unicode_ci;

-- Volcando datos para la tabla imagen.oauth_refresh_tokens: ~468 rows (aproximadamente)
/*!40000 ALTER TABLE `oauth_refresh_tokens` DISABLE KEYS */;
INSERT INTO `oauth_refresh_tokens` (`id`, `access_token_id`, `revoked`, `expires_at`) VALUES
	('0012ac723d07918425eee09d4faf717e9406e1156bba766cdbaabaf3c89bd7ea41804687862f7d97', '262299fa06eef48a6691074d588b9a2e5d85e8fbcf7c1f7a535abcbdccbcbb495647baa61b898cee', 1, '2021-07-28 14:46:14'),
	('00dc31ab40089a58579428c3b0bd8dc779c974fedf744a35756449c4c86ffd1a99fd061917f09286', 'e24e0872bfe59824148cd7d03db1f7db219f24f083813736b29a2fd173db69075bea188001306f5e', 1, '2021-12-07 13:59:59'),
	('011eb5e1ecccbd1b9f261e95c2fc4fef01315acc5ab0d4fd6cfd4b6cc6725cc211116ac2887f1068', '77cbeb4087b77d5f1e799bbda18866d75b4bb71c01076b895b0864e9bb905b4dc05ac497ae5a309c', 0, '2021-11-26 15:15:34'),
	('0133900126af402922cb1accbfb1b14d1cd508caa389fd4e65b523ab7d82c639d88e207f6df7417c', 'd9ad65e5a1233312baf424e51773bf20efdc3feae48fcc26efa4b0ab7228a4f19a03007e9287d12f', 1, '2022-02-01 20:30:57'),
	('01e099b24c16fb9ae62fcb00f2509dfce2cd7875d64761ad903c3f883110a6f1457f3ca37b3b15eb', '9dba6f52ef98117accc7018429bd508d1654521b345d6e9ba2673a3d72869b96feb7a1f021579ceb', 1, '2021-07-07 19:12:26'),
	('01fba1b7dd8ffc02b79105b19370ea768cbfcd7f5f6eb821c43f5c15cc78675cfae67d136e60492a', '38d0d203739421f2da95327e84a9291bfafdc2e088bf9e77feaf81f8c2b1b36f739cb3dccc65b928', 0, '2021-11-27 13:34:48'),
	('02070de18e490c9bb60cc54b12ada47496184a1b5e42cc7a7b70175bcc9176e40712eefe82aebbb2', 'ba6f30c84d372d60d082c8d5d31782ec4efdfd2a3193589927c44c6aed36cb35e6cdf4be36448795', 1, '2021-12-05 15:42:19'),
	('026c1b5ffb864a3d2a9c620ec634aace630dc0e80e48f8f88ce7e4ac00a37ed7596de3c28c828a29', '02cc8385515ad98dce2563dc7765c9218a1156fe4cdad9008f8dc503ab88069fcd32652376fb8c02', 0, '2021-12-03 19:22:51'),
	('028eb26c13a56fbf03e9b0d3011ce8bfec6f2473b0e390a10f4b78eece54658b778614a20a0f05e8', 'a5d45b1939a683fc48dfa4a33e620873fc6438cd1334db819f46ccd8751886beac30e0632b1a7234', 0, '2022-01-07 14:05:21'),
	('02e954c85992c08778fc11721c0e2e0afde15cc47d638761bb7939e0e0c519d3409166e222f77264', '0ebaa7d9b4d67df20f6572971738042ef45c2b3e0b3a67fb463f139054d79a0700bad6e457035192', 0, '2021-02-17 22:24:01'),
	('02ed4f4821831dc665a0c95060e3b5ff1f4f3a888e8dc61227d173eda47e3f65d61ae97490aab6b4', '940c71644665b4c64925fda780a6e25d543852eceffb45f025a7e98be1e6c8cb20121b343e50c304', 0, '2021-02-17 22:22:48'),
	('03004e540dadadf0aed262df10d127132e141f44a1904cecda362ddeddaacd005426aa9fb9ffd0d2', '7987d8a32a8ae66c0b4aa2275c5c3360df9099211c9ac9c2a2dd9cf22cce0fb94319444fdd900154', 1, '2021-02-14 13:43:14'),
	('03a8bcc976d90758068b8f910fc1cd31b05b0c15b8cdf4c282c83ab28b9c260255b0d347aee982dd', '28c24237b4d5c09efade1ad1c355d2e7305eba7215f512633f3a6bddfbf2cc23ae43849a70d9db5a', 0, '2021-10-28 03:01:10'),
	('03e7ebacbda3c6369ff564aaf1d4aa46385240de20b866d520fa0bc8b5fd6bfe1c149532da376385', '7734e98157c8700c6aec152aa8ed7d6d357fd25b65eb8aaa778d74d735a32573a844cf29b89e89d5', 1, '2021-06-07 13:26:17'),
	('045d619677339f4f50685c4a4e0bfe0c4fe88908dad328c74a37fcfb67ec022f90ac0ea64275c478', 'f53951192b23430450d20150f0a0d1e8b6fa30ecae9b5e34db1759578306821e4a57a339b294a41a', 1, '2021-06-12 15:17:15'),
	('0685451509187fb58163816b9afec8c670e1d8f11f7cf1fa50b35600433e45b41da772f7b6e45847', '5a63a1483c323e8ca87e789bca0970bd0783df78e0436aac05e79a38d8bb38f1ccfeb9b8ebc0d6e8', 1, '2022-02-02 18:36:10'),
	('07e9003ba07845f7e83beb82bebfbc9c5e191beeba927093250115effab8fe053b9b0d7d859e9199', '16be76ff9dfea7c56c3ff41b8ac51f40e2596bd9f76bef295a5dbd6f56e35d0e62278a15d9174802', 1, '2022-02-05 17:39:05'),
	('086d281beb5d043a505a22274bd5d4f96228594ec549dccb2e96901f9fea6fc9a75be7d12fb94663', '4bdd36959732b002a27a4b20fd84431fdde88965e7329b1e3982c402b9f8ad4603de52f284ec9685', 1, '2022-02-01 20:37:58'),
	('08f927ea7aee2ea5f754bd6ed760df6004f6a65ad3bf4a554e1d48a0e6d57ca93aea96b48203c543', 'de26cfa2b7cd886e06930ef4db90a920caca0d34329f0bb90e35cfbf71f1f69e1eeb8fcd12eb375a', 1, '2022-02-05 19:33:41'),
	('09f8bbb1961098a687d1375788f9065e334ed7f129e39e933786828b9b0b8052a5a1db67a66022fc', 'f0e50f16ab55f26249f9328278e0271f809a6fbd2f5e95fcffe5002c82325fe71a71930ffdeedf74', 1, '2021-06-15 19:27:08'),
	('0a07f182b404fa46fe08a4aa774a86841edaf1788355e0cdedc96f738aa7cdbfb6f3924c450b8bf0', '3db1f139cfebaa2f448a7d3f4af5e418b28d0ab18ff9cc0eae898f59b3f56eb2edd53cbfe27449ab', 1, '2022-02-05 20:16:21'),
	('0a6942fd5afd7a3f0ec02cf76e55f3c00c9c8634365c99de4814e5da98b85bbd522e73e0760591b6', '760587664f253560eb3ec997d70f51895b3b9b710023288ede02a1accef71a211c9c5eff741d77df', 1, '2021-06-14 01:49:28'),
	('0a91cded93a97e26c4a5bab51aac54a129bfb41dbbd5c53f1e2775cc28991c8ea76f7333b06dfc0e', 'ea9a015edfd800f91a1b7c84d7441721fdceee015c83bf3cddb3cba3357615c8f428d0c0d76d74d5', 1, '2021-06-07 14:02:25'),
	('0a9eebb312e1c025ab1baa10158b6c37e57222e1125a9c06bf8c86d1d7b28240aaefee0d8e8df610', '6adad47bdde48dfd7a61796c60242593289aee10d28159ecffd1a5143a8163fd18bf8c2b584b05f5', 1, '2022-01-25 21:11:41'),
	('0ab3d7e04ac95573da493b84f1f800ff1a51c0acce805d74ca489657b8ec8c6c8f97aff0f4860002', 'de03ff42b98da151242163df54b2fe608d20a868d35e594f7619eefbd28cd7dadd87246b502effb0', 1, '2021-06-13 22:55:27'),
	('0b04f3a7f782957488f0cda2df485055b313a366ca9ac45075a2519d62b3912b82fabe118ba513c3', 'f353c1dbaa49394c88266116dcf84effe6212e9aede2a6760ecdccb67b8b1453c620056ebb9addd2', 1, '2022-02-05 16:04:32'),
	('0b8f1197b8fa4b8d8df7495774997dada100e9a69447ee6c8269b1237869914091d3e3fd906685c2', '1c3b3f4ba014ebca4a082e1b176b8ac161a19dcc801319ae5c104eb6428dd5766e9d801bdbc13766', 1, '2021-12-02 14:23:51'),
	('0b9d5b21cf13fbfdff559d2bac1d2caa07a349fe8e27a5133ac196c6b0ad38d799e91e7b1f5707d3', '67d20e1474932e1285ddb7d1a7ef7a113dc8a56e74234a7d2f0d57b6ab5946073234d2124a16d9be', 1, '2022-02-05 14:53:37'),
	('0c1461835552fca6f0de8137af718242893ad84dee1a2b0bed92e096defd78ac95f146369b82e816', '2954c634fde559222910a11097b30391435de132d992456f2853b00718840f0ff7605bceb765075b', 1, '2021-06-15 22:39:11'),
	('0c9af777fed2f4b2511d826ee9c948e1aca77c3b2197872131a975694c0572665f8337488de47296', '37e93d397fd11114a85b069d82d111cdfa9eedc31e6804208a8263b3c077fad1737f1561bf35da92', 0, '2022-01-20 19:45:26'),
	('0d25e53bb326d92ec2b5fc36372775a78b9f3d7d95eb91049f2483b2e6647b19ba624df33fbb1aac', '2f05bcb61c45dafd8233803f2ee2444c2a4b6d281e9f3e61a3b47b161fdd18fffdb7d289af097fcc', 1, '2022-01-26 15:51:50'),
	('0dc0799b63aa0d5ebf0f299487f302882671ebf2280963d1100aa7ef3dda582ff78f67616d0099ea', '3a803c974599c3693c18737f685be31dca6988e75662db381d681feb946747fa4fbeb6bfd4f859c9', 1, '2021-06-12 19:23:32'),
	('0e0a5786f9aefd50269f9c7e96595aa2133e982e4d3b1718920039c2466a4e8e1c8f3861f50ba08b', 'a1df87759da10d1caf9828a8f0dcc8ddea2b2dde510884670c632bac3520086e0f3d5281c4838ec1', 0, '2021-10-27 22:20:50'),
	('0ea5930a73ea9def7d91ca0587a81220f6de7cbe1e27f05dfbe595cfba82ab84b8c74e0e7742437c', 'cb6960b8e9d6816dc283422622fb8387aea554a617075e60a01746b88a151652f572b60cda08e73f', 0, '2021-09-21 14:00:35'),
	('0ec4cd20f979cf4af2a741c774a6a3f4832712308fa851d8d66db5f58f4d2a45a23125b2590cc6b5', 'fcab305aa39e102d950f6f62cd0c428849082639014a8be5a9b85c720460e33d87e79ef333f7f2f3', 0, '2021-06-26 00:23:45'),
	('0eecad06d50509cb22cc4fa2d09ee5045def2834f66ea450e35cfa0d58878b88ae9f557836a74f5a', '2e06c0d61868cc7a4c1c4f0cdc75fb34d286ac35f1a9c305839eb37355185f408dc197b08532f362', 1, '2022-01-26 15:50:14'),
	('0ef5eabd6c11b08c83153c6abf3d2ba552311ea82dc678a0eea968f00644f9e6acf2ae99541c3097', '92d3064ece53601107dddf8fc1e381c110c057639b36d5b3a26e3a32d7a3cc46f2bfb2c94bcc2057', 0, '2021-10-13 14:02:35'),
	('0fab43de610c557dfc1d26565eda3cb4050ef426df016dbb7410352f170119e7537280889a9a0d7d', '33420c7f5fc1a3a87c07c82f6ece07d20c28e126ca2967074e2f703b6f541269f2853b6bc564da99', 1, '2021-09-04 17:57:26'),
	('0fc3bd5714ec870685f479a2953daef3807d06098a5efb6efc9ddbc30cd7bf205bf33b6bc182c549', 'bbd5be535d7d15e0546a926d95d1bf5a320b380271e566c3238dcb0b14e06a5b637132780fd95d8a', 0, '2021-03-09 13:31:48'),
	('0fee14545a57577827fa3f0a10497bf7b4e48aa683b1dc1bc886706e92f3707991226cb56f2aa7fc', 'b01d3165b70f3a6c11457749dee1e872e86104fda903c7496227d2753aa8c8fd19e33b1c1991635f', 1, '2021-09-11 18:05:34'),
	('10599d8af22cf8623f2334eb0026bd01d0ec59a3ee9cbfa5a3c0b1ab0062c328937c88721c5bd524', 'a2c55459623adcfeb366d0e8da5811dff92ffeffc711ed5a1a2852fead9ff9629bf34310d7f3f7d1', 1, '2021-12-14 15:27:11'),
	('109b23fbc702702ca01695add7ad885f7168b210fb2e991ff37162041a57b647704028f22123ce84', '65e446ff2c3f1584cc9a9eae0c725bd243ca95a489ecb48a04b6cb1e1ee8d03c046a60e9bfcbbea1', 0, '2021-09-04 15:59:09'),
	('110098433d344326baf802ba382956851d3f656d1feb8666f6d634dfdde1927478fb0558528e8d39', '10dd418215a7175851fa320aee77246a7e099a000b42088ed016e37c1924a700e9b33f9f3ffcc003', 1, '2022-01-22 14:45:51'),
	('114828024006f7ee463ad18d20e8fac221a9955669ebf5c0e14bab06a880fb93e0b77addba07cb64', '1e7887e32995aa609387b7345d3987d453ef1c3cdf1d74e27b69cf45417d65d65f9cf02f5752d1a8', 1, '2022-02-02 21:10:34'),
	('11519ce3cfca57a449a86b5588d9eb7c630037118ee6ecf7ba9f0f280c0bd875a44e12b4e6a364b4', '2413d93b71c91d28aeb5eb5d712a8b00429b3f0d582f9d5dfba395b0e1672efa1dc5378e8ce6e264', 1, '2021-10-07 15:54:30'),
	('118bbd8dee6ade626a6a2bc6e2f408244501aad2f469eaa912e58d7cb0691b6849af9e00e0688544', 'ef868221df62017175f3fa42a9d1fe4200baa62239177bbf12888bc0f97e761e0797b57040a14181', 1, '2021-06-17 15:31:43'),
	('121c0a498a97373669716ef9bccfeb6ea00e3dbba86251004dfc1037ca2cd92fb311cc39c066a120', '5de3cfe2841747bd02e5b4a9e36f5f014df6114d26c6a66007f4a1e006f44bfa70265bd656748a08', 0, '2021-12-15 19:51:33'),
	('132fc472c91ce9c126b7dcf0493c3f125d4c7a43188db44338b9c7a3ba0d26a917851f3c4744a38e', 'd7a2d2913329c27170573b81b5107770b4b87fe7e0a943a1a0bfe01b74d55efd482685eb58b307ba', 0, '2021-12-04 02:04:13'),
	('13328bb4a5a676c93a2f4799f2a4dc03fb16dfe167a73cb10438a6ad3b51b1b906e3596e905ad5fb', '54ee204621c63c050d1e24d903de42dbcd2080a30d35ee384c3d62429f5e4e6b419a9ec52704b15c', 1, '2022-02-03 20:55:02'),
	('14d558cf560176e9fe1bb9727c1a251e3ee4752b6665a99722099a5109adafdf0dbfe69a71085aeb', '5a128ad0603e5a5ec35c5e1319a6cbfa360dd4dc1b920eb0cdeeac414ecfdef9883bfcd117a19a9c', 1, '2022-02-02 21:24:06'),
	('14e9b766f106ce97566c0970228df5d83248a58806c265e9f7cf9039c909375f08eac7508c4a511a', '79e4d351593043dff01ee81afc222e487d8986b787c4739373fe2f8b161a884c1dd18efcdd5beb9f', 0, '2021-09-22 14:30:21'),
	('1557c4ce3c4c3eb7b5eb12fa42e01e39a8378a7233c3143acde0eeeefe70eab5bd8bbb7a7a893adf', '4f74b5994a687e8e6cfc408ebdb1fb4cf1a4457dd80950e65bb353b5d7c289dea967429a168d60e5', 0, '2021-11-25 00:54:52'),
	('15b35716ec2789d702919f0f665728abfa7623c6f84869122aa0381724b7263a006477483b6dfe47', 'df9a296023b5f643dfda78c8e5a0ef2c9ca348c107fd3c8d62c704ec1be23788a79379593cdca595', 0, '2021-07-03 00:31:17'),
	('1652f501a14facf23a5140907acbe63881dfbd6941d6d29b1ad77ed8b63a4b0ce3568c236e8d9ee4', '3c51740c257d4c8069a50230c0a96e4289dbe27b282592c01b9e7f64a05b1e27fca3217346b836ae', 0, '2022-01-21 21:04:20'),
	('16a507a0573a6a7292d643931768e9b017e69076605db5a78074ffbf1c844ed358abe738f71dcd87', '53871f0aa6ff6228c305281128fbe87cdafc3d9f463531babf06c40f75edf5b4abf22ab9faa3b407', 0, '2021-11-04 20:30:21'),
	('18273e4380ed77ff6b5026444165c0e52816a7bbdccea4e3dcba75603d46210cb0f72e7694981823', 'eed9a924b4d0a6fda252bc6fd96b4b009db4670c7af112495b9ef46d283168f50849e4bf6abca735', 1, '2021-09-25 13:56:55'),
	('1858ddd251fa74f976f15f5145f5ca9fd1442d9e5d270c93875c45000ec45946cd86396cccf15c08', '428f1768190b35dfb9dfb66cdca888c01b6791df359a79f92047faeb2c890f4a5055e3d65f2bfdba', 0, '2021-05-15 14:47:04'),
	('1865bedbeead46a7d806cb6a955ff18b5d561a211e4a14e85a660ae76439c7d3409069dbc395b04e', '113c55900fa77886642e1dbae9564b346b4567a9607ebf80f94a5b911f0946990ccb935733335525', 1, '2022-02-02 21:19:24'),
	('197426836aa31e35e619c21dbbe31e99c1d60068d816a2ea071576a1a058b4cd6af50e8c7b43cf78', '6ece7bbbaf00d39506f6c033f1b1ae6e3d978fb61405fdb68179ba68cbf81394ef23d8b61266e19f', 1, '2021-12-02 13:23:17'),
	('1a37381d3ddd4b28824470913d6436b9148aa3dd53245f021ab68eec654845325c9a688a714f7c37', 'b2cbece9aa5aeee1b6c601255501ee1e28dd5da46ad53cf7bc6efbfb50fa895b4cde7c95d1fd9092', 0, '2021-10-16 13:24:03'),
	('1ae1f239b2db6998967f6fe04dd8018721169d1867b06365beb03735237e2b99f2fdca951e103a24', 'a7a147ad1b3cd7f4084d5f5b69fc61d54a6d7047552b67708631bef0d2d78694a9856415a64fbc38', 1, '2022-02-01 15:50:11'),
	('1bc8d76cf5e2488594875c3e2cbc195eb77f2903cff10d52e684ed2d79387fd01b6e341d6d355f8b', '190639646a6fae32531771d8516e6abbb8c03320b67147d34f1bae47b35c64f2b9876d64daf71178', 1, '2021-06-12 15:33:03'),
	('1d4218aad5c44907d5ba881e92166c466feefbcb0ce1b01f2f286a3b6e8bf3ce05c244bfe8276753', '650b131237bbba52783c70c66a32c1fa1172d777723dd98d0ff02b18bcaddb3f149e0bff773d36b1', 0, '2021-12-09 14:14:39'),
	('1da3c7cf8006a2dba64ecc1e954c82056328d5546a861c276f70e3d761318b23c3910517301e52f1', '7ea2286ab2f988366626f151581d4933b6b00efe4b627baa7bb38960c4453a917cda6831fa80061e', 1, '2021-05-14 00:46:57'),
	('1da8dfdeec8a14b87dd813d285b2ccc55491c8f81c0d91fa3f503cb635e9238c332e8d05937083ae', 'de4d3e03c45c72e18f9fcd324dd6eac44f61d5f3ce0c28eb3dc7a7d960a4de5077289ca8e5396b62', 1, '2022-02-05 21:02:38'),
	('208b1000391315efc4b55927c61629e731d01e9315456996ce87aab5a85addadb39fe032754bade0', '5eda53f80f0163a27fb6862ef7942db6d22af7ffddccba95d902e0b4b0b6bb3ef16c6cf12c265d2e', 1, '2021-06-15 19:18:14'),
	('20ad82e9bb3b740fdd511fd83c40f97dc7188e6733a0dbc6c64a53cb8a8f1e1f59042b8abbcbc8e7', 'aac0823600fb351e8c192824eee9f9c99fa52d205a1b0e76beed0d8cf3b87278e6071a4c57f54a76', 0, '2021-10-03 16:01:56'),
	('20cb7f092f2507ed5aeb90935bd1bdc2405c60c5684e11312a36cc682611b931a1720668a878a409', 'bc76133c0fad9bb194af01b908c6febb87802c342dbdf97ae2ef7096033dd03c8ea3f554927c4ba8', 0, '2021-10-28 18:38:53'),
	('20d4cb4c21403bdd9a8b67799995ecc49cedb0d5307afeb88e01d89bf91e14280c102e50b646d88e', 'f43e93cad783968e4ee7fd576a5a602c27fb045f651e373c11cbad42d8c30f42a93f33f9e1d77363', 1, '2021-10-07 15:51:54'),
	('20d8a8e7789464e20be2fb5ab8ddd4340fdc5f3ab906af6596303e241697fbeae35ebdc28afeda51', 'b4956de3fe01017308e3b9f9fb54a737bfc42e36d8c81793a1b79203157811da2a451436471f6ffa', 1, '2022-02-04 21:37:17'),
	('21446337e4bd20b5590f399378b4a6a535586b6b6b614b8f3567b16db5098705ba69ba07c6588cf2', '08cfa0fdb0833fdd4ed11ea216a68b8bf57ef7d12fc2110b0a4d7b6db7530669c0ca2021a696e8f0', 1, '2022-02-05 20:26:29'),
	('21a7c71698f84306a3248f31f2c21df9c6ef8a672d411ca993ab1c40943eb4dcce838b05bc4d2bb3', '83d16d2eef08a485fac57dff1883133859b2d39a4e3141ccaad708077bd73286fbe5b1e80ba26c17', 1, '2022-02-02 18:35:22'),
	('21cbe837d70e48bab8065368999ff8ff03f8ef65014ecf451454b19c10761aa01f0e26694f7919d5', 'fb406eb14e2d10893efbf465e0440aa6b6d59f4067f948bec24dce0f911bd613b1f11d65cbe1cde7', 0, '2021-12-03 20:03:12'),
	('2241e6f9b124a6fa3931c3f56c704dc7b7ce7c6c0a7937c64b243915e2ca416fcb2990c204854650', '356a1ddd4eeca3b4d0de1dc24695af96f42dcf5ce5552d6ac56238bfe235433d3badc612367ef402', 1, '2022-01-26 13:38:14'),
	('261bfc90137af2617ba82dc56fd43256cdcf3f020af20f6487999815e67f3fd902546bb24cd3d600', '943d8b8f99c1f7ac3f20d2db56e34598859450eb62970ee0689c38debec8028ec81b97a286ac399d', 0, '2021-12-30 13:04:38'),
	('266597915a7d7505b9936ffe3a11221e8e9c2b9493b0441a303ba1952e52f69e3467f847fa4e0d69', '851f5582c518bd7cb02725b299a3635167ee4398821eed02297571d05bbc6a87f3a7973deb46d74a', 1, '2022-02-01 21:27:18'),
	('2698bab4a5dfe5f84db43885530df3516de82d025a32b04c129f292f0c6145a0c6f8a1e41c7487b9', '5d3553726fd405a7aa5a0e99572166e05b5d328e98d002873231c4feceed11341321d42bef872eec', 1, '2021-12-03 18:26:01'),
	('26d4358f559fe282f9f92e8433aef9927631942b08b6126757a1555f28c14151afbe0e01bfacbf9c', '1374ef6b99d22263f6ed03fd7ec04992dea746a9cf60e646b6d0ccd361f3a161732829dddf6b398c', 0, '2021-02-17 20:30:50'),
	('28d2a861998c1d502ea0d27ea3bd555fc31c4dc2b2f7a985f223c194468f2f09565ce01c23fcac10', '3b7d3d9960e1c1bf2efa736c731451d451c811db82e333f685facdadde414235035a56cf8b5ab34f', 1, '2022-02-05 15:54:17'),
	('29432e4da6b9a1b8139c61572a0c926c6fd3b177edfa83e645be83d2457cb2200c5e1d6737d6d7db', '90faeb6879e0ae0deb5c22d4dd6dc90759bc91cdc6a37122f8c248c6c887b9fb0f33decb36d463db', 0, '2021-12-29 18:11:22'),
	('298b71d75634cb8349d724a272694620e2f76fc1328bca34de4cfdbba0915c24e14e4e5ef5a4022e', 'a65221d53ce04e72c13a2b253bb74070527722484e3713cf50a2998d6c80ba186217bb43ff3fcdf0', 1, '2021-06-17 19:51:27'),
	('29a62ffc64ab1620e0122bed6236a1872d1f3e899a33a7bced00c6dcc778b9c71b92fa2e8099c0a3', '70afc3620ece1c0b73a7f2936fed4755baac7e2cda96a9e25ce065ad347690a96262fbdab1fa78fb', 1, '2021-11-16 21:09:16'),
	('29ee4ba1a09a8642f84bbd04eb6b76ee3ee678e4481b42baf29c61ff1f3185525c6e631461c66077', 'd1a794ba42d24f71671a852ac0a87d1ed98f424f5166d4ddd1c9ea3c7831bad2edb203f56cb067cb', 1, '2021-06-25 14:27:11'),
	('29fc07734dc2aa78ca6d1ddbab7226f3a4ab520f78c203ec3b6798412b614e8239bd9354564566a9', '2fa5131694584e2e9397c5e04b40f839a8aad897961a4f4ae6366b55de481999bf6d27e76e77563e', 0, '2021-11-24 18:09:50'),
	('2b604d4a3db93f1713d3461173440b45c907cf39e6bf9c878043ee685192f6967307c1f59577ec44', 'bab59e1a2f61ca3eb945752da845843f26382cc281c1364b3f0024027db99480cac332cbadd058b0', 1, '2021-07-02 14:55:01'),
	('2bada5cd33b196795b322b074989289fb01af9a19bf1bd8555434e46edd23f9fd1268d6c9b34d971', '18ed158ea32bea520f7554e25de30f4074e6e721b64b7762489b0e7105750957b26bc243807aad02', 1, '2022-02-04 21:26:16'),
	('2bced143008f4a5abac11a53aa5e0c6f59864cb8b19d138e02c5cbd4420f6e1271fb025632ae0be3', 'c9655c7d08ccccac3e42a39252c45cb740bc3744062fd1f72a78363e064288a7b56140c2f1a774db', 1, '2021-10-22 15:46:33'),
	('2c3a58dd2f7686f14208192a98f251983730b40e1a6f53d291bd2657a20be0e7abf1e4f55dc031ac', 'b922034ad0c7c9e8d481b952e255bf22e0de9192413a558e172d4c1c2f949bc429eb205a546c850c', 0, '2021-02-06 14:24:44'),
	('2c3c9c2b97e916f3596254a1713338293facf68c1b2cf426f33995957064c097f3863437feb44850', 'a6d81734d268fedcc172d03ed67cec950c6fd94f5de26772a70c54cf3b9eec47e6b57425ab80159a', 1, '2022-02-02 20:57:57'),
	('2c42051855d6e12cee74a45e40dd38201460c59f8a1c70a2c01e895b5a31fe3aa4218ee4ccc5bdb7', '6cc3932a8ce96ee4e89538e3985a44a37700bc85b142eaf109499557b4b49f60a2084ccfb5cbb82a', 0, '2021-09-25 14:06:01'),
	('2e15ff43e9e576bf15b6b3f3c1f11934c96e12513eb9ef194645176ade6a04f4cd9093cca41795a8', 'b2b8aa356a3d2ad60f72f1fc50d02d6ffdf0b0731ae5a9203f36d28d5441c05be56772f1b900e588', 1, '2021-06-15 20:35:11'),
	('2e471ae2e73920053794df525b8df2da39f4d84c73e6854456bc836cc26bab13f9da83aa6a3fb07f', '325e50b7a215aa28125053020ebf29304e7b5b27eda8ca473a92523253d43ec551e8c1093e2a478c', 1, '2021-11-27 13:31:22'),
	('2e598fd1a78bd1cba3adc4f3aee730dc43dd936d6ca64e177c2c8ee56a3546c68c51b39e48da5008', 'b6806d64016da88095e41431f75fbddae20b0d1f266ccfbd9ab064d80fe199c146d09bb49394c28f', 1, '2021-06-12 15:49:01'),
	('2eccdf0873fed368eedd74a2a72c76dcbbb463fe8e5617140b6f408f2aba80f07d909d808af92f20', '1bbee458b807d882611818568cbf0a2e9c01dc96b84904eca22577fff9ec489349e58bcaf0c1b621', 1, '2021-06-13 21:13:03'),
	('2f0e063937c7e39559d9024d792bee5af78e929a1937899c9c33e5e3e23c681df0562a66e8e20dfa', 'ed210e6f9ffde6461b142022765a4fff3a6b252100bdebf8bb939103368318c8d5a3d84c00cc3a8e', 0, '2022-02-08 15:17:16'),
	('2f2af41d99d93ac462ccacfa63a94d18dc5df156181327acacdc575584e4299448ae23e6bbb292ae', '7f938d90b3063e8211199bc0977e1b48babbc1ab27fe42c3f70597e13db2b19d21f4c3dfa91be011', 0, '2021-12-22 19:17:44'),
	('2f7b565df66f9b5eb8280fa371f457ecb3535e105190a0b00b5cc3f37f9e9f6a6ca7f8959d14bf79', 'd12b2f99d09b171c14b10462dd8627864fac10a8c400b915674d1c488903a8ebec2c2f83d523b860', 1, '2022-02-02 18:18:38'),
	('2f99e39827daca736efffb859f04b6ec7c410cf964420a9c2f79839298a65522ddfddc055efb254e', '75294ae0c55de8203b0266862d3ebce508a517f641ba8c6924a2cf1d24809be104c4712272dc8a01', 1, '2021-09-28 13:36:01'),
	('2f9eec7c2074c537d826cd6f199a8efd3169658a3393f210f6c363c26ef4009954ceb2fc4f5b6569', '4aaa4583903255c825a19b160c045b654532df66a3096611a8899255c5a11abb0a318a6ff6129e03', 0, '2021-11-24 16:29:16'),
	('2fa8e5d7b0c91c4f574c2deaec43933bda6e9fd290b17746c1e140bfcea9072e20f63bcf18b8e0a2', '7c448705d4e2c2fa1456864a0a202445708d2e286d7c21eaa6cf04cf9921dd61bd5bc359c49ea09a', 0, '2021-11-30 15:06:29'),
	('30dbe65c32a34d2f4c7b01de4e9a0a19c1578801ad6062a607fa2ce7d50ef56d45ee4c820da89fdb', '53e1907449fedaa2fe82ba8c047d208608fcddaf2912af159e71dd86f569b1486ad204841d94abc1', 1, '2021-06-14 01:53:12'),
	('315b8fe3c3a221d102961d5a1af452639814fa64e797177aa654316bcb1cc51c8415da8bb7a40dbc', 'b9285d7ea22f31bb7a4d4b57611e802b31f712702328f3afc8b066ea8086f75845da7b5d0b986d46', 0, '2021-11-27 12:14:25'),
	('31657db6091eb5f68c79b97472a97ae38ab1f62a3331b1345b7822b776e09ceca64265dc1e526369', 'b3a6e9c4c8ae69caac5e12dc7751367c90b50a94c01f733a7063d14322edab1104981b1b72a2d1e7', 1, '2022-02-05 16:01:32'),
	('31a9a7047f90cce615de7de3af09ddfc7725dc06896d176506fc859197a0a7551e1fd66a88beda6f', 'ae9f9e42f6cba9128a559efd543f4bbfde9139defce91de00abbb7f186beda94290bd67dd991d518', 0, '2021-12-16 00:13:19'),
	('31e826f9e838079d4de403a318c32e1677554c821124a6894a6f656b5d7c12c434cf880d4617b8e6', '03d3c9d5ec24e40fd83da4018c9b62641f6cbc0ce5177c59fca990df26b468e857c92870f078c7c9', 0, '2021-12-15 17:06:20'),
	('31fcb7176290931537481ccbcb9dc3d9b2ffb11f2d1357af7fb876b65fea990107f41dce93238125', 'd6a40c71e3863f607a90cae76b978bc7051d2f1c0bd70f2854037cd3147440a561e1928a98bef9cc', 1, '2022-01-26 13:30:53'),
	('32631943796a8127a788aa26dfe4abe24673b64cc3d77d652c9492df2af4c38a52cf5d186f962149', '873b0ab6fedea872d8af4c0c816f8ed3d88c11eb8f1305002bf6ac0198748460527a873272ad800c', 0, '2021-09-30 20:22:31'),
	('32e7994c649bf48ea2162854b8a059ae41dfbce1034b0d50217eadae38379ac6e313e0358cab325e', 'dd31e5c391aab35507e33cdc1599db9d0f97f94ed03922bd5f51d8714e94cf5d479305d1e233566d', 1, '2022-02-01 20:12:16'),
	('337dba8e6a3f2816cc049ebb93ea2bd1c8cb2805bc6ee90a97f8e47cfdcd8b49936a9c216bdf47d7', '5070783cee8ab4ea9865d626b112eef407f8b60912df0686baafd9e8b22085c1d7cf7af9ec11edbc', 1, '2022-02-05 17:43:57'),
	('3405a0da0c0ddd25d97d3d853a816d8edb1a9fa60c5d47fce1be73a63b2b3093f23011b6c20b6af3', 'fc9c7a697995accea8e1b0b8bac65c6d1c2e7780a7177ef60ec7c2737ccc972f3aee561b53f1d693', 0, '2021-12-02 14:42:58'),
	('3480370dcd11255ea726c57ee182f911d166c6d01b8aa7af6654d227f748b65ab95eee52edd30fe7', 'ab4cb333064b8a8fb335e4fc85e551e04661b7cb895fa38f70c209f96f7e230741ba402a3cd68a52', 1, '2022-02-05 19:35:15'),
	('34d70f862b804d7fc27c654a8434e7b92366a3cdcf470af088682513b22a7ea9aebf389618044d1f', 'ff32af9d47df05bed23cd70dce79f862fae3f47e4d4f5ec1e0c140ca383ddd765f35bf66665f1eee', 0, '2021-10-07 16:18:03'),
	('357bd03fb8b3ac3f647adf7dafee754e958a307bf653e4ba0adac013979fdc918c688dd9d2c8c27a', '8493df448eaed1d46e0f45a3bdada7e3bfd36a404afe910c9a5c0014811ca120e86af95f5ab9fe55', 1, '2021-10-07 15:55:12'),
	('359f6e34cd59bb48db731dc8849b463320499e0c50dc78335a633123119bece81a0bdb209763096d', 'eb1818966103c1c15ee6fd56f528db0f674188bab4dfa53e9d5ee44b7f2529359e821bdc0892e762', 1, '2021-06-12 15:37:47'),
	('360bbe454b749151aae9212a67dda3977649b7b9c6909a0831f612298b9376b0310b9db54453e90a', '6c6a13e4aba888770527f7cc3228efaa1c4c254cf357bfaa00a3d7892a801951ae830f6b319c7f8f', 0, '2021-07-07 19:07:34'),
	('364e6369a5a289d808ce3789e61e62c12a379a32adfd4ddb4e579c6dff7f5b8a059b4c72767d6ff8', 'bf39971b41d51805d6befd67c895fd558245cb5db4556fc9befabfb1240fb4e4a511beb21811ec72', 1, '2022-02-03 20:16:24'),
	('36764c7f9f5a88f5a9675188538dbc7cf29719ad1606c5398d76a382df6ee6c4187a88088564df1a', '6e6f946a99641998e857d67b45cebc4b66f1f97a474713bb552ed9ba4025b89994f8aeaa347bb51f', 1, '2022-02-05 19:33:28'),
	('36e3654312efb868a85ca04fe3ee73ce13151084171a7a2590a588da0ee476f1819a6fc675dce323', '49d19062908c9d8290ee9a5e39a2dc087c184ef5c14ebc3b1fb71a05da57334546de518f7291b2fe', 1, '2021-04-23 16:33:55'),
	('377dc45dde7ad3b19215b7d6d676fa56d6e49c74baed1555aa67c1d898d2e6f3ecf197b609e8e55a', 'b9fef66879082465aa78e41d502e7920809b58553a5eeebd2716673814155fa22eafb17531f55f0b', 1, '2021-06-15 20:36:23'),
	('381861115ed53de16c50667186e8c8d24330dd691e1afe8d1d33a54daaf39cad78bce75de7dc6dd7', 'cc9a94ff75e753275ea93c89467c7bcb77b59fd57d88726603019a34dcf528af7c76362a7c63e193', 0, '2021-12-15 19:41:44'),
	('38254a9dfbee410fe120eb2ce6a06daa7292f3fc99a1525e49bf96fa27eae57279a18070fbb1ac5a', 'ebad0bcd061a1be78f0f5a382f60133bc4657fdfd68a9d053e98ec7113d216ca682192ee44eeb5af', 1, '2021-07-10 18:07:06'),
	('391a95779df7072266c9a3ab6b47a8883592fc2626d8fb212d24ebf02155f3e0397b85370faf94f9', '6890c8da5e0b88cf80140f97c9baef7fe32b3b333f4c6dd3ff5afa0101a862fff10451012fffcb72', 0, '2021-11-26 13:53:02'),
	('39a70e442351374294929047289771aac36544dc6c1891d569d0bd7fe1e2961a932a4f99a953f086', '195dcbf22bbf920c6a7db3b147a970245760d8d0773305f6e1dd18c785845a132eaccff9c7c0fb8a', 0, '2021-12-16 15:59:01'),
	('3a4811c3fbb63e5a89ae50a4bf7b755bd90233c89b9710c10548c68a5b869b5784d187c5e0206989', '7b1daeb96af004849e1f99ae508a7349aa992d47a2b092a119f4231bd1497acaefdb3539f001c38c', 1, '2021-06-12 15:12:27'),
	('3b3a57f03fef17e97956676c835a2fc9c28fda3de580d573f9fd79f521e06108f78d062b4b9db80d', '9e8fb8242c212ca1bf090520f7f2909ce947534501fa0e220dcf5a3907694a7f8b216eb792c8519b', 1, '2021-06-10 20:34:59'),
	('3b98f041da63a6ddb93a1992e1434a06c46c06be8c4a99db402d9a0d6611aee77dae1541f1011b18', 'aaf0325e936ce81e5c8ba88f62b5b043dac5a8ba1d3c4f343c2c9214314372b7456bb998b65055d6', 0, '2021-12-07 16:28:15'),
	('3bf8b32d9def1a344b77b04000b52e460b99189414430899370dcd43348928506c8f1530919b9cae', '4951bf9eaadd6b50196fc0818c603ca8bf23cc69476b602f3a2e3880b0365ef1feba507b67425bad', 0, '2021-02-17 22:30:28'),
	('3d04675a1057c61585aaf8557e4361eb605da41c12fd685f6bc344b8d6c840b0c540d507bc873ca3', 'ba8a91c3279ef89dd4ec3003189ae25ddc331623d527d471987dcebc130a247b0ce5c020d8186dfc', 0, '2022-02-01 15:42:10'),
	('3d27226df7730f9b9491de0c66724dc93252f877225341a94bda9fdb369011f48f98afea71355fc8', '0b122bd0af746ba56868e72cbfcbd999180b7fe946f72ceadf74ce019634d1ca37a6d8e3a6cbf97f', 0, '2021-12-16 14:21:54'),
	('3d46d0f887fb87920649293f78e03caca5e037286ac8cf145354337a03fa8098ed8283f3e6864150', '68fbb60c03b56e6bf05b6564b822283f9c57a199b8167c236e09831b2ff57800239a96bc79bab609', 1, '2022-02-04 21:25:24'),
	('3db3fa3bb8954ea6a6332e336da4c0bad23e1f431d70c0ecc63fdd32079f81eed0442a8b29f358dc', '77b95881c82b9775a40a569dce0699688f8a0d4fe240a163b07ad2b6d75a9aa812cd72cd99fc2517', 1, '2022-02-01 21:24:19'),
	('3e1e73d11794c675a0c08e93df1df3262b3607d87d91872864e6120c25a354a794a477f19413cad6', '166a3f510480091e01d4f919c737d79acb99131f92632a969939e8235bb6b961e87ebec3205ae058', 1, '2021-06-11 14:21:46'),
	('3f0653dbccbd7243cd945afcd972f7f7bb375177c6b61cff3bb594a16587209fa2de90aadcf2e0d0', 'bb91f4f0c6e4cfced56b019c885de0b283aee47d5777ee24982c56185f15d786184e7d1325bdee85', 1, '2021-06-15 22:51:31'),
	('3f5eeb07f42306ee423fb2743ab2c811f90b3541de9a3031ad5559e37b8cc60cba4d2d225ec3d654', 'eb3cc2b56481cc1b8576283d79e66b4cf90e96accc7cdfda128f7a9ab641071d456867b16c9a6667', 1, '2021-02-05 13:49:57'),
	('3fde10e25b196ac6ecd1c586fa76a0a45e310ed014e585fbaa67657f68101e02f8be7394988e8927', '53dfdefa2e0fe15b2d3007c93eca73cd654908fe3c6559d5624cd72d4dd71cfbd9f62d1000c95519', 0, '2021-05-14 00:25:21'),
	('3fe88f6a8ebcb6706ba8351e9e9f3c5e1dcf35e2fe45c20c89b6c615e2067cbe6603e0b024eedf33', 'c1b802bb2712fa963dfd610226e035853ad950630340d799856082c7697c5e39991e6c1ad7d0cf68', 0, '2021-10-07 16:08:42'),
	('40011ebd4754a66b2a2dbeceb5177d457d8e4a17b24a3671fcbe8c9df024cb79bc05dc3eb4959b43', 'b3280cb1744e9999d16cd627fd4023f0cc830104bf5a1536670b9c97fc0b7d4b8067f1c437a33788', 1, '2021-06-15 20:36:33'),
	('40afaf3c802ccc9bb35a36a4574220d16605580e213c2c2812631f19df94376a4653fb9026b54a3b', '893a1ce8e99714bf80ed405e4d55bdfbef640a9ffb382d1841e5df0dea2db248a3fd0c5fcae8086e', 0, '2021-12-08 18:28:55'),
	('411dbdd8dc1a5a3c15a185166149b608bf736d09cbfc3002cc05664e9ddd681ae96e43ff232eb553', '21a7e1acb60594ada855940aea22c3886ba69d9346605a0e02e368c188a5fdffec93079aa79b322e', 1, '2021-06-10 20:33:34'),
	('4124448ff0f45d34ab5315d533b17196f16d15557f174dc90b13333584cde2da793fdc5853397385', '96a8eeaaeb5bda5bb0778344c53e77bbfb900f95133cd693eb882d280a0689f4972490ec84f87041', 1, '2021-08-03 18:26:47'),
	('414952e5f4033c381b7c85561f53fb63fa0956b29d0971e987fc7cc799aefe221bb1b72e346dc5bc', '3c1968d9307685d9914e8e0dae9de619171b1d57b4117688e36ac560a0e694bf6e77c6bfa6e30238', 1, '2022-02-05 14:53:48'),
	('42165b7463827b07b0237502b9d62a12b5218b101666e5531d5e449b8b630976542ee8c504ac3a58', 'b14e4c07afc736a37642cb7c8bd670e8397bde6d4bdd7ef6de064ab53d57a778bb42def55e550b78', 1, '2021-06-15 22:56:19'),
	('42bff4307d264301b498c4975fdb5b75400954693bef25136dc8f6ed6a7585030aec50b460f2cbb9', '128294223492ae90097be6906eec2bd4d697eef12867e168f0ae6320dd29718bacb5ceff4efba3ea', 0, '2021-02-19 20:11:14'),
	('42d26d3e943f1063416707e0da1dd69cb4cf2157890a444b740121e351806ff608275e342bce547f', '8ee3c6081e8bd029ef0deb5784f6d652375440020ea22a6d72748cbcb37fafd393806ad06ddca964', 0, '2021-02-17 22:24:37'),
	('4421749d83d78ca75d7a35232ecb3bd3d7e374c0b2a4563b35f9b1c2bce962e34e442500ffd8a0e1', '35b6d44244bbbd636481b6be6edf3563553c96163a5a11f3226db00a79de416a83ddde72eda0913b', 1, '2022-02-02 21:22:17'),
	('44be3b32b6ac7ef49b7fb7d62eefa6e64b53b11f836c9203e2136d9936fc8d6091e381a924c066d9', '8face41e087c94a1cf55ad719c808115cc190a30f6dd9cff4ab4545f285943e7f6f451de0b19388d', 0, '2022-01-18 17:46:07'),
	('44e50de8842b795ca8f97a505b925002ab371c6046e33bb9004aa5a43ddee091005d763d211e63d6', 'a1f0e61d276e5ff278222a0de0791945927dc14d1c6fc56e5c7c2a107df684234d28fed5e408c118', 0, '2022-02-23 19:50:16'),
	('45ee5002b246b8eff087b65f2aa7ec13652d0e72f2e981fa54300c5878d719e95cc6bcb6cc56b38a', 'ae2ed8ca7224b4991915d9881027f4b1fe2689e396ff852107b2bbba22134d793bef626029f561c0', 1, '2021-12-02 14:25:29'),
	('45f21f78f51e48d5bbf2a76b429aa36475e6881a525c7d326717846da69ca097ec3d4b5e4656d064', '12bc7c60fcf774d4685693ffb1ff4d2ac3cff7b2c587b34480d5e80ac240a759978c5ce16f8fbc9d', 1, '2021-06-11 05:02:40'),
	('462629c80740f5791e1962dc62f9658015c63c8e6620d0138c75bb6b12d59eba6d55291afa64411f', '1574ddbc9af5e469c32392256e36753bc38f43317f7617c7976dcf0cc2e7e87ae0d540b44fe26cbb', 1, '2021-11-25 14:43:43'),
	('4627c4056a0f14ea287e01b5dbe27dfde3fb96363c6214ad8a2535063219dedef259e767ac75b6da', '1218aefe63cc2e37186fac8f972a8fb7e4f72cd0297a176f90586e542fa84c5e9726bd718aa1de13', 1, '2022-02-02 18:29:17'),
	('4663b8f6aae65345a81c413afefa7dab1d6fd0b252cefed2c006207e624ebcaf9683dcc75667c8cd', '4f7acf1269c84b69c8bdaaeb93746a703a6409f88bad99f6371de66db11e3fd7b69fc039a645592a', 1, '2021-12-03 19:45:57'),
	('47398fcca5361664fc9625a02a0942c491f1d96e450f6020d7f911017518d7893b9b0f9407eea34e', '3c0b4836396bcfaaf8604fd4de831c3a567c6ec017fcd511d41c7b3ab5b09da01a0cebc21826e6e5', 1, '2021-06-11 14:21:37'),
	('4770198771b3ec10f67d57a72d44140447f385e8a22fbf9f73ab781b8d7cc5b0cf83fc25c6c86af0', 'fbf03e0dc632b6a87c65c1c7f54cfbfe976bf9e3ce348b87f8bf8cfc5abb5b5d786f1befc9041a0c', 1, '2022-02-02 20:56:37'),
	('4953abae9fb3c899aa9108d426c4b5c353a5f085f910534ebceff7fbaad27f4841ea4479365bf0ee', 'd10976b919e83d726432187dadc50713938e7edacf4b23eb95c545d62b5d5bf967688105a5b7e0a9', 1, '2022-02-05 13:44:50'),
	('4cb5662a6ae2b8c73bdaf919f712c6e9315e6ac18ae135e06849a355138127b0450fa1465d46da63', '55e8882e83bff2860862d6a0f137d73c2c8fe5e8ddc1ee4f87a33abc95b31dc472a27f7fd58f8660', 1, '2021-06-10 20:36:11'),
	('4ccc5336c562164178e8cbd1bc71850bba6de5a6473730f0688da3957fdae1afd3d0cbd028055453', '3c7cf9ae6844f0b0bad031ef9d18cbf71f38cd37b2bd5180c2240e4742bf4c8dfd6d3639ca3c4d35', 0, '2021-12-30 18:30:43'),
	('4d9f8f84c11a6a92cb3effd55c0d8634462df55f04c1287d381e75636a3497a5fcbf26256b28dac8', '6036991c69de2f73b124e7223aa3bd225ea0b1e464328bcd30af510997510e93474aae67cdf71495', 1, '2022-02-05 16:03:57'),
	('4efe93429e47f2be6b3bfcb8303aed6f137b9187c68d01aed522ad97f8f33c2d7ba71a30f360bf4c', '9512fc8fd55243ba9aa8a67b3fe3d3701be4475af6268b9ddf186554977894f93b8a222f2a3090bc', 1, '2021-11-26 13:47:16'),
	('4f42267e1a5d5f7effe8a1592d7a0129a0ade1f35ff38a569f87b57f149bddc0b8dafbfcc7c480af', '77a57d7b7a246eeb38abb24ef42c6cc6e47d93a5e4b73b0e5ecd17463c58ac456f9038b5519fd5ea', 0, '2021-12-09 13:11:42'),
	('4f4c604d71db37122e357f1431a6ea3bfdee3c1bd5e19595c25773c403ce274fe3edc49567680e94', '265583638254f277232ee5b541598415f4876556a05908426d7247729a223f378e2b085f8801b8f5', 0, '2021-12-18 16:29:31'),
	('50d8d131fa713f891be0f645d0cae13d047715140e777b26ae2ad36c1120ab87254cd0f3c2469ace', '62638b7b17ccf069d941646ff6fbd6276a6e6614fd1216a2a796fe8064277b02c5d31303d5fa0265', 0, '2021-07-03 20:51:35'),
	('50e3b6a2d253563ca179ab788721bb2fc0e57afd12b73ea4b0b979b584f71a7ed0d7aee1375a6f7d', '4fd7f7fe0d1f349d6b532fc1044977a8c5d4b0ee8497cacd8853e26a2b3dc0e5a7cc89d071924c9b', 0, '2021-12-03 14:05:50'),
	('5124fbe80cdfe6c16bd8edd342aac3444fa298bf6c871710f47ec694d25df07afb15f06938725b41', '6e38b9e5f5f4c72cdaf3ec394cfed3616015f0524db50e278bc4e9db8d9e74079993d5d6173df3fd', 1, '2022-02-03 13:51:05'),
	('519c4bc78a3a3eed12520edf062a2ad7b4b72be7729a837157def6f4a5361bd1424bd285fe6de220', 'd35da1d624e5ae046fd8224246c8723dc4d0b940746435cfced925dd3ddc47b03798e6bea6200b32', 1, '2021-05-15 14:45:40'),
	('51a41230988136f73a206c5b1ffb6a7e898fa0dbf0255c2d83bd2592269f5692e150217cb041a269', 'c51b993decb91baf97cea90d59718a25448c203ff69d655e92dce53f22b63241296a3c1782a27e12', 0, '2021-11-26 15:11:28'),
	('528d42bd80bb0ef05d9aee92709cd707eafb2c3f7c4e9ab91443fb07066ddf857db752248612a83a', 'd2a6ced6d212e263e29723a3edb68622ce35a2f1010ce0deb7c370387a93e2edf45b55b256e044ed', 1, '2021-12-01 13:33:40'),
	('53022ffecfdd81900f9823672b7bf6047d0383f06aadcf4bdd455e63e756033e5aa3d0a4c3595fbe', 'e8ba4c898faafc2a97ee34ff0068492210ef650881c42483c5158c9842425dd5ac158981159234ce', 1, '2021-06-12 19:32:44'),
	('530d651091142fa8a5dbbad68bf71a08cfc27ecc26b6667ddd3c4a7ec765f1da35fa3d9366585205', 'ec499e60a45bdfd3cf5f8267b7c80c2455946c7f49ecfa224cbfad606dfc2e7366bbd44a9d6f974a', 1, '2021-06-10 20:45:50'),
	('5312bf1a81e03b23cf568ab79b683f431d8a451bfca501e71f59364b1dfcee3bc30b29533d087881', '79ac8323156bf778bd1fa5a5aa59302f38171b224b3ec82a9a519584bdddafb811a7d8fa73ed51fc', 1, '2021-06-10 20:22:18'),
	('531b911817c15b8f82a956c01726bfa4bbbc662341ef02cf25daae5942b4401fc8ad9ac709b2b5b1', '1f8de072d20b2675db74cd95c01cdc51055456f1cbadd62d2c16d1d2bba61848bf8b890e8cbc1f68', 1, '2021-07-02 14:55:12'),
	('5338755d4648c69cca6aeef6701aa04df9e1487cf1b5fed8c78eb98ecd64e635dd9ca0cb64283b3d', 'd157b54257814cf2068c01e5bc0f1642132f19a25dbb6de2132e0f53aad974c3a817056ac5409cd9', 1, '2021-11-24 18:08:34'),
	('550dc5ef04b3fc4a542e4e21f1309cc54ce27798e1b36b783f697645b10ebfb663c40795647cf584', '19cdbeda21146af1470adebfd7bf4820ea01d8b816a14004c7e4427685eeea30cb297ac255d0d2d4', 1, '2021-11-24 16:47:11'),
	('56eb8e22be79e2b2f00155292ccd8796e76a7d65b8f48753c8c830752fbf981085af70e67d6f1c5e', '5643581867e384e05b22c7d283f5d10531299ae29229140fb9306f1d4dd68bfa712b4e88d88f2605', 1, '2021-11-26 13:45:51'),
	('57918a66000baa7fda5f98a90090cf71d26d56530fca4360d580d6171b845d1db8307c76c3543bf0', 'b5474f1f2ea4fcdb913e12f5dfca2497d6ebc96947038a8c31a900c324e2adcb4e4a8ff5623c556d', 1, '2022-02-02 21:24:42'),
	('57ae9143d729c15008422bee15db6377b9bc22d56abeb92d51990914422748836d492426456c2400', '5e7c302c6ef451cfd391dd491c6e10cacb21e456e92e6f597e514e43c22b0683beebf88585a8d6d3', 1, '2021-09-30 14:18:31'),
	('59b8142e05ab6b7951a5d7c109cda291c1ccaa55900e4ef18f2ac57d216164823458b79b8aade2da', 'ffe2b4eba9491c4778e9dc90eb5d0c37c556114f701e15661681068b9379b2766fe5564712dfff37', 0, '2021-12-01 12:43:36'),
	('5afa9405463215dd08f7cef6cf46bbd99a20cb8005c8571aa40702121db037a9f10f10752c65ec8f', '0cffd2fd92e1aefe44463b5b60f0155dfaf39d6fbdce0e449455d1e3144070f81d4923ce57df3f45', 0, '2021-11-24 17:22:52'),
	('5afbf78df170aade7db3749d57c631d8014db0cd84fa3d3dc3c35b2cef3e8e7e6c0e26d02a55190c', 'a52681338ee61f63f9b089434b97eb1a7dba37b8cbdcb8c4d109a4ff3882a7e348acca3a57d055cd', 0, '2021-09-16 16:22:35'),
	('5b95f6a1320f48f017079019f8a13fdc7a523dab3192321fa5e9f8cbe8ba01228a0d3cc71b0c5a0c', 'f2ab5512d1a0af352afbed5f42302b0a7690a27b1305aab03518bd1f787572ac59486b70ac380a4c', 1, '2021-06-12 15:10:57'),
	('5c49084f2972509a306383238b65704c2dde7f7d4406d76bfe0652bb03162a698b34d029ce00359b', 'd0651b40632227aadec6f8c81b62a167b79e53c1db6b0f95dbdfd21d23a08c2348d61748576680bb', 0, '2021-11-26 14:18:44'),
	('5ce9495564ed53cdb38ce1b10180fb65fc057df8a0cdcf9f5714e0c11d4d30b99bf67d0fa39d88b0', 'df28b0ebffaa5c2496876ac20cb830427b99c07e261823633bcd1e56760652b8b5ac66f29fcdfeec', 1, '2021-06-12 14:19:40'),
	('5d7aa280b2b11588216c6a2b5e7aa2561d9983ed6616d790f4eabdfbf24fd662e95c75761f008d4f', 'c1587dc95338ec7eb318171b0740acefc01329feff2c0f19583e2d5a19f8c7fb32af9b354d534935', 0, '2021-12-01 18:24:03'),
	('5da791c4d17ec75b7a120599f473c952e0fd22eecdabea7f5a06edcf9a8fa4c84a996cbd7bace40b', '0b6a568c0735fd7ce68beb186e2cf02e7418692246a780e2d67438db2d596b578f80b37298544dca', 1, '2021-06-11 15:33:55'),
	('5e9139346dc8443b6033114100b6bbd8ea21e527ce2e68e587f08868a439c7baaa386f74da5ba2d7', '8714857a777d2770f87d80b796e717300e9811b9cc8a4283d515ac9340d6f64062c11b15cea1b75c', 1, '2021-09-16 15:27:13'),
	('5f2a0d923a6cabf9d7e0adb7943309ba53b855c891c1a8101da5f66bb1f3ed93cd6cda9f9249d945', 'efb649831102453a02b12b2a2e9b58a6468f1362fc60c97814484c321188e6c9b9e5b9869eed8daf', 1, '2021-06-07 13:52:24'),
	('5f2a9b85f292db9bc81f872a8792399333c0ef2c4a42d2b6cd917ec2ec1a39b5cc7ca0c7eea11378', '6c35a89be51830b947eb2de949bde2369ed6f87b71db8ac7eb9a669844416a87ce04cfa246b84d88', 1, '2021-05-26 19:21:12'),
	('5f60161ba66896eb4e492db8341b980f4a9f76f2c452c25331f0839f684c8de9753637b3c0aeb44e', '856ec7500115e9414f48a7346abd35631fd5fd192233511fc6bf32e8400fd44ae54574dce585818d', 1, '2022-02-05 19:48:13'),
	('5ff0f745345596c535f3ece582c10f59a1aecab14592320407f1083afd2e958832517421957ce6bb', '27d360faae57c5796a1f2d47922e403879a295eb2f770858ddc95b39f9aac1063ba56cd0ab3d31b4', 1, '2021-06-17 15:34:32'),
	('60e1753424d9f063dcd5aac4d0e47c363e3e04a998c016c925a31eabec2488635724a38e880a5723', '034c72d7bed5f44dc0b35f1456dd56afbb3762812e3e4a846cd1ec487bbb806c8eb0ef9e7988b9f3', 1, '2021-06-12 15:50:11'),
	('6199bb79605a25672d320fe3239f967fbb457bd8dddf79b5b7876928f65d197dcdbe9561afbd4b14', 'c1808f6af01e105845e4f4e0d5d6f28eabe5e6ff6b25a3bfb75153c1a8bc542295c52c51d7b48117', 0, '2021-11-25 14:19:34'),
	('61defe9e1261e38d55611340a46329065858c034a1d13cdab1e9e370a5a4a903f6ff894564aad926', 'f4729301b108706613384fc26e2e493bace072ec8f136b031c49ec6a321de8605cb72e8b46aae315', 0, '2022-01-29 14:19:23'),
	('620082dbe00f02ca4fb269dc506a569fadc839f93cb155d902ce80a82719a7b421f57b90d575cf35', '60c40987f7b123142857ca7e63509f244f2d040e0743bb8d7b4dce06e5211a5e9829531d6567f65d', 1, '2021-07-07 19:10:46'),
	('62015ff6b7cecffec44e26fb342fa2f1ebd705a096458e42e9197ba3fc6b7c33fb9bf0608975e95d', '6415b7cd1f29c22a6a3e9e8114b33847a1094e6602ccf38f5a9eb93e8f61b79634b76ed5d511b8f0', 1, '2022-01-25 21:17:03'),
	('6359aab7272eac05afe4a6c2a976f8544df72871065c0fe3a50e3143627aaf6a7c96bf83243a4f87', '8ad0c44087aded3c2f41f71bbba4b6c8226da7755caa5bce5ebecce1afd3d085a5c10dbad16a9ea5', 1, '2021-03-27 15:10:05'),
	('635f1251ad89daff570eb274e9efb7a658cfa172bb59c5f9077ef1f5a2a064d5b759c5eb9a9ddfaa', '22233dc1b6f06bdb8f3f3fdc078d4fbc0665fcef1a7f2e4d64bc6cb227d1f99c601a5776c44b99be', 1, '2021-12-15 16:54:41'),
	('638d0e9a469d2f1d9440120010d37c5e9aae5ac8eb661389cb3f50d63eab25641f3cafad1afbcad1', 'afadc597a6623e250dfea4355971f39dc47a26e54dbbf19f034852f673d1eb265ff925d8a2ac1bb3', 0, '2021-09-09 15:58:55'),
	('63ae90d57d12f69bcb42ea4ea3c8fea589cada651b2eefd9205d5a2c52a6f360f96a97a2fbff3abc', '68be1654552aa9d4f8717cfb33894cbb5373e5b8a7e7d0d9b7fbb6a817aaf0d43b775bd4d82b19d2', 1, '2021-11-04 18:03:49'),
	('63e7a63dcada91591a2c68f1b627bb4c6d4c402fbe1aec4ab7e8b38dbcd88636ef294b42afd5e277', 'cc784e6f3f1bfd70eb859368f85c4cdc5f625471ba1426b0a1d049622bf79353179ed9d3c8ebc380', 1, '2021-06-15 19:48:32'),
	('64044cacfa533243681109e61c693153b74e0e724b3eb232e9e301ef59e7353439016e1fd1e2a809', '9cebbdb753f6909b2768ada358ef01691c08d7625f1bee7dfb2c8a8f0269f0094ebf211a2109fc89', 0, '2021-10-19 16:00:25'),
	('658534b3bd698a04ca8ddd0e43655f69ef1c8a8060da77fc8dc9c0a56dee1735864a697489f6de72', '3b302616425c70a2151dbedfa23244e7c78241f6c360d711eb739f381f1991321ddea99dfebedb7b', 1, '2022-02-03 14:30:24'),
	('65e86ae4b8e4d8b1a9a757a2e3231283d58225530a763bcdc2c0ca7c7a699c0d229ae06e27c1eb39', 'e1e981aeacb5b4b02161b92a69cb578d54c7ad3e591c0a923e8153edec76767af0e0905d67a29669', 1, '2022-02-01 21:27:30'),
	('668dd0e5f31ee889af0216ae35ba648066c9b1246370c379420d4ac7c87415d48171ed1dddf4670d', '5d284490adeeefc74322c54b552398179bd7d2bc46277eb32fc8260b862ce03b0b56289467ecaa31', 1, '2022-02-02 13:46:15'),
	('66d575ab665204d0e5613ffe84cd450bf783fbb57c6c71e2275d93e510a7d512c64895a266855a0d', '6917112cb11bf7b134e5b2518d304d444c00a778bc7645aa65aee0fa6b1576869c24b4876ab890e8', 0, '2022-01-19 16:02:44'),
	('6729702461d0d4686b884a55a09eb0df98e85b35957c55a02fde94a942c66069912fa62f77de7a1e', '23be2018d0b80ffb675a74c477045807e980c038d17054c9f49a646f93f48ec2033bbe4468cd4a04', 1, '2021-06-15 19:17:49'),
	('6837d2a075e3fca8fc1d3fc579f86fb68c2174d130045d5270f88560ffe01e8d9aa6ca6ca5e90643', 'eac9d73f74f20cb2423da2a4e8979a0ecb80412b47749d40650ebf6b805b14d64de9a9409df6cc64', 0, '2021-11-25 19:09:53'),
	('68fb565b4666e34c9035413e879ebf02872d2f418f480047407a074ab253b306ddc812afbb0cc758', '0ee2cfa1c08c0aa03f20ae02de94130599af16249fbb008080239974c8ef5f9cab5a9ff87b4a8b8e', 1, '2022-02-05 15:52:04'),
	('69054eedc376e07157b0440e17a740fca4d10cba86ed05f5db2adc9fde6cc795cf99a27501b9a6d7', '10262f9e3452153ce946a42f370a1f9d4d94b7b8f191aec8c413bc98f8dcbcbc09fdadbafad49dcd', 1, '2021-12-10 13:29:17'),
	('694602ddfc4419cd7499fae7a1074b4fdddd26a228d94ba8ec8caa408825410ee822975affdfad9d', '541aa4eee5acbaec9dd381edeb7837e30bea1af8c0486285222108b8e90cf6dd2197c0c594c2bcd7', 1, '2021-06-15 22:32:19'),
	('6982b6bfbd7bdffd3ee38f645911cb6fcc8a39c45a6566e9ca5e668a978029feca4dfdd1ded6ee1f', 'c7445786debc0f6a9a10c7e5659a7d7e0ec5a2c1c3145e0cc666bed8732fbf7881798600f462a6ef', 0, '2022-01-05 16:22:24'),
	('6a255566cec4e6385a67c8c883a7180acbe8a68f2f9e725b14e42c07cab4ecfa256711e0b137af52', 'cb946b7a96c5d09b35caad8b10905babd55f2bf98776334915e5464666a16c207ab00f4964df9f21', 0, '2021-06-17 20:17:30'),
	('6b57cc30694fb1b2cdf67a6f1e4937dd0e04a85cc13d16e904e2c0995c69ccfabad6ff5546a5de36', '4ba273ae4a351fb443f77691b5bdc92341ee587ceac3cb99e9a03420ee9c23cc9f53e1daa8211c6b', 1, '2021-09-04 17:56:32'),
	('6b7ba4b3ffe80ad60df31e7f9ada06352885f1b1402c78a3730069361d5672a75759af2e3d66a90a', 'f826427a048d5e843dfd711f8285f8310aff662ad860125c2270a2d8afb77b443d9f4dedb4ed3219', 1, '2021-02-05 13:50:17'),
	('6c1867b7b83681b8ded69ecce16781d1561bcaf39994f3973d91eed52efe3969d2aab913cad2a517', 'f6aef47663a79bfdfbb8287b99e06cf5c75bfc68a776aeaeb9a7446e3d7647c871a03cf073a0bbba', 0, '2021-12-09 13:31:31'),
	('6c7bd5e3f6978a127e52660022aa3ef6b4e72210a33704152f41feb764ef5722c5619178aa32fdc7', 'a94a234f6c0a6b01a8689692a2b9fe278e15e9621d0bf97aad6d0298ea7a08fdef2a174faf9ca772', 0, '2021-04-18 14:47:52'),
	('6c93f9ae90b5148884969d64246799c8269df488adea22fe847460abb8582b398421f3c745cb0c1e', 'ccd8240d9ef0f3b369cf50382b8ef01300d430ae4d6253707983b93b1bb6b3a6d963f174b9fc2e3a', 1, '2021-12-15 19:11:19'),
	('6ccf7002157c23897a17f4992f5edb5e15071432d6de96a1c3fa3d1c15d25fedbdde4e36e412439a', 'a406cbab643a6c8e809f7e5eae2b8604cf19ac3fa126da3812e1b84a5901d76fcd4c93186379a1c3', 1, '2022-02-05 17:43:47'),
	('6d7a3e8ce9e96462e2ca61d2d3acf37da761e616b946d23e937610a4d1ac83a1b6880a00ef13d49d', '41d061b58e52565a77f346a23155746441363dcc9634aa56b79075ec59028900b3cdfade318f95af', 1, '2021-06-15 19:43:54'),
	('6d8e98db343965191ce825e71a37b571e37761845e630b54a48c4a5695e9c6697440b50a5db463ff', 'c54a8674cfda1c4f4d72943df254c561041e47623f5f50e08f4e5c3962843f7db5aa110919501929', 1, '2022-02-02 20:50:01'),
	('6e263626dba75e731eff3a963f134da7f85bc2c041db8cb5c649bc2ba69f5a42e483ad9c553c2246', 'b8f99acccde1cddd10411a293a05270fee2a0d0940cb514d045fd16578c470adbb494874a4b655eb', 0, '2021-12-07 14:03:31'),
	('6e32395da0ec16e39520d7f7cb8f3df220ee6651314e656e3658f63362161222c7118489d0c80fd9', 'd281970df438d38fc3e4cfe6fb0f7757dc4a8b047abe9953037edff24f66f23432775c4a7e7d9e7d', 0, '2021-10-21 16:05:32'),
	('6e7b2798fa3b57d9004cc300f38da114fe49b1b08710392c8fc6f2ae90661900b8f7f17bb3a82b90', '7ee10e550abb33d5b99e24ca2f1f0fd5c348760d7acd2f4cb5bf6e9e8121e65b2c4d98920afa344c', 1, '2021-12-03 19:45:21'),
	('6ea1b96fef1e6ef004f2e0ba0925ddb8a76e2b6028e7ae73975179d164c824f7c74e730ae7e1df32', 'b99689634cda67df9a4befa12b8ddf81fe52c5df3a76b8577b4e1683dbb29525f221ec6c12f4051b', 0, '2021-06-17 20:27:22'),
	('6f9771f01ecbdc1cc059f0fe3d784b6deb5fc76e97a24aa6120be4c07b85e5a1df515c3aa1e0a7ff', '7b54f28f670bc9e19b9a04fe177db8dca07d64ca5d09e5664e4c2319de8e49c9bc759e364d828b2c', 1, '2021-05-14 00:48:10'),
	('7029065b95c4b11474d3b667db5cbbaff185dcc2f85c253628c8e0aab3afc2c42a7dac71ddb952c3', '1be735915bdc2b1da158888311ae050d299dff098a3fa3b3cd569ca7d9e6905ab8566464be6facc0', 0, '2021-02-14 12:55:01'),
	('70ce1ec3a18fa09db21887a7d0421cf91df460dda104e3f0523bea8291a2464699dc07699d61fb49', '7d4e6e3682c98d73897b8603481bd6213e50dde723a478898bfb411a18c8eb8266d0fa5f17aea0d2', 1, '2021-06-07 14:02:43'),
	('70d274bbbbcf3e17c2de3194f0dabd4ded088b14d98c5d11d2614a9217320410499502fd9c482ded', 'ca8ae3cd582cd9403b792689e861c29e0e9a82d6e2339cbacd5300a8866cde633e3bbac065a673dd', 0, '2021-10-29 20:09:11'),
	('71b4370b779650a9a95370a5e6a6dead7104cf2fd839ff81fcf8534bf428f71771bb44b730d02f4b', '8c4364594ca11a0493356422ec9a31c4a36d391f6495314c8095aa18e6f9bddf2f7f01ea5f22e260', 0, '2021-12-31 13:15:41'),
	('7211b8464e8dbae78e76fb46c4b24c32329632cec6ec62ac316c94c395a37fb30a301d38be077bc9', 'f37587cbd9609b21193ce24717a5ccee5db414da2e95a771f093772681e54609c771f05e4f7b58e8', 1, '2021-06-11 14:18:14'),
	('72abd3f9f6257bd8255a885616c3c92787d85f638f842ad1464f6730917ff3e78e448e56425b1725', '3ed342bbbb5327216ebcb1619c7440c17d43539e26f28020dd34b54a0bd154dd2d86c922bd7ce4ff', 0, '2021-11-23 21:18:50'),
	('72b1307216f72eb2e942d07dd6dfc9eea942e91cc4184895f769a813122b959951d16a5e581cb8f4', 'b1a9c1a1130b485b310b21cd70f21db69cd2a338c118df83ca855ce08fe65d40aa4a32fa5f61d198', 0, '2021-10-14 17:05:22'),
	('72e5afa61020fd685e02fcccf85a57367ddee801f731c83bf346fceebaeedb927d23406160054b49', 'fd7165d8de9184c2e06a8b9734be78b40c4f9a33446bb3086f061c42de3fc3cd73c25b2648080239', 1, '2021-02-14 13:47:00'),
	('73fba2e141c7235ead3d35c42c81d36d9d31ceaf10347b63603cf8eb0559125545aec6a6e2a1df42', '5595c76f3ab31e7bc3779c1230e31606f3cb3aefc56d27b33c9c15a0a0f47b3737fa295105485390', 0, '2021-10-03 16:44:33'),
	('7443aaec1c9797b12e72c9c1d81220cf461d028752df0c7dfb9e496811d633ee747d8851a0931c44', '3e0832a081f95493e2f6ffcd0f5f00ecb2df538de2201737839bcf43909fd814b45de4b404f54769', 0, '2021-11-18 16:30:05'),
	('74a6d6b3bc01968b899104fa519624972f45d6a5e9c29f37a86a94ff7ead43eb4cecce80cfb043ae', '2efa7846f97a050f5c1342ef6718562428a87332aa912beb8ffcc78041d3cbb53a1b8686bf735a3a', 1, '2021-05-26 14:59:11'),
	('75350aeecc421011c22bf454d7e4882485058193f287e1fbdc5e01a70b04069c1e803b34e0bfb6b2', '36181e18750ae7028893771a2cbcf2f08715cc10d208c215071bd5721b43496beca46cee8448ebd8', 0, '2021-06-07 13:26:50'),
	('753f00e9ae46c0f39ede7e7bb1000b941c83193ffb231298716689fc29cae6183fdd7079411cad7d', 'bfa33501a1ca98d68f9a0ef60771957694d2c12173f9fd1b09a48dac7d089467318644e4bd4bfa0b', 1, '2022-02-02 20:58:31'),
	('75ed0c4e31d80746aa5b23cccc14dc530608a8460060dafbd04eab2a57bdd8eeae2b893470110e93', 'f8481ee5793a282a40eac421e1cbbadf921c2855ca485408dc0427bd6b7775ca4e77aa583abec445', 1, '2021-05-19 15:21:11'),
	('760d2baa68bc5dfed6c3d7786eb395ab9f7657d81076781dc629ef6ec069d7e5dcbf63be46ec059b', '030404b21519b213fd3e54e67b1bdf1eee3772e4c5954b9da6c3fe23ee6347239a732dd8f00696d7', 0, '2022-01-29 14:18:25'),
	('76687eac5efbbb7c79296252a9acec580333bb4e9a557e3fdbd07f5ee59f2a6cb4623bcde24a985d', 'c1b3033796a6914d736a63405ba9867207d7fdbed147e850bb0a1b959c8e26eae042875ea266a46f', 0, '2022-01-04 13:53:38'),
	('76aa1044c808996d88a064b68fe939508845f137b9a6d8f24c66f0d05a7daa6bade02cbdbd0ad919', '1365ead4334a524841a3e9979bebb64a9e0e1641ac6719940d7f85d4ecdbe3f62260e04bc5738e9b', 1, '2021-11-27 13:28:32'),
	('76f038960313b4731bc8ce0610499dc4016107c4d0096ea76b8a3030dd6b6aefb5f17bfc6dc87bd8', '22d7715e74acf1bc803f576c5f81934114f98772143d25fad13ea34a2d1f26ec816c20bf48141e17', 1, '2021-06-12 20:38:25'),
	('77034c8887414710ad3be1650b484ab81bf1067f28fccc606238f13d915a0c54c76b3568dfc1bd88', '54aae5c30a6324984e67575e3dcbf14b4362d572c1b5a5d4fd0a71049a7a7086300430e49231cf06', 1, '2022-01-25 21:15:43'),
	('77d047a14603a0c5ba13a4a28852318a6541f1544226a48b280381b015c3f25fdf5354ce1a69893f', 'cbaf8eaebb6be2005f71e8b54f20f7b588c870f94e79f194c9963536693ef06fd6e3a87f98258d2a', 1, '2022-02-04 21:26:37'),
	('77d97cca15ce71d525c959248d7e7a63cf337dbfac2ac0ee1c4c04c407757858b66e3c1789abdd6e', '4dc30e587551f10bcfc3960bc278a7e02d12a30d61b98b5a97f1b8707a4647c8747063fb5b30c17e', 1, '2021-06-13 14:13:16'),
	('789a3121c3243fcd98a082bb5c4a505d71f2d5eea5bac34c3dbca8bbb8987850e849254128b2198f', 'b9b855c1e7ea8a281833e6e75809a63ea42befbc87adc7408faa8cb294af13f48ff3d1d88d6b6dcd', 1, '2022-02-01 21:37:47'),
	('79fe97c5bfc72ca39fecbba0ff011ffc785887dd9af9d73d77ed466a6409163e658660e641aa4fda', 'b4013c8e331c40d7d79401451b180593623e0ae9ba7458c979de3beffb02f71d8c938f61743c190a', 1, '2022-02-02 13:45:17'),
	('7abe2199886255a7573adec841e1f6f94b735c62f65c37252742afd427a7ad5e5de4ce9c0943f9f7', 'b4c1ed00e0ba52968237111b03abc2a9f62238834d40fad2d8fd186d9dd4d8ddb533e424e61888c0', 0, '2021-11-26 14:22:22'),
	('7b0d4e31bea4c50f1ae5faea66ff40c3cde9d25d55c4709c1d87f52548dc4060429b0ed4ec0e7da2', '6d2499d8a417d435f1b4d7d262aa02686d3d9ebb3123b5e8c4c622487531d42e3d0a2df3a339dfe1', 1, '2021-12-01 19:42:18'),
	('7cb2455c3afcc1dd56a7a50fbd0823da1de6e24b06d54bbc474890bb4cc087564642a8c09c932cba', '01eb50404cddcb1b3e8a5ee81356011fb99422f226d0043f55cc0ebb4d8f409d31f830325354221a', 0, '2021-06-17 20:21:03'),
	('7de0c118e22a745d905b8f798e1f113bf4254aeb9ac0b0e79d3fda87a9864d8d064a4487f02bb4c0', 'c40658353c5f635c3a07d5d14584b08b4eebe633f24448240c4d1998bbe4a9a708f71f2048b22bf1', 1, '2021-06-17 15:32:49'),
	('7df17754868c684202912d2b99a9705f3983abc03c2fa534942b44a541aad87ea3e19c83251736d6', '123fbedf294bdbb58d8796b7367b5e24107867ab8154913e635639b458d9f367b62a4b0141f4df5a', 1, '2021-11-27 14:06:31'),
	('7e0d4698955cf9c4f6c8eed3283937c1201c8c319f21fa74b9912298b1481f0071e49f6284a0f832', '5c161de06a80bc3d343ee7b6e6541db7c223486b989c2bcec212bc223f07a17263ea6604678a8910', 0, '2021-09-18 15:13:21'),
	('7eb3233d3c3dab43fffd1dc514b78e24272d18c703b317f17708dc5b9c2fed246d5b71b2ba04b55d', '304b49a282d7713e4b93d727cd1905ece98d5b065f354dd385f640e2b0a3a22d1bb98375826e0393', 1, '2022-02-05 13:44:33'),
	('7ecc54ab33542ddbd9104c7d8713edfd1fa4b24679483f7022dbe2f16ce4aa9c337aa94128d01bf6', 'cff3f647b8535be4aaf48c0435193dcdcf2cc2d8681f20cb77e8d9c2c91b1a8c94afb7910cbd2643', 0, '2021-12-14 16:34:07'),
	('7f3d038eac47a7e3f31731cc92ad0207d7ed57d9aa85da1178211fbcc171312187783eaa7390dc1d', 'ef8f65e5ed76ee1068fd92088e2aba12e8e8542a7667e3bdee8d986e39a5590445eb64e60d3d14be', 0, '2021-07-08 18:36:24'),
	('7f71e44800deef0841bdf796583ba1b1b87556297b350e8608aef0b0d7af6618ea16d4de0d154866', 'a831a862e9bb101f06f6056374c8aa80ca2ff3b1ca4bb130ed6cd4ff337ec646d1b3b11001ddc265', 0, '2021-12-09 14:32:29'),
	('800396216a717998b5ae10b4ddb900de28930060886d10d845a23c3281bdfccc82247227c0763b88', 'ab02d902123a1c141425572789c48621566da46b136d7ba02d47bb08cfcdb2ed4d42b33fb7f92131', 1, '2022-02-03 21:21:51'),
	('804e78d8f4cc621e5d6bccbb08cc8dff29db559f085dc754d6d422673f25d4dc78431ad476b9bf4c', '354b30ca6e5952a135a3be9f0111f3a5040e37645b18b45efa3199d66c6a657c7f56a16968a82c0d', 1, '2021-10-14 17:06:00'),
	('81cc6b7af97f83ffe0134b2ffe20e5388d8b34eeaebdcc19f847c2764c6265150c7c26740fb9196d', '1d00179d210fb3ce73c899283a8ea5e6a2d7f78400e822994d3e3b8b6d3b83cd63a05dc1ef8fb182', 0, '2021-12-21 19:23:38'),
	('81d41542a7cf8c95fd8fe8620f38d43d0cad58f3a31b7f8b67bbaf4b35e431b348c7b055b663c8fa', 'e46a3fdb2b7ed35149519f69893805243fca099df4315b226bb5ce7962d4f7bda811dc0123719b0d', 1, '2021-09-18 13:55:00'),
	('83228e7e59f3316e64c53883805ecf83dffd78b3241d9faa25cbd709d5c1786d83eeb204559802a8', '0a6b7fd839d49d772136e5501f4ad1432453ab9fa8ee791e73b30916ddd101545364f2ef11ecb149', 1, '2022-01-26 15:50:29'),
	('832ad52c9c1eefead4ed7c6e718833ebafcd5ed05515e062e3ee5d4ba4d070d8d3df8d13491d4e78', '8ef8379dc7388fe0b7de555835b3db27b33c751fe6af8b66700da4986de5bd6fca62ec440492f67c', 1, '2021-06-13 22:48:06'),
	('83ab919981ae7986d429989796c529991b3b11f83c964c3494779b0655d7dd4b556e056f2c722f83', 'ce44a991482e31a783a835037ece4c7b06bc4f6234461d5479e3fddf5cd83deeb62f6525e8183cec', 1, '2022-02-02 20:38:58'),
	('83d2ed98078e1528b0f8b66aec4c87a5b2b4775d0ce44831ff1d69d6400ce9eb49d928a58efebc10', '3267a7f881ce45629c1ee881152b2d0b0f73111b0b66235157f4b49005abb88e1177aed64560b930', 0, '2021-03-27 15:10:37'),
	('8615c0bd0db1f3bda8e1feb9fdd31a145e79cf4ae7ca8580ea3df547a9400d659bd066c19ff0d8ba', '923b659899554f15d8d3b7075630aef52044bf98ab233f7e65531747070012e58cf08eeb92619d19', 0, '2022-01-20 15:27:31'),
	('8658d3d7fe1de5a63ccfd6145b392a0a4fd2f8324983ff084dbe2a826c81eda6e122c6973094d965', 'b247710fb9688bac8a02534f85a71c036bc770b4d263142f8a4d44115155270898811d581edfa709', 1, '2021-05-26 19:22:58'),
	('86ca8826cd898547efa65283f7bb3ee551bfa8b10f64b1f814357423883467a154031c5678747293', '162253aeb7eeed6308516cbcb4ea4d24dc370fb21a0abbcc4e770705727db60fda21fc09ab36d43b', 0, '2021-11-30 05:29:38'),
	('87a6edeee023db5a61799b0adab9a5daf50ccea5532c33e72a0d7e0c814e28b1b2c206f9b983affb', '1395fa6ba5075359bade14376bf40708285ea72baa6766b962b090d98340a5ea5ad619df7f19ef4c', 1, '2021-07-02 14:38:13'),
	('880863c034c3cf9a5eb640578df1e9d8050ad4a51f4524771bfb657177fe203eca3ad49fa912e55b', '7ce52b54c3b993a3d86168a564359e5869e5040f92b71274ff231e2f0c6288d9a524f277db4a018d', 1, '2021-12-02 12:38:12'),
	('880999578a6c96a4ca075220b3e4e968cb6523a627b6566233162ce0781ef1ebaa671515d146a67a', '95b5987705ec513f17983acab424cc7aaa85cfc39cd69c25b366d6d07d537ce3616641fe3a4873ad', 1, '2021-06-11 15:42:51'),
	('8889d0239458170dfae1cb525551941607d04573c3393a17d587276ccdf95f7f7b11df0e984beece', '5e92b2069017b06bbf093ef7ccc812523980d0236b7a9d4b2cf44a3f8a5eba3daaad0802d37d322c', 0, '2022-01-29 14:31:13'),
	('88ec1d930e0a85580c0673e003c999b2b4ea2a4100b47847378de7dab9d3993c72a38ab37d5e1644', '9c460bd4b1c48fcb69f609ba8f2893da66cf4968f9c4d02039ee816a162205e8af44627b28bbacec', 0, '2021-05-14 00:23:34'),
	('891be17502d1b7c14dd813053528947e986adec92ab9fb6787101d5f348680a0352f337a4d7ca2c0', 'da531a982213dfd449ca7bafff33c86f4a7c089290a8f97f69e79f7117ff05d32fc815060da1433d', 0, '2021-04-21 20:26:42'),
	('8923c0ee12f82eaa2c90337c616371c19a5e708a707877ec2c0a42082d6cfff95f68978f20eb1744', '1bf96bca0508c964fcb341cc6092320cf2d15863570f7f4c11283a291b273786f0e366641d2814ce', 0, '2021-12-16 19:27:00'),
	('8bb91bdfe77b9cae65d1431c3a204ceea00ed0c02cfc3049697feddfd44323301299eba55ec1ee58', '75e5a8b8b596209c7366d22d8f6e0cb6730725da9d0fbfd4a26e165dc5a1cfc6fee83202ff2b2256', 0, '2021-06-25 20:57:06'),
	('8be4eac0b3077b646c138a52a26db17b63e3c979b7880261c69681e534e022f97ab3708059d4664e', '26efe9bc2beddedce91f18fd1098d8eabe9abb992b1e9ed46ecb7a3b043863348243369a1ee6b9e3', 0, '2021-02-17 13:37:57'),
	('8c0f17ed3360e75a3b0f6a077c5fc2ec8d598ef49db89096e4900d48563851cade99b0129d5e063d', 'dfb34891262f12b487266ce06fc11ace877501a02271f7c87ce606834cd4481099e7bead51c9f4ee', 1, '2022-02-02 19:36:25'),
	('8c8015f7433de62bc992e0e1e6280abe1a169644f38bbce94266dec87e86d63315640f148b5e5a09', '338a8a928137ed8ae64d4375c3f5c2e4dc53b6a5d2026846e66f84b3d139e688046f333847a6e057', 1, '2021-12-14 15:21:34'),
	('8c8d659937cfa398637f05e3a3742a67e705c91255732312b23eca474e8819f0b7ebf0c26446ba12', '0e7b7e784b62250e63816566ea339dcb72ba27d0c8f0fd6d27b31b2730966d799c9c2f80b36d85e2', 0, '2021-12-15 19:11:33'),
	('8cf75a77932e73f3604743f3715db0d331c9af66f1e1a5ee028d5c951bf33e1029b1aff2f4f61129', '5a6ac411d6e1454632cae04fb484dad99f48f351f46ae060cd0e77e6126ef198c8079bc623573881', 1, '2021-12-31 15:10:08'),
	('8d0c70e8f52ef46c25f94a031d820467f2538cf3838475184ed0d0db74fdb8877f76225a3ebf0ae0', '35427952141f5fafb3b9b7d4e1c5aafc6bd0362179782871fe07976b93705208837a7e4bdeeb3c81', 1, '2021-09-25 13:55:50'),
	('8d58bf41be02b777a60fd4e419fc17f3d32c524c15ba1b14462798cc55f3de95d2ec6277fdd1f81c', '4a69c1dc7029b2dbc97eebbe36f00b1c322c5deca22cf8d8b35c43b27c0e3d985017e94442b0c139', 1, '2022-02-01 21:25:19'),
	('8fb7b5082d4f912f840ad10633b792efac2c26c5f3a18769f20e2eb5e86ff24aa4433f828d10d46c', 'b018566b9ff629873be3e4ab7f5b6e412308e0054a4f4c0c30f46601b644cd6849ea956ec1761ea7', 1, '2021-07-07 19:11:23'),
	('8fbbe91637aaa9227f2649703226cf2603dc28f27e5ceb0c28d4c1a7b0a2f135705ad0d93167f2ee', '02aa5dc2d48a823ae1c75d466f5bea1dae96296fa182e00e64d1237cb925a670aaad9a9047d997e9', 1, '2022-02-02 18:41:05'),
	('9088e8e6a4b3d961e336eadb1f41f74ed84d0b1f4bd02f33fb84705b454b15b34b89c375e17649aa', '42d3f975a19a7d5efac3f7b5114a1491b86086d08037031e04ffd4bfdd01d6751996b49fa157b7e7', 1, '2021-05-26 14:54:57'),
	('90edb884a9dd8ac263ea9cae8503265139fb873287f8c5ee1f983762870800a1bc73a7db0bc339b3', '4535b8e16d4ee6abf36c98821451a1ae7d695ec8b3af7626d0e5d2855cb6941deb5081847cce32dd', 1, '2021-12-01 06:14:37'),
	('922ab3cdc58f932f971534c3ff99fd55e6191e8bec92f8787ed2602f2282a000826b9012326e54e6', '008fe9ae54fdd61eb9bc12e459868cde229520d00e8f5ac4a7e3fc323a018fa35df5c56826c56310', 1, '2022-02-02 13:42:02'),
	('93133513881ff19592b4e893224ae48bf9923ce73cd344eff61179ff33c6c9faa942c2535fd1a5f1', '8fad30b8968c6c636035ccbbab5d32787d2609da9dead211a6c7d49afa214b962c6f32682cc1c851', 1, '2021-11-24 18:04:05'),
	('9348d7f0fa7d0e7f5de2cdf35289cc85fb0e20c453c7812b89b2349650196eb1693a56466b5c7f15', '8b44f275b360f10a4a707908116a7c734d920df5986b0e1a33dc110403a1d202931344dc502594c9', 0, '2022-01-28 16:16:11'),
	('9355ab6276ed6c4c6e8fa7ccd5a7b50b3e8ce113c192b55358ed36b106187b1504b2e54739537fdf', '04a2fb547f08d77f3ab7c3f3fffe075a4c6e6d4e457255c1ab4d65ad1b149b118953754f1676fc2a', 1, '2021-09-07 14:38:06'),
	('9466186af0ac792c579b925b7631ae928e2a8eced9cc0b33c52882a9e3481981459ce87f4cad4963', '8ab67d3324286b1844cee16b190951b93295d1a6c6ce27cb29535fbddab032ecb669558d5891063e', 1, '2021-02-14 13:13:25'),
	('948160d5aa089b061c981a0cb8a5d4cde4e14c841d75042e352a03b46a92327baa303fe2fe43e747', '2b26a2ed332ccc2e0991bb996dd662b98a2cc14cec96f24c9c94b3780700d975dc90f6b9a7ab7701', 1, '2021-09-23 12:55:02'),
	('9506b212983ee040426b07c28e8842a8fc426ce6a392098fc7c2bd6e71a3c1d4d186540c0801adbd', '57b1f01869068380f45cbb7ae93edbd0d96c73fb37794206f3b94930c2785726b621005e4ab7203f', 1, '2022-02-02 21:17:15'),
	('952a35647e685bae3f9397ac67e59049ca11d36ac651e6f21773cbdac3b388f12b6b88d0db648ee1', '6c05473d313a64f1f0b4d2d724eb07f76ed66bcd32cffb94b626a17001cfae9ee9a54ec18b8b32b4', 0, '2021-12-07 16:21:22'),
	('9546ce7f952656d9c92485572a230e83104e3629015ed365d4492e42ee84ae72ad03f34bf126fe81', '872414060db9620200f852eb7ab2d3ad5d07fa3702fd8d8d3a31a197c9c2f953a8ed7f7ff85ab63b', 1, '2021-12-17 16:34:46'),
	('95bd7d61b8460933b439c4ce6b7d46783cf2821357002fc374ced661106ad67d76355d8f90bd1ba2', '5c92574a3295879c864957d42ce056fd1fc57d89b01708062381c9163703053657d1662d0ff3e5a4', 1, '2021-09-16 04:09:13'),
	('97362548aaf341cbee91253b66c646b548bb77447fd72db47816f350e7c53324c0764f008c1cbdcb', '50cdcd66007720a29c14b36c26cd2a2b58fb021f81d3ed15f52651a18075ef0eb87d907e0089dc18', 1, '2021-12-07 14:02:41'),
	('978ae22c04482f2367840479b9828453862d51dbfc34ed013a85ecee2a089d0064aff0de3768803f', '5881c5c2d53e46582c45d60d1b4925c362db27a0508c14aa193aa8629f2ea56ee6194ae8ec2d08ac', 1, '2022-02-02 21:02:41'),
	('97e60a0cc0c1d628fc47883e620963c0aa0ed8d780271dff582a8268a99b09d02672ec33b8e226e2', 'e73749ee57c34475f3c716d41ff9d014f022ef3860908369eff6b988a6482d98dfbaabc2e026c0ef', 1, '2022-02-01 20:05:39'),
	('99451e92bfd7c287dda655c25e03bb6c0e11072b6ed8eccca7926ff39c22cadd7180debe094edd65', '9c98f0e53c520f7906177dcbb73d095e6123e31c558df249e19e0c786d318778f11da3d2e71e1303', 1, '2022-02-01 21:30:25'),
	('99c96ee64741c1bcc8fb84708bf3aef634fb94c23a169be98b487353d04c779174a7dca57ca7a1fa', '82d51221b53a4ea186672d8564387f2fd8763788960ddea6bac53bf134e15bc30dfd818c4774b05a', 0, '2022-01-04 13:06:53'),
	('9ade5868fa8cd7d4d8b6ce0602b131f117b7a4b996cbda7e44c5f9194de40fe7bd2bed674b7192e0', '9202094c75a64df564ac054ca5b38c5feb930cfddfff6e695f1904e9397bcab555e093e928df87d4', 0, '2022-01-22 14:48:08'),
	('9c2daf46843c95bc6f7f6fee4f6010c718f05e6625cc6d3382b55528ea284a679fc43c2d69ef1a7d', '0771b15b165c807b5b013a0f5b5edc3e1b8f7844e6b7332a67dc6f931a2044e6e6f025813be10f1f', 1, '2021-12-07 16:23:51'),
	('9d5b4071e9b4f8a2186af3a444b9e501ba8ae4d99d6f3043c34256a69f094086964b1968674f12a1', '89f7c3454d5f43db4898dae186d7cbc2557137e4c8000201c6b2b418d972ee68551b878885f46c37', 0, '2021-12-17 19:06:50'),
	('9ea1b1f309cecb4cd0fffa60999c9e81927ea1ce50476dc0815f27ca2cd385f8c7c942ad5648c76d', '0eefa69966098f6ef0678171cff995049a30391cb5ac74ce416c82717c75a711755426ec34e16176', 0, '2021-12-16 20:28:55'),
	('9f1ed7b0e3d0e827ec66cbd5cfc4a4d5b68bc1fc012b65f97d9127f68d90a1b02208f94e7bff7ae2', '2c04317e52a88343ed9b994019e8e90e1e9c5dd4a97f80e8c916c41a692c98ccca082ac03b0121ab', 1, '2021-12-03 19:44:24'),
	('9f5ed8a56ee48eb98766cda6de1cc4ecb77b6800c40ec75d992150b3386009de3c650bb5937fa5f0', '0b02fb486c882d456cb13a96a52af588f5c5516d67e2593a63ed96dfffcfbe8c4e6cf5b2cb6adcbc', 1, '2022-01-25 15:39:21'),
	('a132c42f1409e7e8fe5eacc2b79fcc76c86dc55ef8d0d83da0c654c5b213aa57076cb740e043a8b1', '1d2d680d25296df05a427d9888fb141cc7947466443c49a14221f8d1de26e7c6eb5e4c53357268da', 1, '2022-02-05 20:19:40'),
	('a1683f7a7e1139f0fdb17232294e8cfdd0dbd7748b4677cb843a7dd50f460013df56a8e5afcb57ae', 'b8463a4abcfc1272c9ee416f99e6ab1bb1776b22e6e786ab733e7efb2d1f564fe6198faccfdd7e1a', 1, '2022-02-03 21:25:41'),
	('a31564ebd162ea5074cde1cd6728ad9e22a5fd914fee4c68310d456a57630a1772ddf3665e3514e6', '72409c38011752d539ab8c35597b26de3f1dac097fa02ef6497e09219c131f4f2a376bb32e123f12', 1, '2022-02-01 20:04:46'),
	('a336dc751f52dfde74e4ffca67a5c18c1e301da693c76d2a3d8179d368a5739660e0b70adbef58b7', '342356e1680f5abf9e90fb4694c8c2f370d040d5c73f0d8ea801431d24ec0e0b2ab8d46c6833aaed', 1, '2022-02-04 20:58:22'),
	('a38cbf394f486ed9c7883994fbfd1254643e1256058964f47270fb3c6fec06ec754b15c75b93b47e', '3c77c8e13b85f37bcf1ae6e88961e228a597e65947a0f76b499e9dd4e6ab7282eded7ef2080f4bc6', 1, '2021-11-04 18:02:58'),
	('a3f28d12e5313b1b0fcf5cb18939db5ad39697e30e2ddd22edd491a8656a48a5eac64af0ad1fb107', 'a8c45c6c56680baf54554ecb0b504a0e76b52fa959b234d3818e9c5c9d8be7024c0919ca90a8333c', 1, '2022-02-02 21:00:17'),
	('a3f7abf68a376cf95d0babb369260ffe1f07b561e715db1af053466b81479e260a5fab4f4c04f864', 'f75b5b845ff6426df8e197cd1243379dec6f891663296a46441333977dbc7eee505619b33f03bc68', 1, '2021-12-03 19:46:13'),
	('a49fbde216f87d8b9e09b705987bf5d7995f91cec8957e4946e02be1c6ff205a66eef91e56b8d8fc', '08384e0d8f8cc97a790db28b969648d033c7d469afa39bdbb79525f3326aff86e65f4322a95e5b84', 1, '2021-06-12 19:18:14'),
	('a53773c31d7fa3fc81b5646e743bc2bc7425d537d6451d3960003bacc621372b9e85abeeae8d2424', 'a218acb381ff5a4fabd69cb5309e1eed0fe222d59530a078349852ecf136a6ef2a9773255608e94a', 1, '2021-10-28 19:31:49'),
	('a6b4ec26c4a98d7e36ad370855b4549b626d2fbd744854a5b43885f02a6dc0d61f9aa39e4cd60113', 'ea12ae8cecc12287897d98ddfb6b2fd644e72ecb723069f7730836d7c2a399f57b4a183bfe82c8a4', 0, '2021-12-01 13:34:01'),
	('a7bb23d4cb1695eae3d644086b2f775ed5a9bf02366cc8c9d509e068474d4f1bf929b34dc2425ead', 'f64f99ab2861d68c431a150a985038c2e2d275332e31ddcd74fa71087b5970a31c0816ee4cb17248', 0, '2021-12-09 13:54:36'),
	('a81465d716d768bfd0ad0538dbea4eadca10a4d6bcf1258ee15d2c495a92f7907e72a0898094811d', 'c3c60bf6f1fdded8cabe1124243c0ce13ee64ecc2528685e78db947464593237ba7bf26f6135f5d9', 1, '2022-02-01 21:30:01'),
	('a82086b669087ae9da41457f736a0554b2bfa636616f38805b08d545fd82f8561bbf9900c0a4a35a', '9b90a2c5479e254156b2062c54e7604348479fff0e5e0d00d5a46c2b8ebc89a2fa3077a9aaa70a7c', 1, '2021-06-15 19:36:48'),
	('a873683b589c8582eb662bda8caa2b70b6bc6fafc7e6a61df7ca18aaae0f9acf87e2d0027b984179', '6e0f30c512bd489b7c5c52e0e22874b9f6719934b32d974365530b996a91d5ca136b1247ee4d3c4a', 0, '2021-10-28 14:08:41'),
	('aa803b595e1d465ea9c5edb628a0958496f7e321f98d474908ca9fec72a006394f17ef9be54c73f2', 'c489b76afeed0716e94615ac25ee64a8ae96b42a8b8dd2ea403e00cd389b0e7f90592aacc469d195', 1, '2022-02-10 13:39:01'),
	('aa8071e9a78196fd8d18c592aef7d044a598eaeaadec3e40c4128f9bc91f68834e73fcf215a1fbc7', '978c4930b492b48ad0b498ebaf98ff483c57f22b36341844810499eed715ad3d7d97cd1de379e479', 1, '2022-02-02 21:11:48'),
	('ab2b8278eccb133221ceaaf2e047c7fd3dc8f25f981cc1a626304b3aeead8b461a390b5c3d165dcb', 'f1c54f0fe21294082dff7311a60f7cc474d7b992e8b11ec32257da8b68027f878f6987143c0688d8', 0, '2021-07-07 19:12:16'),
	('ab83a7a3752710645041e6cac3351ead8332c1ad430ed2b19dc3bfd5ca42577161afb1dcc7dbbb07', 'ad19fe09735efb5b99ff606b05d5905308b7ef02810933af7588ff1c686ff87076e283eb16c4e8f7', 1, '2021-06-17 15:48:19'),
	('ab86e00d6d2ab1dbd8e6601bc69bdaf438c1f235066c797353911bffdb73e10e3f415000e94b6e39', '9767bea1c80bbdad9d2136f19e0bf97ed26908ebe3e47e89773bc560ad81ef57298ba4cffc33aa21', 1, '2021-06-10 20:52:51'),
	('ac28b76d0fbf53a11edd23ebc63534a022d6b2f9a9422216cb2b58f0955db4482abc13088044077a', '2177f009d3ddce934d7348f1c92ada8370077e43a27c810acc55ac5b5cb566753bd63501478d5b16', 1, '2021-06-17 19:45:33'),
	('aed2a623f06b9c7427a600027ce19c06c92044e026509e15cdbfea9da24194786f195fb136d7c720', '914d5d4689ae8f4d69090e4eaddbca07d2508ead96364daff3fd2b0c8cf99883cc300c8bde6511d9', 1, '2021-06-15 19:34:07'),
	('af1a1bf081e85c4f5c5c9e6412d6c17951136080791e229452c0dff20352ed9cc11c16caa6c7f8c1', '19ea510533c303acd371224050c1a20d7460394dd7f7c2e337fbd8fe699fd7267cb249a45e2e1d70', 0, '2021-12-16 16:18:13'),
	('af2026bfd52dbcd74fa08331fdc470c48681b4cac0cfc0e7b6830809aa1dc961eb6b689767d8c10b', '244a176ac34db371da07a74e1291894aaca18a013fc652d1f9fed37d5a48715ee27de57361e1e032', 1, '2021-12-02 13:17:07'),
	('b055f3b5e7fed7813a9873cb2a53ee952c6fae47c7c3cbf077c62eb5a0b617874ae45afdca2fb3b8', 'af98c12e71184f39ed985f4c2b6ccad97d1aa4a6e67b14fbb57375f4f2e5407ebf6a0898fe814248', 1, '2021-12-02 14:21:01'),
	('b057a9c06e02c99a72e59f8c5aebd508a8b53a1898262c6c2f1cc16b301a15f38c91ebd747dc0a35', '702e40d81ebea02f97d7e1b109142c589d95453a9bdbc41369f34bc2ef0fd5b82be0fd47dacb7e88', 0, '2021-09-30 15:01:10'),
	('b1588b35460bb16fb5d9a987cd6cee8d663a8ebbecca00a9f1617758fb90e6a49eec036342565ea0', 'c1a5d2ead87a133292f382ae9d497d83af1c1d325b07ebe2e6d8dda754fb40e2588f5f8a9ac59371', 1, '2021-06-07 13:52:11'),
	('b158f66b537388c697b547bbf83a0dcd1b4336b7f4198f6791c36b0cbcfeaaa8eea7d1e07177201c', '66cff84106c979e719582bd2a4fb206c1adb989b6f958ad7fdd998045d473bef1612dac76545a083', 1, '2021-12-04 13:14:09'),
	('b23f754b3833b112c3a2acd31632b62eca6a7b7fbd35ae0580558690434d04f09fdca3e239ee5bb6', '23be6135cba4d6277bd9cf5a2df31a4d5ca6d898a433dd31b84a774d8db6ac4e9d0e81743f5b5cb3', 1, '2021-06-12 20:39:27'),
	('b2d24663e6f32cf04be685314f9587ec39b4b6621423fe6edb82603077ae852031ed55e02c2a4a48', 'c7a5481c9833729ea147ed6ac503c6f1ecc4fa52895df3222c613f4359da035393a73701a612ca6b', 1, '2022-02-05 16:01:00'),
	('b44fd53e7440634c42f87fc1855e3b398e5589e5a16542a3bc0cf2a1df7fba63f1868b20d10cf8ad', '96ea4da4a7dc4e44c4cb1d59e54a16f44bd47697f57b3e908ca35c47a815f8cfee7e9475a4ab1d98', 0, '2022-02-22 13:53:45'),
	('b4840bf4ef7f80e2bba073eef0462fe884132b26d03f11a7aae7f5b8ea310cb297ca27e7d45db21c', '0401f27e0369a349e1437125b7af1d2d09490f80af9343c689332880f78ffdb60d25b15b21453e25', 0, '2021-06-17 19:45:49'),
	('b53c4017583df7ef5ece6b76e59da3f8d2f6bc8b2b7049d96b8b419152d2aa413b9641360b2a2d66', '0fdb9789d9662bec0715f14c7d4218dce2a4f39d0b75619985e9ccee40db868918f378f652f45df9', 1, '2021-11-27 19:37:25'),
	('b570a7e05e2f6529bfcb6cece547121b7c9ff7ba40bfeb5b613f9eb2c8e15925937eb27f1519be9f', '199b79d6ce9eda2dbdeeeb7b2432ca89a0735049562088e5ddd2f38cd2eb814cb1004e0def45fbe9', 0, '2021-11-25 12:51:38'),
	('b666e80d195e036e241c93379e8cb5f11b26e2d8d9ffaada25089a4d46ba72faf91acc4fc784eb1e', '2e182d510cff6b39671beab2e65f4a27da037c860c8584bcdd3a4d18ac84f6c91ba79cfeb14b5127', 1, '2021-05-14 19:17:28'),
	('b68e892b32f06750396d2b822042f6bd6937330281dba933ff614da85bb460efc80d104775dd0131', '4711441955c41a0f5e7ca80379ee5bb2cfd92842d3700ebe31de2a34001c044be5b47666e44a550d', 1, '2021-05-26 14:58:40'),
	('b780f6000452f597faa529210436c5a7fbb6cf3cc42b09c59fdf7f14c7c32f7d79bf5d8f8a3903c7', 'a1915c9e4e7ae9c862f2213fc1ec15efb695db2884d9ca74011cf088f1a84599c77f410dca43df44', 1, '2021-09-21 13:56:21'),
	('b8c306a13fe46aee6c7556a9354ab30cdc96fb791c51f2f843020bc3b3835c8e3c4a025ce22ba9e5', '55e8bb5a63b5aa42179e35f77043b477904f51232c72c91819342c64489e6162ead4705dd260fddb', 0, '2021-12-16 18:22:04'),
	('b9e9bcb1ce4d02f5f7f62325666c15f0a676b4d5b12e689086154c6ce813c6e1a2505ba76a2bf56a', '9edfd8df3f5db7f4b0da68479ae21bda3f21abceca34b34d273dccdd7516c071b2d31d2d7a927957', 1, '2021-12-03 19:43:20'),
	('ba77cd7d2ce3cd3672c6d01becbc7948af900798c7f4ec20fd7dcef65e7731cd3e1127f931f82790', 'a4c02f32016589e51f8ffa400fa060b6051b73760a52b8f24f37be26fe03c2c80218a59943ad9f8c', 1, '2021-06-11 23:44:49'),
	('bae2c1bcbc7793567d6403f25adef31426a0693ba7f5863b5c3215423fe2d24ee7f41c6a2049d3c6', '0b1076b224d5fdc2765cdba2b9fbe4f02002a7d7966ae1bd896da11adeb11e867ca5cb16facade90', 0, '2021-06-17 16:48:54'),
	('bb146953086f308ebb9ab0d463af9e31f6d9ab6ea840f18b987be036154df3c5563dfcc4f07ee943', '082f91e0d2ffa6b4c9969b5ace252db0aeccc4e45bf06e6e5761676b2c253547f3de54689bf7debc', 1, '2022-02-02 13:39:14'),
	('bb4c7e64f8f01c858a81fbd823df1e9defceb9719df4b680af69895391f46098d566f37f8dc7fe04', 'c7bdbeeb65267513e5b0402a137a8c21ebf19237eed670331afae7e9408ff15d22e32843c1fed3a9', 0, '2021-02-14 14:06:08'),
	('bb76bd5283acacd32e280e0fe8b738ab94fdb100fdf90af96f4395da21fb05e50c421213e93b2284', 'cfb01f043f59b489e38566273a233d0a757128f0bb0dbf171966897e5ee4d96807502b297a469b08', 0, '2021-09-04 17:57:32'),
	('bc69bc728b007197364f97be62fb7ed8c32e082f2095ea2710cf2996875ed494af1d4df9407f80b3', 'fde6b20ead04ffafbd269289e8c76b4498530f3ea5d5ca36fe482a66838a7517117f295657081bf2', 1, '2021-08-07 21:09:38'),
	('bd26c58769860b8b720c896f614d75ca2a4fc1b63c55e5dfa1e49691d2995b1b314b9df27582df46', 'db97439d31e7c27d14e0dc0b1bb778fe9779397329afae977a91151623c5143f30e7761b9a983e49', 1, '2021-11-26 13:46:46'),
	('bd29b391aff40db396191b8eb37c4d0960b3dc86e16afab6d2956b45179b9ce02f7ff40d0e682c27', '0e4bbab9a7114a37a1cc7dfccee92569a8e88f3dbba610292b8d508baab80667496725d1525cb3e6', 1, '2021-06-17 16:14:32'),
	('bd78f751a034efdf75896d86555db6675e998794923214108d58a6c6ecd04a49ec821b293be7a206', 'd07a16ff73767b87c27c61c4a9767b507ed303357642804ca184b6317b260e213a205ec452f60daa', 0, '2022-01-19 15:52:20'),
	('bdac5e535f9a48da65a9c531f5fcc5e1ac7d51b0fbf53cd24ea7aa0ff9adb4c630e9a2726c102d66', 'deeb81194506e8289f187dd3541994171898cd8cff3d7f6fdf871cddd579c3c1b47b7bc550df0b51', 1, '2021-06-07 13:51:48'),
	('bdc182d92252426133796dc6f2a524d52e6e9ef60ad2b21692f49422c6845bb767f0598bccbd6ca7', 'e057c2d35d883136a7eba452dab8ba4c2b28418410f3d21bebbd09d2fffae0bf59a0975166a514ef', 0, '2022-02-01 15:41:04'),
	('bdce79b4a3aaecd085e01491b2c43cfe26d97b59380cc6e3458506ab5b2992f86c9935e004a65d3d', '4af1c7f0651f7dcd676123c4f1d0b9dd23293f85e244a4609b4cf2ea08fc331adbc1363775373061', 1, '2021-06-17 20:24:45'),
	('bf239c76c67b191dff9a0e4d38ae1323a77bcabc13b1622c44a7ed419a0e1cd875f5de4d725b5a83', '3e6fc69a5f6dac13d7882fef7fe966182a98f7f9ea68be315cda00a368f0251dcd2e6850d697d80a', 1, '2022-02-02 14:54:14'),
	('bfa885808da9a9ffb41c3c6e12e21d8036b4d52a8c6982b3e85cd8dc360ff1f025bee846d98e832c', 'b0e2ab78ef75dc83a124d863b3c03a0a708096fb9c020f53d9dc3cf05a968a5cc042550b5d98b08d', 0, '2021-10-03 15:43:48'),
	('c045606c862b16fa2d61619837ac8432745d3b218faf8e235f2650c4b3da1a2f4d99514a115e5fcd', 'e280f8f186fb6254fc4581e50f8e2bedc36f16817409e0d9c9ca62818050fd92662783df1b48abcd', 1, '2022-02-02 21:24:17'),
	('c0d2c83a1a24a8ef228754fd046427a063d21c6b3a6e5605742583ff048d3b9547cb4f9c716c979c', '56dad959fbc56d34ad60cd0d6afb60de3f84ab974ebe5d0b55ffe807cda1aa71a42518e49d0d8290', 1, '2022-02-02 13:39:39'),
	('c477de5ed88c2bdc2f9e27918c68fbeeefb23c03d739ceb3018f5aad6e5f78af1e12225ec13ee2ea', 'b076b1dc17f7fc1532baacc0e3412b443dd135c88b82b5d26cdfbb00fe20612f42825f81fd143dc1', 1, '2021-05-03 00:07:25'),
	('c502294328c5c8c2eb2bd7dcd4084d4bfed2a31b60c73b2c0e0f3d1ab5b851d7e1fd613cb38dfaad', '63acad5163c146bd6461a4e07a4aa01afcbd8b750b0ac76d7f953f98ae11ae2b4a085c1c6cf0e5b2', 1, '2021-10-07 15:55:18'),
	('c54d4b094c4396ad928e03ab5f013e7907a3d490dd54118d7b07a3c351bad3c3197633ef9d49256d', 'dc0fd89dc8c37d8ca42bcd6639951205b1325f4ca6587c95433bb89208bcda859b80779a13226ba6', 1, '2022-02-02 18:41:26'),
	('c58ae7eb9fc0d82245df3a141d4940c543bb0ac9a0b5f19f1e68e3da64cea080a87fa6a010427987', '87df6ba258ad391f0aea9f635b55de1534f933d331d5b903f4f7724a5613f7935c68f9e55461246c', 0, '2022-01-11 15:54:11'),
	('c61654a53304888b1a83e586647383e064ff5b0e81e442876e92650dbe176dcdf3342a7d8ffcac1f', '8545f17b4fa8a489951775eabc7ffc4fbb6c9af1fba66cc62423698d38b4d3fe7ddc63b5895e1f0c', 1, '2021-12-14 15:23:54'),
	('c6a884176103f289db841c37ad3baec3782a22c4467125be9fc6c569a0b114c20e8b8472a783d5ce', 'f27a3a3cb35bc98cb91a06d7c249f30c65afaa5bb44d920e01fe5a9f9b7941157f1965c8afca4092', 0, '2021-02-19 14:08:31'),
	('c6bb1236c2b33f950fd8155f8c130862f10917b36126421e2755d8a6715fe8be75be91b4baa6c42a', '4a0e3b988ce627b2f2a899c36a5ebe6d5f28cae477e20eeb81e56b8a2608a39f6dd8bffacb4ec346', 1, '2022-02-01 21:27:48'),
	('c75d0310f64518b78ffcf2b5dffae93916281ae6bfb5fe9fd74360b663e7dfe0618e785d33dd8d84', 'da10bcfc6a48499508e9d29e177285fa36aafefb828ba3e825c958d5e856bd4d022400fc20d16465', 1, '2021-06-11 23:41:33'),
	('c79f4e6f664661c256adbda3bc5d70952437392594b998266dda615a0e20848271964b5d1aafd283', '1bb4691508d7d91cc9af0378db6d079d8d80caa7cd346a50f59e2ec50a9afde5bfc336fe6f953cd8', 1, '2022-02-25 18:29:07'),
	('c7f8612606f97bfec952d17c70b1a86a73345be3ab43c2ea50649fa1d0bad537993053de8448154f', 'd9b9a2d6bad5f53238bc3ebae70beafbdda19048e5220ad02163ab473863222da5a08870a851cd28', 1, '2021-10-14 19:16:40'),
	('c83cdb6c1ff30c00dedf5400f5dd9707f55f3f3ed41560f5a3801149cb023ad8dd94d4971ea99763', '6c29bc2e88b3cba05260f39463cb2a9d2132effee2cb4b4e8ec8c75d6baf25400b031b44b8b7f426', 0, '2021-11-17 14:28:37'),
	('c854831c275d070325fca82eb174890d63902d660f1c31a7a9775c4924871bc8cbca226066636e15', '6c4ad8c2156da72dbba73aa3526cc46920dfc02b06a07c9fbda90662c39ee1b474aee9ef70c09e74', 0, '2021-12-16 13:56:55'),
	('c9a8b238884f59649f0833f183245fb2bbf775124de0630f84a8c20d9001f5dcfd4fdc0ef3b1aa12', '21a3773365a20a746eb0371f9b9fae936af67a86356c2617ec82c4ce7e27bce5de3c590f459b3a23', 1, '2021-06-12 19:22:59'),
	('cb052796698d95578c6afee0840e1cc371a96c05a3971079f308551f9b009518cb74b75a8e18778d', 'd1e5de76baf423985ab63ee1854ed9d5bf5ceb7c57e3d7199e4c79aea1b65b8b6813830a07941d39', 0, '2021-12-17 15:53:49'),
	('cc68cae0f8b785aaa517583f6b69b474ec2c99decc92418a7aede1ca6ea1ae5701b04978a2eb1951', '9daecfa081abeac8ea967b60d5f629a7d3f1c2f895eb1625957ca247b0aa43b9f0697962d3cd771b', 1, '2022-02-05 17:44:24'),
	('cc6d768dd0b358a26674328e2dfbf9e7e8499d51772997fabfe6cec502a6bdeb983c0da923f15c68', 'bbf4f7c5e965dcc771adb2ffe5c65c879773f12c51a3fe87c9b8a34ed3cdc07b3f84ee0d2d42b467', 0, '2021-04-23 16:32:56'),
	('cc8f1da5601e282d6af90cee756d7d57d33559fb99db4cc4eb76e834f8e1ddc02becde5d0fbb90fb', '28660f5bb647cd7a4865d387073716238197e8577f5bf9abd5fea6dd26e34f5addd3bde4fa68a358', 0, '2022-01-15 14:20:43'),
	('ccd804b51c6ad381a8a8189dba916291e3c97a5f65fdb6d12e0f6f84a485625514e40e7c49983df6', 'ff603eb4b684e49cbcd3faddb68b1a4fac6ac4b18d85338a5997d4bef1ff0f8402871fe8c9eb7605', 1, '2021-06-14 23:20:37'),
	('cd2b04412308b949d3f5f434a47c832d93e3cc3e54363fa6e023552f740c1ffa3c219414f7e26e45', 'b168ed7e80001497512da3026fa0afb7c4480445a9b55e748f28e830e4e89b560b12125e770a8fe1', 1, '2022-02-02 18:35:58'),
	('cd7bad23789d021da4f561877db45c5a40d120fff748a7f5e543cbbb6f3d9dcbcc126fb93f3f6270', 'ab179912f241e358a9c7863ea6f73bd729d7782a1dd659ad052054e43729f122e844dd5f85a6464b', 1, '2021-10-15 15:31:16'),
	('d0020b1cd7c1227deecdd8a78872ce7b0820345a5c4c1169bce6a65ba748bd109c45cc2463e642e3', '4af214e87c1acb491d59d48aa12d217825a99e5382113cff60a6e747e6b0313b1a7fcb72f144f76c', 0, '2021-09-21 14:03:40'),
	('d05686d618f42fd932b643568a4af19393fd854f209d724866b1af5c4a023a5495d7bb90ab9ae47d', '547724d7c87ac93c359b9eb8b3fbc17c5ea8cba709be71e12189cff73d3d1e46288515f69551bddc', 1, '2022-02-02 18:18:47'),
	('d05adb5477548fb01d34913d32951d793ed5099f5a76a5d9d256f36ab12df8fd865a6d2547b8374a', '284fd11ec2e9851d3c6ce320a889708d3fdd48cc500427738245220abf08107465d82ea147fc7799', 1, '2022-02-05 16:05:41'),
	('d0730d4e9d59666f64c89ff95d33b4259e5fafc7ea5f381254fdc8bcac5e2f5cc54f867ef062f59a', '70618ae4463c77de2aabf58145961a9f3d27433a55c132e6a820191ac51fb0d55c26dba7f168b1e3', 0, '2021-12-03 18:29:20'),
	('d0765549acdcde7f4461d46aeea1ba1b1be7d95f9a41bbd7ccf30dc32d80e7172c0355bdc8f21973', '47f3d62e2a227b37f181b6a882f76028ca4909944144033d9a9554f592cbb59ae67bfa0d365cb555', 1, '2021-10-28 18:42:36'),
	('d1c91c21583a0ca5ea5b18bbfd8d9371b63e6c55777b50f91118c7ad21987473b2cad1ddc6e995c4', '7418a82a22f0d719da744663f929715157ce93a32a1dddc92381fd842b01088d1f2608a6cd25c24f', 1, '2021-07-07 19:11:59'),
	('d2335d5801fda8c94d35b0eb32253533c52d8c0b04186a30286a6f9b47941807324e572cd4c96308', '6835e10f29c781ab65cc8d564cb4f713f9ddb1afc832797d07163faaddc74f3f3f270ddfd6331fee', 1, '2021-06-10 20:52:41'),
	('d29532da1246cbdf34935243addd8a74dc20243f0da93e838f8b487b9e98149e45be360eefa5d998', '68338e8e2f888c03920fc7215a80b534f6f5aeab7a72515afc5562e3b3b020255d3c21ff5d5d2eaf', 1, '2022-02-01 20:40:50'),
	('d2c146ca15b6ce2355922ba8f70670c651ef2460f5b492789a21d5ea5a1f5b9a85bdbb80fa1c9f33', '3aae9a1269917377bcfb24a843cd7140ca37b7920474f9615d9b0ed7f462e6579e82c9a1abaa9293', 1, '2021-06-11 23:43:49'),
	('d30de6acf787175c45634f1366840d4da5be82b67f80774e2fda6bd5f6ce1e509259e74b59199796', '3fdce2d5b1df9ae40ba029acdde834d9c1d9556afdd387c3adea96e573d014064a3c16d9f07113d7', 0, '2021-07-02 15:08:31'),
	('d44b02a5f178ba337ab00a8ba63d498d1654a3414a09215ba8dd82caf0d0864a21c0594e43858936', 'a08f9440e763b2fa4e200c0f309d3abb4dcf37275853139e7b35f97d678e91421662a90c8499e59c', 1, '2021-06-07 13:25:51'),
	('d51276346693a62450bad747ea1ec9ce3f0776d2c2268584fb9fbf22f06a94c36e11fb03e0ee8b40', '539f02fad9e409e3684baaa35e8bf6adf77e54e9076c0779e5eddd90b0f55a458ddebe8ae42a0209', 1, '2021-06-10 20:48:22'),
	('d536f913c4e511e3519c2059ecc4353df78f107da95be4c48b30a2e21408ed57b74cf39b59c96d30', '78d2f0f07872e3bd725733a7fea1c423b62c0149f05ac55c451b091d0bc5da7ec05ab298835ebf33', 1, '2022-02-03 02:34:50'),
	('d553e6bf7be72802e05c284f86fac54c70bcc9b3e604d82ae3fb83f71b13fac94e5f90a7f6a09f48', 'cc5e753689d6c38d262d436cb1514e3d8845ab0a9ad5b4d34de5fb9937b84565a3b0b6cb8a9f72fb', 1, '2022-02-05 20:51:51'),
	('d5a8d8b0d8c007d9375278efa102f5ff517250acfdce1fdab5b2f511f0c269927d53aa027e4ac65c', '7f58f5a7d67208a4a983c09703dd8339ab6033a0829e0cae6492eff3f1019dcdf210a17bd0472817', 1, '2021-06-12 19:21:21'),
	('d5aa61fddfe1cc2fb93306f98bfd0c72d2a2efe0d11422add09b4f52c1fc109a76efa13b28e65588', '447bec6fbb5094f1901959fec195c41716e13f01b651e76e30b61cb9b31a2323df6eeab259874bc4', 0, '2021-12-14 14:13:56'),
	('d6aa3a2b22a25da2ba4cc32492508d7898c8bdc279fc9d786718215ab34249ce107e9c0dfdbb5c36', 'ce2b1653d4c032428283d23e2a5fca4a1431e13ba62fa883e4dfdefb9a988835e3366eab09faea9c', 1, '2022-01-26 14:56:58'),
	('d6f7669be50fa56ffa40cde975428644eee7775985662ef3602c5fe60841a78a637f1df02a1b1e45', 'e57a64ec0baadddd04d2053b0adcfac164f4c2d199af2f8d9e2e2e6e0d350938aaf56634ed504faa', 1, '2021-09-29 14:11:08'),
	('d8a2d90ed81fe19722eeb25054701d28e1a5064a649cdd4ce44d897111646488c059214638426c50', '5471512be041b9e5de33f24480e3c40a5a5e1074ce43f120fc701ac5e26cef3895089ad43d659d95', 1, '2021-06-11 14:16:01'),
	('d8edc695a5321fbf8219a04f3af09cd8cd6ae2d3227816a85364b876c4d5ae0bdce0439bd0d8280f', '3b9c78ae80740be6e94f1283e3188f7b565472ef6dc41a24be4f521d6f821a9eaa4f94cdefce4f7a', 0, '2021-05-14 00:25:52'),
	('d970ae2293e07f24a5506f95c1c30736a1dd2be62d3f4d7f6708176d6f251d667048a5e0a1e5b1c6', '506a045337c693f8b76febc15c7d7c4b738f981c3793045d5db71d89c56a4e1d4fbfeac4630a86e8', 1, '2021-06-26 15:59:35'),
	('da974ce97594149c1ae0df22ac19519b94e889f34aa21814f02c8d4ddd09179b64cf82ad90e4d34a', 'e76688102a2fbda105ced3d0857830fa67898ca980e09ea944d4a48a105eee98dc739079b55f92ad', 0, '2021-12-02 13:51:35'),
	('dbb32963dc2b94a9677ca724090a1cc71ed7bc7aa04e7960fc42b84720afaee14ac9adfbfa84dde1', 'dae16128364f5ad2584600dcb98425773a86826deca57b03a1f91ba3ae6ac105b4344f88a6fdfa9a', 0, '2021-07-08 19:17:23'),
	('dbb7a9460431cd5e3ec7b65a1ac5a27d47fe10ae57e9a212e209aee852dabf35dd6d8ebe2e786595', 'd4651c453d87c716fa4a64e30b0b6a90656be218bee02f01623056f78f99c843e18fa5c82a7e08e3', 1, '2022-02-03 21:20:10'),
	('ddd9cc7d40a4f5a3883215e36541dab87241f5bc5f981705a17dff3099c8adc728893cc13f99b8d3', '010dcdfa734e70e4ceed5e47a7c9f3774d59c7eb289812eb871713a7d85a1e1e4f0c51ba367491dc', 1, '2022-02-02 20:57:26'),
	('ddf7a6420d498aae3c13ee00fd11dd7329b6f609afb4a1185275b2561be470500c91cd2cde7fc2c3', 'b6656074cbd9e10c04b930db17f29fe25a38c8b9853e7b7d5bb981f9647e192e2918928b6723271d', 1, '2021-05-14 00:27:25'),
	('dee12b25f04f8b388aefedaf26c373d982c1452572688fab12984addfa3aa340e6fe213ec8636a62', '63b8f342ec4150aed3276f9386d2bf8f22e05f111acb70f0596c563cdb935f7b0ea3c9c807d3982e', 0, '2021-11-30 13:44:36'),
	('df165f8a47974658a0d5b8606b097cdbdcb14b27d2f7e5145f61d48db13174361677bc36ac2487ef', '04d255e7b5c60dc803af8b412f6cf09d16e96193516aabbcd86bfaef288971e7204df1dd0b8145f1', 0, '2022-02-03 21:34:44'),
	('dfa9ebc8fe8d21f7d19e247b973674f9299c88f156acabe14b3de0eac79a08975d30b475216b3907', '26412eeaabed8242e787dc8bc21196c25d4a5938af240f91fccd64d990770e72cc140505241c6c98', 1, '2021-06-10 20:45:38'),
	('e10803dde89a3349bc9d608e8666cd7d5af09e623cf9c72fea342366cf32c4d689e9a1d0c6370c0a', '30ca54cd8d02d2b616a7602bab58fcb76612e2f1203fd9e47a166cf46f3f7c255a12e95366f0374f', 1, '2021-09-16 14:53:56'),
	('e1642b0c402a847397b1b7edab1f07408c84dd3bf764906346cc74fb7f1510a8ddc6b82926083160', '332a2ceac9dc9f9d319c876f3d1aba0c60bd2355462d47c0d52a5b337408adbf62c969eb2ddcbea9', 1, '2021-06-15 19:14:57'),
	('e1866d5e5464fc1dac1aec00748e7ed04909a8ff543b2475daf104cc3baeac8db68bce61544f20fa', 'd171797fa63378b195e8f360324f9bf7e92fd9a40e10c5644ffed4c216c912d0bac6317d9f935fd7', 1, '2021-06-10 20:24:27'),
	('e1dc71ef094e82f82a688f3e364b9af97aa44500cff0bed309517d106cc615618e16a1faa3d80972', '5fc24209b1ac14203a3219b4acc0907a0277092129b5d5b5673a3780b272aaa51ff2c5e3f6b61e79', 1, '2022-02-04 21:28:07'),
	('e26e7dab509e273d6e8226560869c712ed8c27d23ad46dc64924542c5a8924bd66a1881e51cbc70c', '6561afd74a6b0e63f29be4f18630898c641e9a82867735632ed88bb8bc663412d1b95c831ab89f58', 0, '2022-01-11 20:49:36'),
	('e384b4829833a73c7fec174dd79c9eb7e00183b81634f91a528486a5b67b36bea620a3f90b6b2bee', '736800fdb4ebff9c5c22f012663eba0664acbb261eaa33559a4e71c9bf32efda1f902ad7d7f59cad', 0, '2021-12-15 17:10:19'),
	('e3fb92bd6eb848d2028dcabf6f913cf6fcf3cb81cfde95327469717c6d071d97d08cd323550b274c', '9abf51ccf70e348a880cde25242259988cc620b4fb197e1e9c74081901304967557ae426ca4f0bda', 0, '2021-05-14 00:46:29'),
	('e477eb8a23b055dcbd22a0cb93f021dc8575adf9889dd40c763de2f648e883d6238d745428c3e04d', '56a8bdbea04c3ec36fb5b8cf801d18068c67dda5bf3848229913500dcb21dca233e3a7eb1ed9ee5f', 0, '2021-12-15 17:48:25'),
	('e486eaeff2c26d44ed3cfd6f3c557f27355bb3770a2f83c88e8259a9a1f697f921956e1c011f6fdb', '4493caebc9f6594cd705b45f778bc95df0e6ea2145ff408e88760f25a4f1164d924733fab722d388', 0, '2022-01-18 18:42:09'),
	('e48910a25923179f2ef66083581ca1d18b9870ca40430496dfd5af942030dad17cec619ec4701203', '79f6605d664c4c9b78218824bf710688b54a1fad6c70bc88aef58e73607864ef8151bc72a17931cf', 1, '2022-02-05 20:26:04'),
	('e5175442c10483916af6eba35cb0988ca64c47f7a0c41d887dc56dcb45d525bc5988cd1736d770d2', '06f68c0af95c1859a7cacfd1e5986554e375f3be79f7dd3398e89406d66ade7b999fca79c5ffc054', 1, '2022-02-03 21:28:35'),
	('e52560d51d31750e7b0d9217ef270902a654b9a9f651812574852bec796b2cd14852c5e1065f842a', '5f9a823b00421b44b1b17673eab0379146b3523ad3a4e48a6ce05ed07830d67d8d157e1055d1093a', 1, '2021-11-24 18:06:07'),
	('e5ccb2c64e1747ea30afe297e69c237c18badc2ce254fd040f2d60b1a63c5db57bdb5f5b0f24e360', '0c96b152b2fa6e7113c77504cb7f06854fd695c82d460defedf19e921d087949599761ed401d5958', 1, '2022-02-02 18:19:00'),
	('e61152a9c52453258ca7181558c314b0c6771cefc50888196b06e4ee7705e76285a8fa7bd8a8616a', 'aacfbb919483bf585f0749e685e2f0ee976585c3e205cf556f0a1e8259821f52aa9e1ecf5037bac3', 1, '2022-02-05 16:03:31'),
	('e8794a9cb822c8ad41f18b6921c26c68b4bba554126700ebe1f08c601251239b00e6dcd07fa6de5b', '678288b964affdaba88d758cadf8e86fe2248674f1ae1440a87a07d2377c2f598135274509894d91', 0, '2021-02-17 16:06:56'),
	('e8beea5a520f1ed771c237823e17f7a7b3a77fbc34ecd18fc21b9fa0c77e87ce50eb30819be88bfd', '4c14e0935bd117ee8de96916e484c2cbf3e931dd173bc286f5cb0dec9620f27d1e78d11c92305e3e', 0, '2022-02-01 15:41:00'),
	('e91e36fd34d55586a3c6cb22a9aad0c6e4a4045ed6b5be3d0d015505ea2a976be838d0df3363d074', '1c612a8e3a47b741c037fa8a7311c390676d70e7af5bb96ee8fd7ebc8bce54fa7c0335ec699d2fc3', 0, '2022-02-01 15:41:48'),
	('e936c971bba39286fe0aa6d47987edd462e65b8f2e83bac82258cbbc5021010a52f2cc9141a28746', 'f12ea247829f0602a27dae3e24ec1486d248c45f07d9e57d12e8fcd15445920099d7c07e6709e463', 1, '2021-12-16 16:34:58'),
	('e97d25a38262ef7ba177edc4dd7dec31211fa4b6a27adadc3086ee4b8d8239789fa3de0d2ff9eb94', 'ed16e8b6b13afe6907c854aee70c34cab1e3164056ddc314e6aa9ff381b9e336444b5b881b734ed8', 1, '2022-02-05 20:15:07'),
	('ea9b4e2855dafcf5eb36a0dc3834a5d59cc24307ee1b79d80e15aa68140c91640f8e3558b1681f65', '0cef49423f7f274aefe93c85c626626a13c7bb863d6c7f999e4f0b7537f29e50c8785e8cce61f05d', 1, '2022-02-01 21:40:39'),
	('ebdfe21c0e46ca058bd8038b91d3d28d03aa4a0541b2b67a4b620524e1b76f5fec1bb53fc9fc7e3f', 'f7b8a480184e6ff6c1fc8c4a741e0c314f34f1f5e99d6c87ccc22a16d757f764316d9ffbc3d02ae1', 0, '2022-01-26 17:17:17'),
	('ec57e3f183a5eb82a9d827d4b9193487a040dafa3eb510a928156356defc4703e0777776228bf28d', '6300cf72f21b63597b453b6187ce138262fe858c11381284d81e1b0d2278fe469e6258ef9220f101', 1, '2021-11-27 13:31:57'),
	('ed74fa8b61c870bfb643e160e16ca4690b288ea353adb5ebc154ea7719137971cdf48a8e44799a2f', '208afa868795b2b2add9dd17555bc0cbaf546671670b600ee038ad61d77568ebd4d9c4ff1e5851ec', 1, '2021-06-11 14:15:23'),
	('ee0d9d70ac9b90c78ff7fe3c6b29b5243485f606874358c28f52b335c509b4e923393030bb0e8c7e', '6db36c3c3281a34ade1598dfa4e848906bf4b615f852e5aaa615dd84b40559e3db174d148ae54f0e', 0, '2021-12-10 13:23:47'),
	('eead5eea8bcade2b8f728945743c22b724a86118ddf2d50faf3a3b81955c402fcac4badd89e8af6b', 'c2fd4c293b8832cc74c8f73c68e3a498028731e9be855e21b696c50601a6cf1baeedc86573314800', 1, '2021-06-15 20:45:58'),
	('eee60b86afb0ea4b19dd73f90b82925d9f76361f3854e04431fa9818eb61e062656220380fee6dec', '0f122d22e0a8592bdc51c3b652a5d1b9da62dc8bb06fb7123f489be4a2cb9c9597f97ba3378c1271', 1, '2021-12-02 13:12:26'),
	('ef398c66d6f05f588a86044e8b28506687661bc21734167e091afea875de8a68d609dab91fd44971', '3a26c02b6cd6038a76ba00967723a9bf0060838f8a1b755f91cc620cb45b2bb100ab3a1d19d2d314', 1, '2021-06-11 23:35:56'),
	('efedc4de4a05d9a7b71280c0044cf619e8bbe66b8543a5d67a2bc33d7a1c750262ee057d966daab5', '703de1951966c2043d84568c4f99517b79a4b5f8ba1630e1e9a5fa79f9da3247769b8a8ff170096b', 1, '2021-06-15 20:42:29'),
	('f031d26d4aae006bd1c364f086b05e3fc5b0b74082cb5536a57de6c9525682421fd328f542ea14d0', '80626d5c3074ae7b34bef5bbd64f1690c73184e7e456118235a9cb3b66843caa7b45fc895804d186', 1, '2021-06-15 22:57:42'),
	('f05fce2a02f275262a82d2db4d1ec853a75f3be1ef8b484665001858a9abfe914a95ff35ee864dcb', '0e9e3a40b3eabc2ef756855fea00388fbeaf2b653b156f22c7e227fcf48a024fa95182ca94aee42f', 1, '2021-10-20 17:54:37'),
	('f0957d98041d649ad10192d38adccce0146e47c458aa82053a20757ca9bcfe2d3a669da847341464', '043f9e5d86a8cef088bb281adb9d51c4d5b835cc7079adcab562f17cd8ffa16d421486130e8f4811', 0, '2022-02-01 15:41:35'),
	('f1c6d5f74350811c374cd1b6d590a17fc121fd1ea8d37ecd41ad641f2c8a147769b4e5967e88bbd0', '4fe684e6ca88c870c0f08b4416b51ae8a8e4d54501e23d37b666f48d09b001843cae81aa040915cc', 0, '2021-11-11 14:38:16'),
	('f2b39cac30f19389dcdb56d7c686cd839be1af882d97bb6696b7cf0d8ef834b11dc73a700a8def8d', '5cacf7ba2883aa1a772fbd8c0874cd4fd1de40c9e395d4dcddd875829b6a8ff89b03360c29e97c35', 1, '2022-01-26 15:50:58'),
	('f2ee45a1a109febc55f31ad5e550ffd75bb24ff9b1344db7b2c8eaeb388f29de03d566c6f3255bf1', 'fe25023c035a27a1ff44120e7c71b288b554c4a7d0ec8976c79c64e31835f24250bc378bf64f377b', 1, '2021-05-28 15:28:36'),
	('f3f2e875344fddd885bcf527527453777a2ddd3d7ea98bd719d87053cf9f711b0915726b89b9ac54', 'bf2fa9a1a96ef23a669c392404cb2e7a54798bcb795bb0751fc5d0bb1c9e17c6c166aa601c0ba4db', 1, '2022-02-05 19:34:05'),
	('f40dadbca3e41c4d820d9c26dfaa25e0843c4e015b2a67a9bdd67d30fb5a454887f14dfc9bf82a91', '4bd292617a49da71fa962f1f327d49c9a27374155e44168aa371faba6dfd3ca7ac0c625b6001c899', 0, '2021-12-02 16:19:12'),
	('f480de0ed7869f514b440cfb5fa12bfb71f3bb413895d4d85dbee2598f4a487fc5f5e2324a03ec35', '21682b01fa85b8e0c3f0559d0751dde36608af0e0cb612c1a806fe4bdc7f8576ab4563d4566f903e', 0, '2022-02-25 18:29:21'),
	('f4e89cb00e786b6ea1b15c85e5a0993a67712fa49ae3535d7f0bbea9a206c98e8bb9eee83c28a5d6', 'a9c29c9abc8610c14c8b1a208559f029693d01629f72ac1663ff26d41205425d588dba61c7f3c2d4', 1, '2022-02-05 15:42:13'),
	('f586ac806e170c72bd29ac8a9ced559573839c83f5aa0285c492b369109c3edc257a2e9f123ab105', 'e6e65140303d7134c0c252600739be987128d03f9adf5e4550f91607320ec2efeeb8e06e59bc5983', 1, '2022-02-02 21:06:36'),
	('f5ce9ef304211ee5c3e6d26da10f85f31b15d65b966ef6bc43706b69efb29842b2286752d94a5df9', '621e8100f1a0cfbce0e4541440da83c20c31910ebfe0d918191b00b85ce4d91ce4049f5a1787f59d', 1, '2021-06-12 14:22:35'),
	('f5f552ef0de27360572aa40fe7b814ea598fe854baaf92f819ec8aff63930708ff577f87241647d6', 'de46e397859de20ec251a082d18a7252bfa2a99d6c6940a24447494f0c670d72730dabd22d68a05a', 1, '2022-02-02 20:54:46'),
	('f6c3023d0f93812a55f26756a0c5e237394b5b66787f16aaecd08f68a1e0ec54d75edf612e195ad1', '5d64981743cc628b5e8e159c6cc230043f5ef02c7253a890daac3ef6fa4ed909841c8b0f6a4caabc', 0, '2021-02-19 20:15:12'),
	('f6e1920887b985f0ceec1cd945f570e623264bc9903cc0641e701aae05abf56ac4313b0be99e75fb', '0057c98bd7c4e7c4a21eb70b29be9e41e4314d373f4eea771dd319e8195d4a7c78ffef62c537af4d', 1, '2021-02-19 20:15:41'),
	('f7186877c5528c5369c59c98c5607e0aa2fa8ebc2f22e36914fedad6554d938ce5eea563291e4eb1', '3069ac77075600fe881b99423a70853d15dec1aaef426b0032757c5c17788c54bebcf7e332cbce93', 1, '2021-12-01 18:39:20'),
	('f76c2d5e18d3664eb9df527057f99ddb74c002a069fd1234e8c1434eea9f3f25949252fa6230867a', '9a2a75adb87a40d6ace1694fe2613d10793730a285c4b04fa6e05e05838388ea217e087c50cec3f5', 1, '2021-09-07 17:01:24'),
	('f7ab7f93555a3f07cf931f8b3a6db522332bd42b4af2888df82bd0e25c4ead523439ce6bdee3f1ce', 'ffd74a816f56061dc48e55bfad26343c236d2f3af871545958ddf353d336d70f7b649cf52ea36fed', 1, '2021-05-15 14:32:32'),
	('f7f2c6b7831be1776a9ede534b13f2b34c147ed71936d3fbc1e178d2fc808074781039c33b362749', 'e24c76fc2b54ba2767cc9d39f26e7d3871061d64acdfc25496a7727627ae0fdda69d4e22c91873b4', 1, '2022-02-04 21:21:01'),
	('f8659e12100c796408333d4b0f960aaf44a196810715d108f89306ba1048c4fd647ea71ee713fad9', '93dc2844af7da5f62c94b57427e0fcf7522db5d26859ba0213eba8b2fd83c19071fb87652e8a46bc', 1, '2022-02-05 18:53:50'),
	('f8661e90abe7adf9b57c846aa9701e691ae9f4ad7ec35da5d03f9a53c305aa8877b1605bfd615571', '557bb37b285053cbdbfd53728e5f03b4a275617389bd4205a2f31420ba2264001d4f8b170283cb47', 1, '2021-06-11 23:49:02'),
	('f866d5c5d7afd04cec68ea9841aa0eb411dca7e6910f1b96690e300dcd3414c78d5713badfabf8a4', 'c4a8ed3826b297ff582497f5d8eb027c40a7313cd58a77462fe7b8902a4c3a7bac09cb901b479f2b', 1, '2021-05-26 14:57:36'),
	('f87e807d88a64b25d8b4d086eb000cc97b03cc30c9ebece855e3d596b01b31792ac2b640aaa6f90b', 'cfd7a0856d016ce58132d6e32f27f525fe7a1a9fc31fc20576ace30cceb13e096a9565e49cb15501', 1, '2021-12-03 13:42:15'),
	('f9551d3d2bba296189e991de0b67914bd5cce2e020a088ed4bc7edd75ecfd90f150d1e814131c9e7', '79946e6282f4cef2b95fa69ddcd5edd9300f53f94fb6309e72c3e7d6123632bed7659ea2dca86399', 1, '2022-02-02 19:37:11'),
	('fa1f62f6fe5cefebf8d24a114e038aa163b9eca1206ba975aea47c409500c4dcb46e98b93d65391c', 'f6c45034552be72603ee64c9c82d957703c6ba9c35825a6928a79f1888596752882ace19b2d73cba', 1, '2022-01-25 21:18:19'),
	('fa6818dc7a6166d4b9e6116979391acf21d8a651e14c59a730c6b82f408f54a839f247891e9a341e', 'a67305ee2313dbff62e05c0d86b7b5c32b92619abd9ddc9492d7edb0d203b6f7bcdbfb01140ec195', 1, '2022-01-26 15:51:25'),
	('fa95b8de82172a5d961e1666f135c01020beff5a1de968eecfb8387654448831ad77c0becda55282', '2ec40aab1fd88bc5c7faa227a794c02df00ce157160fcc0e6f207ba8e6316f790764060d7afb4fdb', 1, '2021-11-27 15:35:15'),
	('fc67f168c6c2704884fdcf88ae714a817a39710ec1545c4dbf8d560a936d43f4ccb71d63aeeed1ef', 'af130e5e960816ef12c9d0b307c7791d54183612c8a73aa9506a30d853075011da810aecae6944ed', 1, '2021-06-12 14:21:46'),
	('fc8226d97b3d3403ddad9da5f886ced645058b9a44b88abd6d7bab0085e303614abf554beb3f17ff', '3fe9e4ea9f912298052b613207bc9ebbc3ab2bfd86239f586285a6ed887a0c90d9a23ab8dd80c1a5', 1, '2021-06-15 20:37:06'),
	('fcdd74cf1443c6f89cac0f91c68e92a6b5db83dcd15162ba0841e60dc7ccea134c6266eb8b6d87fc', '650290689d3135097c6b0f405b3d8d6f2ba1ae0423c520e9db2d6c6ef9f2de6cdbad05615e95b3c4', 1, '2022-02-02 13:42:24'),
	('fce31996b77a61996bbe46c86d7a4adf561e0880ccbeb1ba6e2f113b8bbe2777496ed033506ae8d9', '43d88aa7c209c368018664056006cbcec58ccc39ae035235cc2a6a5b128e6e5446502e2a634830f3', 1, '2022-02-05 14:54:22'),
	('ff97638b6eba671ac1146a89822f4cfcfa7f9ef943b5d23439b3da602b23565dc7fede6fd09c4dc5', '83135d3423c2a1cea7880618457c383303842ef53059dc5009f61fe77d636450b5e2cb2485f5e6e4', 1, '2021-06-17 15:31:09');
/*!40000 ALTER TABLE `oauth_refresh_tokens` ENABLE KEYS */;

-- Volcando estructura para tabla imagen.offices
CREATE TABLE IF NOT EXISTS `offices` (
  `id` int(10) unsigned NOT NULL AUTO_INCREMENT,
  `description` varchar(128) DEFAULT NULL,
  `address` varchar(128) NOT NULL,
  `detail` mediumtext NOT NULL,
  `phone_one` varchar(32) NOT NULL,
  `phone_two` varchar(32) DEFAULT NULL,
  `email` varchar(128) DEFAULT NULL,
  `city_id` int(10) unsigned NOT NULL,
  `created_at` timestamp NULL DEFAULT NULL,
  `updated_at` timestamp NULL DEFAULT NULL,
  `deleted_at` timestamp NULL DEFAULT NULL,
  PRIMARY KEY (`id`),
  KEY `FK__cities` (`city_id`)
) ENGINE=InnoDB AUTO_INCREMENT=3 DEFAULT CHARSET=latin1;

-- Volcando datos para la tabla imagen.offices: ~2 rows (aproximadamente)
/*!40000 ALTER TABLE `offices` DISABLE KEYS */;
INSERT INTO `offices` (`id`, `description`, `address`, `detail`, `phone_one`, `phone_two`, `email`, `city_id`, `created_at`, `updated_at`, `deleted_at`) VALUES
	(1, 'PVI Santa Cruz', 'Av. 2 de agosto c/6 entre 4to y 5to anillo', 'SUCURSAL 1,Calle 6 Nº 27,Zona / Barrio Cordecruz,Telf.: 3494677 - 76722731,Santa Cruz - Bolivia', '3-3494677', NULL, NULL, 2, '2020-03-03 12:48:52', '2020-03-03 12:48:53', NULL),
	(2, 'PVI La Paz', 'Av. Nicolas acosta', 'CASA MATRIZ,Calle Pedro Blanco Nº 1471,Zona San Pedro,Telf.: 2493156 - 76201364,La Paz - Bolivia', '2-2493156', NULL, NULL, 1, '2020-04-26 19:37:50', '2020-04-26 19:37:51', NULL);
/*!40000 ALTER TABLE `offices` ENABLE KEYS */;

-- Volcando estructura para tabla imagen.outputs
CREATE TABLE IF NOT EXISTS `outputs` (
  `id` int(10) unsigned NOT NULL AUTO_INCREMENT,
  `date` date NOT NULL,
  `voucher` varchar(32) COLLATE utf8mb4_unicode_ci NOT NULL,
  `num_voucher` varchar(64) COLLATE utf8mb4_unicode_ci NOT NULL,
  `state` tinyint(4) NOT NULL DEFAULT '1',
  `user_id` int(10) unsigned NOT NULL,
  `suplier_id` int(10) unsigned NOT NULL,
  `warehouse_id` int(10) unsigned NOT NULL,
  `deleted_at` timestamp NULL DEFAULT NULL,
  `created_at` timestamp NULL DEFAULT NULL,
  `updated_at` timestamp NULL DEFAULT NULL,
  PRIMARY KEY (`id`),
  KEY `outputs_user_id_foreign` (`user_id`),
  KEY `outputs_suplier_id_foreign` (`suplier_id`),
  KEY `outputs_warehouse_id_foreign` (`warehouse_id`)
) ENGINE=InnoDB DEFAULT CHARSET=utf8mb4 COLLATE=utf8mb4_unicode_ci;

-- Volcando datos para la tabla imagen.outputs: ~0 rows (aproximadamente)
/*!40000 ALTER TABLE `outputs` DISABLE KEYS */;
/*!40000 ALTER TABLE `outputs` ENABLE KEYS */;

-- Volcando estructura para tabla imagen.output_material
CREATE TABLE IF NOT EXISTS `output_material` (
  `id` int(10) unsigned NOT NULL AUTO_INCREMENT,
  `output_id` int(10) unsigned NOT NULL,
  `material_id` int(10) unsigned NOT NULL,
  `quantity` int(10) unsigned NOT NULL,
  `price` double(9,2) NOT NULL,
  `deleted_at` timestamp NULL DEFAULT NULL,
  PRIMARY KEY (`id`),
  KEY `output_material_output_id_foreign` (`output_id`),
  KEY `output_material_material_id_foreign` (`material_id`)
) ENGINE=InnoDB DEFAULT CHARSET=utf8mb4 COLLATE=utf8mb4_unicode_ci;

-- Volcando datos para la tabla imagen.output_material: ~0 rows (aproximadamente)
/*!40000 ALTER TABLE `output_material` DISABLE KEYS */;
/*!40000 ALTER TABLE `output_material` ENABLE KEYS */;

-- Volcando estructura para tabla imagen.password_resets
CREATE TABLE IF NOT EXISTS `password_resets` (
  `email` varchar(255) COLLATE utf8mb4_unicode_ci NOT NULL,
  `token` varchar(255) COLLATE utf8mb4_unicode_ci NOT NULL,
  `created_at` timestamp NULL DEFAULT NULL,
  KEY `password_resets_email_index` (`email`)
) ENGINE=InnoDB DEFAULT CHARSET=utf8mb4 COLLATE=utf8mb4_unicode_ci;

-- Volcando datos para la tabla imagen.password_resets: ~0 rows (aproximadamente)
/*!40000 ALTER TABLE `password_resets` DISABLE KEYS */;
/*!40000 ALTER TABLE `password_resets` ENABLE KEYS */;

-- Volcando estructura para tabla imagen.payments
CREATE TABLE IF NOT EXISTS `payments` (
  `id` int(10) unsigned NOT NULL AUTO_INCREMENT,
  `date` date NOT NULL,
  `type` enum('Tarjeta','Efectivo','Cheque','Credito','Transferencia','Deposito') NOT NULL,
  `path` varchar(128) NOT NULL,
  `amount` decimal(14,2) unsigned NOT NULL,
  `paymentable_id` int(10) unsigned NOT NULL,
  `paymentable_type` varchar(50) NOT NULL,
  `created_at` timestamp NULL DEFAULT NULL,
  `updated_at` timestamp NULL DEFAULT NULL,
  `deleted_at` timestamp NULL DEFAULT NULL,
  PRIMARY KEY (`id`)
) ENGINE=InnoDB AUTO_INCREMENT=20 DEFAULT CHARSET=latin1;

-- Volcando datos para la tabla imagen.payments: ~17 rows (aproximadamente)
/*!40000 ALTER TABLE `payments` DISABLE KEYS */;
INSERT INTO `payments` (`id`, `date`, `type`, `path`, `amount`, `paymentable_id`, `paymentable_type`, `created_at`, `updated_at`, `deleted_at`) VALUES
	(3, '2020-12-22', 'Transferencia', '16098707415ff4ad95cf109.jpeg', 109.98, 19, 'App\\Invoice', '2021-01-05 14:19:01', '2021-01-05 14:19:01', NULL),
	(4, '2020-12-04', 'Transferencia', '16098777435ff4c8ef094dc.jpeg', 160.00, 5, 'App\\Note', '2021-01-05 16:15:43', '2021-01-05 16:15:43', NULL),
	(5, '2020-12-17', 'Transferencia', '16098785895ff4cc3d4b6ee.jpeg', 20880.00, 4, 'App\\Invoice', '2021-01-05 16:29:49', '2021-01-05 16:29:49', NULL),
	(6, '2020-12-17', 'Transferencia', '16098786485ff4cc788adb3.jpeg', 33640.00, 3, 'App\\Invoice', '2021-01-05 16:30:48', '2021-01-05 16:30:48', NULL),
	(7, '2020-12-17', 'Transferencia', '16098787355ff4cccf71ae0.jpeg', 13920.00, 2, 'App\\Invoice', '2021-01-05 16:32:15', '2021-01-05 16:32:15', NULL),
	(8, '2020-11-06', 'Transferencia', '16098788965ff4cd7031a99.jpeg', 3698.20, 4, 'App\\Note', '2021-01-05 16:34:56', '2021-01-05 16:34:56', NULL),
	(9, '2020-11-05', 'Transferencia', '16098791485ff4ce6c52ba7.jpeg', 250.00, 3, 'App\\Note', '2021-01-05 16:39:08', '2021-01-05 16:39:08', NULL),
	(10, '2020-11-27', 'Transferencia', '16098792555ff4ced7c9ff4.jpeg', 255.00, 2, 'App\\Note', '2021-01-05 16:40:55', '2021-01-05 16:40:55', NULL),
	(11, '2020-12-08', 'Transferencia', '16098793885ff4cf5ccb8a4.jpeg', 75.00, 1, 'App\\Note', '2021-01-05 16:43:08', '2021-01-05 16:43:08', NULL),
	(12, '2020-12-06', 'Transferencia', '16099457715ff5d2ab9448c.jpeg', 285.00, 6, 'App\\Note', '2021-01-06 11:09:31', '2021-01-06 11:09:54', '2021-01-06 11:09:54'),
	(13, '2020-12-06', 'Transferencia', '16099458575ff5d301ce64f.jpeg', 3.85, 6, 'App\\Note', '2021-01-06 11:10:57', '2021-01-06 11:11:12', '2021-01-06 11:11:12'),
	(14, '2020-12-06', 'Transferencia', '16099459415ff5d3550cf31.jpeg', 385.00, 6, 'App\\Note', '2021-01-06 11:12:21', '2021-01-06 11:12:21', NULL),
	(15, '2021-02-01', 'Tarjeta', '16122153366018742888000.jpeg', 8120.00, 27, 'App\\Invoice', '2021-02-01 21:35:37', '2021-02-01 21:35:37', NULL),
	(16, '2021-02-01', 'Tarjeta', '16122156596018756baed20.jpeg', 560.00, 26, 'App\\Invoice', '2021-02-01 21:40:59', '2021-02-01 21:40:59', NULL),
	(17, '2021-02-01', 'Tarjeta', '1612215688601875882e115.jpeg', 24000.00, 26, 'App\\Invoice', '2021-02-01 21:41:28', '2021-02-01 21:41:28', NULL),
	(18, '2021-02-02', 'Efectivo', '16122732156019563f6af2d.jpeg', 200.00, 22, 'App\\Invoice', '2021-02-02 13:40:15', '2021-02-02 13:40:15', NULL),
	(19, '2021-02-02', 'Tarjeta', '16122734876019574f522e4.jpeg', 720.00, 21, 'App\\Invoice', '2021-02-02 13:44:47', '2021-02-02 13:44:47', NULL);
/*!40000 ALTER TABLE `payments` ENABLE KEYS */;

-- Volcando estructura para tabla imagen.products
CREATE TABLE IF NOT EXISTS `products` (
  `id` int(10) unsigned NOT NULL AUTO_INCREMENT,
  `code` varchar(16) COLLATE utf8mb4_unicode_ci NOT NULL,
  `name` varchar(128) COLLATE utf8mb4_unicode_ci NOT NULL,
  `description` mediumtext COLLATE utf8mb4_unicode_ci,
  `material` varchar(512) COLLATE utf8mb4_unicode_ci DEFAULT NULL,
  `quality` varchar(128) COLLATE utf8mb4_unicode_ci DEFAULT NULL,
  `finish` varchar(512) COLLATE utf8mb4_unicode_ci DEFAULT NULL,
  `dimension` decimal(9,2) DEFAULT NULL,
  `category_id` int(10) unsigned NOT NULL,
  `deleted_at` timestamp NULL DEFAULT NULL,
  `created_at` timestamp NULL DEFAULT NULL,
  `updated_at` timestamp NULL DEFAULT NULL,
  PRIMARY KEY (`id`),
  KEY `products_category_id_foreign` (`category_id`),
  FULLTEXT KEY `code` (`code`),
  FULLTEXT KEY `name` (`name`)
) ENGINE=InnoDB AUTO_INCREMENT=68 DEFAULT CHARSET=utf8mb4 COLLATE=utf8mb4_unicode_ci;

-- Volcando datos para la tabla imagen.products: ~67 rows (aproximadamente)
/*!40000 ALTER TABLE `products` DISABLE KEYS */;
INSERT INTO `products` (`id`, `code`, `name`, `description`, `material`, `quality`, `finish`, `dimension`, `category_id`, `deleted_at`, `created_at`, `updated_at`) VALUES
	(1, 'IPL-501', 'Impresión de Lona', NULL, 'Acrílico de 5mm, perfil de aluminio champagne, bisagras, tornillos, ramplus, doble contacto, silicona, tek bond.', '720 dpi', 'Cortado de acrílico e instalado en pared como fotomontaje con bisagras para poder mover el panel y un triángulo de soporte, en ambos cuartos de muestras.', 160.00, 1, NULL, '2020-06-26 13:49:24', '2020-06-26 13:49:24'),
	(2, 'IPL-502', 'Impresión de Lona + Instalación', NULL, NULL, NULL, NULL, 160.00, 1, NULL, '2020-06-26 14:04:36', '2020-06-26 14:04:36'),
	(3, 'IPL-503', 'Impresión de Lona Backlight', NULL, NULL, NULL, NULL, 160.00, 1, NULL, '2020-06-26 15:14:21', '2020-06-26 15:14:21'),
	(4, 'IPA-504', 'Impresión de Adhesivo 1440 Dpis', NULL, NULL, NULL, NULL, 75.00, 1, NULL, '2020-06-26 16:39:30', '2020-10-28 12:16:54'),
	(5, 'IPA-505', 'Impresión de Adhesivo + Instalación', NULL, NULL, NULL, NULL, 75.00, 1, NULL, '2020-06-26 16:48:25', '2020-06-26 16:48:25'),
	(6, 'MPI-506', 'Microperforado + Instalación', NULL, NULL, NULL, NULL, 75.00, 1, NULL, '2020-06-27 10:39:00', '2020-06-27 10:39:00'),
	(7, 'AFG-507', 'Adhesivo Floor Grapich + Instalación', NULL, NULL, NULL, NULL, 55.80, 1, NULL, '2020-06-27 10:45:30', '2020-06-27 10:45:30'),
	(8, 'ATJ-508', 'Adhesivo Transparente JUTU', NULL, NULL, NULL, NULL, 75.00, 1, NULL, '2020-06-27 11:07:10', '2020-06-27 11:07:10'),
	(9, 'IRA-509', 'Impresión + Rotulado de Autos KOHALA', NULL, NULL, NULL, NULL, 75.00, 1, NULL, '2020-06-27 11:19:03', '2020-06-27 11:19:03'),
	(10, 'IRA-510', 'Impresión + Rotulado de Autos Controltack', NULL, NULL, NULL, NULL, 75.00, 1, NULL, '2020-06-27 11:28:39', '2020-10-19 11:20:56'),
	(11, 'IPL-511', 'Impresion de Lona Mate  + Instalación', NULL, NULL, NULL, NULL, 160.00, 1, NULL, '2020-06-27 11:42:21', '2020-06-27 11:42:21'),
	(12, 'IPL-512', 'Impresión de Lona Mesh + Instalación', NULL, NULL, NULL, NULL, 160.00, 1, NULL, '2020-06-27 11:56:29', '2020-06-27 11:56:29'),
	(13, 'FRA-601', 'Foam de 3mm Revestido de Adhesivo', NULL, NULL, NULL, NULL, 2.97, 1, NULL, '2020-06-27 12:11:14', '2020-06-27 12:11:14'),
	(14, 'ACA-602', 'Acrílico de 3mm + Adhesivo', NULL, NULL, NULL, NULL, 2.97, 1, NULL, '2020-06-27 12:24:22', '2020-06-28 11:42:01'),
	(15, 'PAA-603', 'Pai + Adhesivo', NULL, NULL, NULL, NULL, 2.97, 1, NULL, '2020-06-28 11:31:47', '2020-06-28 11:31:47'),
	(16, 'ACA-604', 'Acrílico de 5mm + Adhesivo', NULL, NULL, NULL, NULL, 2.97, 1, NULL, '2020-06-28 11:37:00', '2020-06-28 11:37:00'),
	(17, 'CLL-605', 'Caja  de Luz con Lona Blanca 12oz', NULL, NULL, NULL, NULL, 0.00, 1, NULL, '2020-06-28 11:43:38', '2020-06-28 11:43:38'),
	(18, 'CLL-606', 'Caja de Luz con Lona Back Ligth', NULL, NULL, NULL, NULL, 0.00, 1, NULL, '2020-06-28 12:31:25', '2020-07-07 13:03:36'),
	(19, 'BCL-607', 'Bastidor con Lona', NULL, NULL, NULL, NULL, 0.00, 1, NULL, '2020-06-28 12:38:33', '2020-07-07 13:04:29'),
	(20, 'PPM-701', 'Pintura de Pared Mural', NULL, NULL, NULL, NULL, 69.00, 3, NULL, '2020-06-28 12:47:14', '2020-06-28 12:47:14'),
	(21, 'TUSB-001', 'TARJETAS usb', 'TARJETAS DE MEMORIA DE 16 GB', NULL, NULL, NULL, 0.00, 1, NULL, '2020-07-08 14:57:50', '2020-07-08 14:57:50'),
	(22, 'IPE-504', 'Impresión Adhesivo 1440 Dpis Menor a 1M2', NULL, NULL, NULL, NULL, 60.00, 1, NULL, '2020-09-16 12:49:36', '2020-09-16 13:50:31'),
	(23, 'SC-506', 'Alocubon + Adhesivo', 'Alocubond de 3 mm con adhesivo', NULL, NULL, NULL, 2.98, 1, NULL, '2020-09-30 11:30:48', '2020-10-19 14:52:56'),
	(24, 'SC-507', 'Señalética Vial', NULL, NULL, NULL, NULL, 0.00, 2, NULL, '2020-10-02 10:45:29', '2020-10-05 13:05:26'),
	(25, 'SC-508', 'Letras en Acrílico de 6mm.', NULL, NULL, NULL, NULL, 2.97, 2, NULL, '2020-10-05 10:50:29', '2020-10-05 13:06:33'),
	(26, 'SC-509', 'Roller de aluminio de 0.80x2', 'Estructura metálica con impresión de lona', NULL, NULL, NULL, 0.00, 2, NULL, '2020-10-09 09:43:08', '2020-10-09 09:43:08'),
	(27, 'IAT-513', 'Impresión de Adhesivo 3M Translucido', NULL, NULL, NULL, NULL, 55.75, 1, NULL, '2020-10-19 14:46:16', '2020-10-19 14:47:16'),
	(28, 'AT-608', 'Adhesivo + Trupan 3MM', NULL, NULL, NULL, NULL, 2.98, 1, NULL, '2020-10-19 14:53:32', '2020-10-19 15:01:41'),
	(29, 'AT-609', 'Adhesivo + Trupan 6MM', NULL, NULL, NULL, NULL, 2.98, 1, NULL, '2020-10-19 15:03:44', '2020-10-19 15:03:44'),
	(30, 'AT-610', 'Adhesivo + Trupan 9MM', NULL, NULL, NULL, NULL, 2.98, 1, NULL, '2020-10-19 15:04:09', '2020-10-19 15:04:09'),
	(31, 'SG-1', 'Producto/Servicio General', NULL, NULL, NULL, NULL, 0.00, 4, NULL, '2020-10-28 11:42:09', '2020-10-28 11:42:09'),
	(32, 'IPL-514', 'Impresión de Lona Blockout', NULL, NULL, NULL, NULL, 80.00, 1, NULL, '2020-10-28 13:01:26', '2020-10-28 13:01:26'),
	(33, 'IAM-01', 'Impresion adhesivo microperforado', NULL, NULL, NULL, NULL, 75.00, 1, NULL, '2020-10-28 15:22:13', '2020-10-28 15:22:13'),
	(34, 'AP-012', 'Adhesivo Ploteado', NULL, NULL, NULL, NULL, 75.00, 1, NULL, '2020-11-10 10:24:52', '2020-11-10 10:24:52'),
	(35, 'SC-501', 'Señaletica Vial Nombre de calles', NULL, NULL, NULL, NULL, 0.00, 2, NULL, '2020-11-11 11:30:36', '2020-11-11 11:30:36'),
	(36, 'scz-rs-01', 'Roller scren de 0.80x2', NULL, NULL, NULL, NULL, 0.00, 2, NULL, '2020-11-17 10:22:13', '2020-11-17 10:30:05'),
	(37, 'scz-rs-02', 'Roller scren de 1x2 mtrs', NULL, NULL, NULL, NULL, 0.00, 2, NULL, '2020-11-18 10:45:25', '2020-11-18 10:45:25'),
	(38, 'scz-rs-03', 'Roller scren de 1.50x2', NULL, NULL, NULL, NULL, 0.00, 2, NULL, '2020-11-19 09:17:59', '2020-11-19 09:17:59'),
	(39, 'scz-rs-04', 'Mini Roller', NULL, NULL, NULL, NULL, 0.00, 2, NULL, '2020-11-19 09:27:10', '2020-11-19 09:27:10'),
	(40, 'SCZ-TR-01', 'Trofeos', 'Trofeo en acrílico', NULL, NULL, NULL, 0.00, 2, NULL, '2020-11-26 17:50:29', '2020-11-26 17:50:29'),
	(41, 'ipres12', 'Miniroller', NULL, NULL, NULL, NULL, 0.00, 1, '2020-12-04 09:19:39', '2020-12-02 12:15:23', '2020-12-04 09:19:39'),
	(42, 'lp509', 'Mini Roller', NULL, NULL, NULL, NULL, 0.00, 2, NULL, '2020-12-02 12:55:26', '2020-12-02 12:55:26'),
	(43, 'SCZ FRA-602', 'Foam+Adhesivo rectangular sin 3M', 'Foam + adhesivo impreso 1440 dpis corte rectangular, sin 3M', NULL, NULL, NULL, 2.97, 1, NULL, '2020-12-02 16:25:41', '2020-12-02 16:27:29'),
	(44, 'MAMP-613', 'MAMPARA DE 3MM SIN PERFIL', NULL, NULL, NULL, NULL, 2.97, 2, NULL, '2020-12-03 15:47:30', '2020-12-07 11:12:26'),
	(45, 'acr3M-614', 'ACRÍLICO 3MM + CORTE O GRABADO', NULL, NULL, NULL, NULL, 2.97, 2, NULL, '2020-12-03 22:10:53', '2020-12-09 09:03:25'),
	(46, 'ACR5M-615', 'ACRÍLICO 5MM + CORTE O GRABADO', NULL, NULL, NULL, NULL, 2.97, 2, NULL, '2020-12-03 22:35:03', '2020-12-09 09:03:08'),
	(47, 'MAM5M-616', 'MAMPARA DE ACRÍLICO DE 5MM SIN PERFIL DE ALUMINIO', NULL, NULL, NULL, NULL, 2.97, 2, NULL, '2020-12-03 22:54:48', '2020-12-07 11:14:15'),
	(48, 'MESPRO-617', 'MESA PROMOCIONAL', NULL, NULL, NULL, NULL, 0.00, 2, NULL, '2020-12-03 23:27:16', '2020-12-04 10:12:56'),
	(49, 'ESMPLO-506', 'ADHESIVO ESMERILADO', NULL, NULL, NULL, NULL, 75.00, 1, NULL, '2020-12-03 23:43:56', '2020-12-03 23:43:56'),
	(50, 'MAMP3MM-618', 'MAMPARA DE ACRÍLICO DE 3MM CON PERFIL DE ALUMINIO', NULL, NULL, NULL, NULL, 2.97, 2, NULL, '2020-12-04 10:12:32', '2020-12-07 15:29:57'),
	(51, 'TRO-608', 'TROQUEL', NULL, NULL, NULL, NULL, 0.00, 3, NULL, '2020-12-04 11:09:10', '2020-12-04 11:09:10'),
	(52, 'SINTR-1', 'SINTRA 3MM', NULL, NULL, NULL, NULL, 2.97, 2, NULL, '2020-12-05 10:29:30', '2020-12-05 10:29:30'),
	(53, 'SINTRA5-02', 'SINTRA 5MM', NULL, NULL, NULL, NULL, 2.97, 2, NULL, '2020-12-05 10:37:35', '2020-12-05 10:37:35'),
	(54, 'SINTRADH5', 'SINTRA 5MM + ADHESIVO', NULL, NULL, NULL, NULL, 2.97, 1, NULL, '2020-12-05 10:44:51', '2020-12-05 10:44:51'),
	(55, 'BANN-01', 'BANNER ARAÑA', '0.60X1.60 MTS', NULL, NULL, NULL, 0.00, 2, NULL, '2020-12-07 08:51:15', '2020-12-07 08:51:53'),
	(56, 'BANN-02', 'BANNER EN L', NULL, NULL, NULL, NULL, 0.00, 2, NULL, '2020-12-07 09:10:06', '2020-12-07 09:10:06'),
	(57, 'BACKWALL-01', 'BACKING ARAÑA', NULL, NULL, NULL, NULL, 0.00, 2, NULL, '2020-12-07 10:01:19', '2020-12-07 10:02:20'),
	(58, 'PLAC-01', 'PLACA FUNDIDA', NULL, NULL, NULL, NULL, 0.00, 2, NULL, '2020-12-07 10:47:23', '2020-12-07 10:58:22'),
	(59, 'PINM-01', 'PINTADO DE MURAL', 'OBRA VENDIDA', NULL, NULL, NULL, 0.00, 4, NULL, '2020-12-07 15:11:08', '2020-12-07 15:11:08'),
	(60, 'BOLI-01', 'BOLÍGRAFO IMANTADO', NULL, NULL, NULL, NULL, 0.00, 2, NULL, '2020-12-08 08:49:31', '2020-12-08 08:49:31'),
	(61, 'SCZ-658', 'Letrero de exterior', 'Letrero para Exterior plantado en piso de 1x1', NULL, NULL, NULL, 0.00, 2, NULL, '2020-12-15 20:18:08', '2020-12-16 09:07:28'),
	(62, 'scz-508', 'Solo Impresión', 'Solo impresión sin material', NULL, NULL, NULL, 0.00, 1, NULL, '2020-12-30 09:59:21', '2020-12-30 10:27:10'),
	(63, 'scz-601', 'Acrilico de 3mm + corte', 'Acrílico de 3 mm mas corte', NULL, NULL, NULL, 2.97, 2, NULL, '2021-01-05 09:22:02', '2021-01-05 09:35:17'),
	(64, 'Scz-509', 'Adhesivo Esmerilado + impresión', NULL, 'adhesivo, pegamento', '720 dpi', 'con varillas', 75.00, 1, NULL, '2021-01-14 15:45:09', '2021-02-02 15:05:14'),
	(65, 'SCZ-504', 'Señalética con nombres de calles sobre Orcones', NULL, NULL, NULL, NULL, 0.00, 2, NULL, '2021-01-18 11:19:42', '2021-01-18 11:19:42'),
	(66, 'TP-1', 'Producto de prueba 1', NULL, 'fsdfdsdf sdfsdfs', '720', 'dsfdsfdsfdsfs', 0.00, 3, NULL, '2021-02-01 13:47:22', '2021-02-01 13:56:30'),
	(67, '3323', 'impresion de adhesivo', NULL, 'adhesivo, pegamento', '720 dpi', 'con varillas', 0.00, 3, NULL, '2021-02-02 15:04:12', '2021-02-02 15:04:12');
/*!40000 ALTER TABLE `products` ENABLE KEYS */;

-- Volcando estructura para tabla imagen.product_quotation
CREATE TABLE IF NOT EXISTS `product_quotation` (
  `id` int(10) unsigned NOT NULL AUTO_INCREMENT,
  `quotation_id` int(10) unsigned NOT NULL,
  `product_id` int(10) unsigned NOT NULL,
  `uuid` varchar(36) COLLATE utf8mb4_unicode_ci DEFAULT NULL,
  `quantity` int(10) unsigned NOT NULL,
  `dimension` varchar(32) COLLATE utf8mb4_unicode_ci NOT NULL,
  `description` varchar(512) COLLATE utf8mb4_unicode_ci DEFAULT NULL,
  `material` varchar(512) COLLATE utf8mb4_unicode_ci DEFAULT NULL,
  `quality` varchar(128) COLLATE utf8mb4_unicode_ci DEFAULT NULL,
  `finish` varchar(512) COLLATE utf8mb4_unicode_ci DEFAULT NULL,
  `materialCheck` tinyint(3) unsigned NOT NULL DEFAULT '0',
  `qualityCheck` tinyint(3) unsigned NOT NULL DEFAULT '0',
  `finishCheck` tinyint(3) unsigned NOT NULL DEFAULT '0',
  `price` decimal(10,2) NOT NULL,
  `subtotal` decimal(10,2) NOT NULL,
  `state` tinyint(1) unsigned NOT NULL DEFAULT '0',
  `price_type` varchar(64) COLLATE utf8mb4_unicode_ci NOT NULL,
  `type` varchar(64) COLLATE utf8mb4_unicode_ci NOT NULL,
  `unit` tinyint(1) unsigned NOT NULL,
  `cooldown` tinyint(1) unsigned NOT NULL,
  `deleted_at` timestamp NULL DEFAULT NULL,
  PRIMARY KEY (`id`),
  KEY `product_quotation_product_id_foreign` (`product_id`),
  KEY `product_quotation_quotation_id_foreign` (`quotation_id`)
) ENGINE=InnoDB AUTO_INCREMENT=626 DEFAULT CHARSET=utf8mb4 COLLATE=utf8mb4_unicode_ci;

-- Volcando datos para la tabla imagen.product_quotation: ~328 rows (aproximadamente)
/*!40000 ALTER TABLE `product_quotation` DISABLE KEYS */;
INSERT INTO `product_quotation` (`id`, `quotation_id`, `product_id`, `uuid`, `quantity`, `dimension`, `description`, `material`, `quality`, `finish`, `materialCheck`, `qualityCheck`, `finishCheck`, `price`, `subtotal`, `state`, `price_type`, `type`, `unit`, `cooldown`, `deleted_at`) VALUES
	(30, 1, 1, 'bf371df0-2042-4de2-b511-eaa847430938', 1, '1.50 x 2.00', NULL, NULL, NULL, NULL, 0, 0, 0, 60.00, 180.00, 1, 'price_with_tax', 'price_with_tax', 0, 0, NULL),
	(31, 2, 1, '23eb7e5d-1341-4d33-902a-37712c4007e7', 1, '1.50 x 2.00', 'banner con tubin', NULL, NULL, NULL, 0, 0, 0, 60.00, 180.00, 1, 'price_with_tax', 'price_with_tax', 0, 0, NULL),
	(32, 3, 1, 'ce6e5d2d-5064-4ca5-84ca-23c4194a3569', 1, '0.80 x 2.00', 'ALQUILER DE ESTRUCTURA MAS  IMPRESION DE LONA', NULL, NULL, NULL, 0, 0, 0, 63.00, 260.00, 1, 'normal_price', 'normal_price', 0, 0, NULL),
	(33, 5, 22, '9154398b-ce8e-4ac3-82e8-c451e26e2dec', 1, '0.72 x 0.16', 'IMPRESIÓN ARTE PANIAGUA', NULL, NULL, NULL, 0, 0, 0, 305.00, 36.60, 1, 'normal_price', 'normal_price', 0, 0, NULL),
	(34, 5, 22, 'd80ce06f-4fa1-4567-b12e-5e5c65ce556a', 1, '0.71 x 0.16', 'IMPRESIÓN SOLO FRANJA COLOR INSTITUCIONAL', NULL, NULL, NULL, 0, 0, 0, 305.00, 33.55, 1, 'normal_price', 'normal_price', 0, 0, NULL),
	(35, 5, 22, '1845e63c-7f6f-4719-88b2-c5c08f6016de', 1, '0.83 x 0.16', 'IMPRESIÓN SOLO FRANJA COLOR INSTITUCIONAL', NULL, NULL, NULL, 0, 0, 0, 305.00, 39.65, 1, 'normal_price', 'normal_price', 0, 0, NULL),
	(36, 5, 22, '44b6eb0e-2965-46f5-82dd-282c2d0e8372', 1, '0.84 x 0.16', 'IMPRESIÓN FRANTE ARTE PANIAGUA', NULL, NULL, NULL, 0, 0, 0, 305.00, 39.65, 1, 'normal_price', 'normal_price', 0, 0, NULL),
	(37, 6, 19, '1106cd8d-a866-4990-a38e-bf0eaca4f109', 1, '0.45 x 1.10', 'fabricación de bastidor ambas caras en forma vertical: estructura metalica y plancha, con lona impresa a full color, con instalación', NULL, NULL, NULL, 0, 0, 0, 600.00, 300.00, 1, 'price_with_tax', 'price_with_tax', 0, 0, NULL),
	(49, 7, 13, '5d9064d4-da46-47fe-aea9-59a650334aca', 1, '0.20 x 0.30', 'Impresión a 1440 dep´s           Arte:  Baño mujeres', NULL, NULL, NULL, 0, 0, 0, 444.65, 26.68, 1, 'price_with_tax', 'price_with_tax', 0, 0, NULL),
	(50, 7, 13, '9fc68fe5-6009-4d30-9654-528b6e5350b5', 1, '0.20 x 0.30', 'Impresión a 1440 dep´s           Arte:  Baño Varones', NULL, NULL, NULL, 0, 0, 0, 444.65, 26.68, 1, 'price_with_tax', 'price_with_tax', 0, 0, NULL),
	(51, 7, 13, '5c899ca5-669c-4736-8ccb-4b454d4f453a', 1, '0.20 x 0.30', 'Impresión a 1440 dep´s           Arte:  Wifi', NULL, NULL, NULL, 0, 0, 0, 444.65, 26.68, 1, 'price_with_tax', 'price_with_tax', 0, 0, NULL),
	(52, 7, 13, 'fc46309d-0aa4-4808-9d68-e0073f629211', 1, '0.20 x 0.30', 'Impresión a 1440 dep´s           Arte:  Abierto', NULL, NULL, NULL, 0, 0, 0, 444.65, 26.68, 1, 'price_with_tax', 'price_with_tax', 0, 0, NULL),
	(53, 7, 13, '57001e9d-bb2c-46a0-a37f-c8007b8d15f0', 1, '0.20 x 0.30', 'Impresión a 1440 dep´s           Arte:  uso de alcohol en gel', NULL, NULL, NULL, 0, 0, 0, 444.65, 26.68, 1, 'price_with_tax', 'price_with_tax', 0, 0, NULL),
	(54, 8, 4, 'ec8f9039-8c69-451c-9693-66e047dbd633', 5, '1.00 x 1.00', 'Impresión mas ploteado  de adhesivo', NULL, NULL, NULL, 0, 0, 0, 63.60, 318.00, 1, 'price_without_tax', 'price_without_tax', 0, 0, NULL),
	(55, 9, 22, 'baaa5d34-98f5-4fd4-8f15-fd2e742094f7', 1, '0.42 x 0.30', 'IMPRESIÓN de ADHESIVO brilloso con proteccion uv y antihongos Calidad de IMPRESIÓN 1440 dppis', NULL, NULL, NULL, 0, 0, 0, 300.00, 39.00, 1, 'price_with_tax', 'price_with_tax', 0, 0, NULL),
	(56, 9, 22, '7858b0f8-de01-4062-8541-b56c18d1c287', 1, '0.40 x 0.80', 'IMPRESIÓN de ADHESIVO MATE  Calidad de IMPRESIÓN 1440 dppis ACABADO: Anverso', NULL, NULL, NULL, 0, 0, 0, 300.00, 96.00, 1, 'price_with_tax', 'price_with_tax', 0, 0, NULL),
	(57, 9, 22, 'ff28cbfb-5fd1-4c50-a106-43f92f784382', 1, '0.65 x 0.45', 'IMPRESIÓN de ADHESIVO  BRILLO Calidad de IMPRESIÓN 1440 dppis ACABADO: Anverso', NULL, NULL, NULL, 0, 0, 0, 300.00, 87.00, 1, 'price_with_tax', 'price_with_tax', 0, 0, NULL),
	(58, 9, 1, '890aa601-7974-48a1-8dd4-0ec103b2ace6', 1, '0.80 x 1.50', 'Cambio de LONA ROLLER  BLOCKOUT con proteccion uv y antihongos Calidad de IMPRESIÓN 1440 dppis', NULL, NULL, NULL, 0, 0, 0, 80.00, 96.00, 1, 'price_with_tax', 'price_with_tax', 0, 0, NULL),
	(61, 10, 22, '0195135c-4a87-4e72-b8bc-59d07388b782', 1, '0.96 x 0.96', 'Adhesivo brillo  refilado y  solo se debe entregar al cliente', NULL, NULL, NULL, 0, 0, 0, 305.00, 280.60, 1, 'normal_price', 'normal_price', 0, 0, NULL),
	(62, 11, 2, '0bb15778-18fa-4002-84a8-21a36f2c5bd7', 1, '1.21 x 0.97', 'Impresión de lona Full color , lado derecho', NULL, NULL, NULL, 0, 0, 0, 105.00, 122.85, 1, 'price_with_tax', 'price_with_tax', 0, 0, NULL),
	(63, 11, 2, '59442d92-2b2d-48ca-9c82-d6a341aef063', 1, '1.75 x 0.97', 'Impresión de lona Full color , lado izquierdo', NULL, NULL, NULL, 0, 0, 0, 105.00, 178.50, 1, 'price_with_tax', 'price_with_tax', 0, 0, NULL),
	(64, 11, 2, '498570b7-42c7-49c2-860e-1fab988baa21', 1, '1.87 x 1.19', 'Impresión de lona Full color ,  atras', NULL, NULL, NULL, 0, 0, 0, 105.00, 234.15, 1, 'price_with_tax', 'price_with_tax', 0, 0, NULL),
	(65, 12, 6, '1b3e2ad8-126e-48ca-b78a-ccf2ac86b1d2', 1, '2.12 x 2.40', 'Instalación de adhesivo microperforado en blindex', NULL, NULL, NULL, 0, 0, 0, 80.00, 407.20, 1, 'normal_price', 'normal_price', 0, 0, NULL),
	(66, 12, 6, 'a1ae1881-9ec4-4094-86bf-4bf5a23bb29a', 1, '3.40 x 2.40', 'Instalación de adhesivo microperforado en blindex', NULL, NULL, NULL, 0, 0, 0, 80.00, 652.80, 1, 'normal_price', 'normal_price', 0, 0, NULL),
	(67, 12, 6, '807a5f6f-892f-477b-9371-03688faf43f4', 1, '3.81 x 2.40', 'Instalación de adhesivo microperforado en blindex', NULL, NULL, NULL, 0, 0, 0, 80.00, 731.20, 1, 'normal_price', 'normal_price', 0, 0, NULL),
	(69, 13, 6, 'ae7dd746-c03a-45a3-a2d3-0c9575d6c833', 1, '2.90 x 1.60', 'Adhesivo microperforado', NULL, NULL, NULL, 0, 0, 0, 72.20, 335.01, 1, 'price_with_tax', 'price_with_tax', 0, 0, NULL),
	(70, 13, 1, 'c243289f-26ba-4057-a28f-8e67d0fb4313', 1, '2.60 x 0.50', 'Impresión de lona  para letrero Branding', NULL, NULL, NULL, 0, 0, 0, 44.27, 57.55, 1, 'price_with_tax', 'price_with_tax', 0, 0, NULL),
	(71, 14, 2, '1a7675ab-ea27-4f4f-8e75-456f70db8abc', 1, '7.50 x 3.00', 'Impresion de lona mas instalación   en  la valla de la ramada/arcor', NULL, NULL, NULL, 0, 0, 0, 58.00, 1305.00, 1, 'normal_price', 'normal_price', 0, 0, NULL),
	(72, 15, 5, 'b5e1e239-1a4b-4b20-a4de-f0015299c7dd', 1, '3.07 x 3.09', 'Material: Adhesivo  Impresión: a 1440 dpi´s .', NULL, NULL, NULL, 0, 0, 0, 95.00, 901.55, 1, 'price_with_tax', 'price_with_tax', 0, 0, NULL),
	(73, 15, 5, 'e4860a16-73c7-4526-ae5e-4bf32397be69', 1, '3.50 x 2.90', 'Material: Adhesivo  Impresión: a 1440 dpi´s .', NULL, NULL, NULL, 0, 0, 0, 95.00, 964.25, 1, 'price_with_tax', 'price_with_tax', 0, 0, NULL),
	(74, 15, 5, 'df3b5070-c1b2-4dde-89a3-b2f557eaaea6', 1, '2.80 x 2.88', 'Material: Adhesivo  Impresión: a 1440 dpi´s .', NULL, NULL, NULL, 0, 0, 0, 95.00, 765.70, 1, 'price_with_tax', 'price_with_tax', 0, 0, NULL),
	(78, 17, 6, '1bc4c12e-e2e0-4d9e-b0d9-de5c9956eb2e', 1, '1.72 x 2.91', 'Material: adhesivo microperforado instalado en oficinas  en ventanas exteriores', NULL, NULL, NULL, 0, 0, 0, 148.01, 741.53, 1, 'price_with_tax', 'price_with_tax', 0, 0, NULL),
	(79, 17, 6, 'c87a2d6b-68e7-4fa2-946c-92e88e8bf42f', 1, '1.57 x 2.74', 'Material: adhesivo microperforado instalado en oficinas  en ventanas exteriores', NULL, NULL, NULL, 0, 0, 0, 148.01, 636.44, 1, 'price_with_tax', 'price_with_tax', 0, 0, NULL),
	(80, 16, 22, '7e5d95ce-b035-4a79-a7d1-9db7eb8a9d35', 1, '0.07 x 7.00', 'ADHESIVO  PLOTEADO/ STIKERS  SON 100  UNIDADES  DE 7X7 CM  PLOTEADO', NULL, NULL, NULL, 0, 0, 0, 188.54, 92.38, 1, 'price_with_tax', 'price_with_tax', 0, 0, NULL),
	(82, 19, 1, '9ac8cd58-9036-46bb-b81f-ba7f00e22e3b', 1, '1.50 x 2.00', 'IMPRESION DE LONA ACABADO CON OJALES', NULL, NULL, NULL, 0, 0, 0, 45.00, 135.00, 1, 'price_without_tax', 'price_without_tax', 0, 0, NULL),
	(83, 18, 4, '15d9cc54-5a40-43df-98ba-4d44789a9a72', 3, '0.63 x 1.60', 'IMPRESION DE ADHESIVOS', NULL, NULL, NULL, 0, 0, 0, 63.60, 192.72, 1, 'price_without_tax', 'price_without_tax', 0, 0, NULL),
	(90, 20, 2, '4e410507-b6e8-4d71-ab7a-18d177cdc332', 1, '1.10 x 1.00', 'ESTRUCTURA DE FRENTE', NULL, NULL, NULL, 0, 0, 0, 55.00, 60.50, 1, 'price_with_tax', 'price_with_tax', 0, 0, NULL),
	(91, 20, 2, 'abbd99e3-2d03-41cd-aa02-55a71faf1c1e', 1, '1.10 x 2.20', 'ESTRUCTURA SUPERIOR A Y B', NULL, NULL, NULL, 0, 0, 0, 55.00, 133.10, 1, 'price_with_tax', 'price_with_tax', 0, 0, NULL),
	(92, 20, 2, '895d11b5-51ca-4ceb-8a58-32c884181e4d', 2, '2.80 x 0.35', 'ESTRUCTURA LATERAL INFERIOR A Y B', NULL, NULL, NULL, 0, 0, 0, 55.00, 107.80, 1, 'price_with_tax', 'price_with_tax', 0, 0, NULL),
	(93, 20, 2, '401b301d-d7b1-420f-aac7-f737f6879885', 2, '2.80 x 2.20', 'ESTRUCTURA LATERAL  SUPERIOR  A Y B', NULL, NULL, NULL, 0, 0, 0, 55.00, 677.60, 1, 'price_with_tax', 'price_with_tax', 0, 0, NULL),
	(95, 22, 8, 'a294e992-8cdc-47e0-a0ef-39480767b2d2', 2, '0.30 x 0.45', 'Caracteristicas: Impresión en adhesivo transparente para su instalación en ambas puertas', NULL, NULL, NULL, 0, 0, 0, 315.00, 88.20, 1, 'normal_price', 'normal_price', 0, 0, NULL),
	(98, 24, 6, '8124c218-48be-4b5a-90f9-629391bd67f3', 1, '2.64 x 1.06', 'Impresión de adhesivo microperforado', NULL, NULL, NULL, 0, 0, 0, 62.08, 173.82, 1, 'price_without_tax', 'price_without_tax', 0, 0, NULL),
	(99, 21, 23, '4ea18232-0953-4b0f-9470-4965880f6de8', 2, '1.20 x 1.30', 'Material Alocubond de 4 mm de espesor revestido con Adehsivo con protección UV Antihongos, Impreso a 1440 Dpis. Instalación con embellecedores', NULL, NULL, NULL, 0, 0, 0, 280.00, 873.60, 1, 'price_with_tax', 'price_with_tax', 0, 0, NULL),
	(101, 23, 6, '7f8b41cb-307c-4b9b-9840-87089c3912fa', 1, '1.80 x 1.17', 'Impresión de adhesivo microperforado', NULL, NULL, NULL, 0, 0, 0, 62.08, 130.99, 1, 'price_without_tax', 'price_without_tax', 0, 0, NULL),
	(102, 23, 2, '63ea35ab-51d8-485d-bde2-69929f5d0f0e', 1, '1.13 x 2.23', NULL, NULL, NULL, NULL, 0, 0, 0, 47.29, 119.17, 1, 'price_with_tax', 'price_with_tax', 0, 0, NULL),
	(104, 25, 23, '742d2a42-790f-4af0-966e-dfb98b4f540f', 10, '0.30 x 0.20', 'Alocubond revestido de Adhesivo con protección Uv y Antihongos, impreso a 1440 Dpis. Instalado con 4 embellecedores', NULL, NULL, NULL, 0, 0, 0, 2400.00, 1440.00, 1, 'price_with_tax', 'price_with_tax', 0, 0, NULL),
	(105, 26, 10, '54632ab1-5b6d-4dad-b4ab-ac48f5538161', 2, '4.20 x 1.50', 'Material: adhesivo 3m. Impresión a full color 1440 dpi´s. Carateristiscas: instalación de laterales', NULL, NULL, NULL, 0, 0, 0, 400.00, 5040.00, 0, 'price_with_tax', 'price_with_tax', 0, 0, NULL),
	(106, 26, 10, 'da193ee8-4b99-449c-8bad-6aba95fd9e17', 2, '1.80 x 1.50', 'Material: adhesivo 3m. Impresión a full color 1440 dpi´s. Carateristiscas: instalación parte anterior y posterior', NULL, NULL, NULL, 0, 0, 0, 400.00, 2160.00, 0, 'price_with_tax', 'price_with_tax', 0, 0, NULL),
	(107, 27, 9, 'a5c23d2b-b28e-46d5-bb04-c366f6fb104b', 2, '4.20 x 1.50', 'Material: adhesivo blanco,Impresión a full color  a 1440 dpi´s. Caracteristicas:  instalación  de laterales', NULL, NULL, NULL, 0, 0, 0, 150.00, 1890.00, 0, 'price_with_tax', 'price_with_tax', 0, 0, NULL),
	(108, 27, 9, '6dbfb17c-5d5e-4a3c-81c3-f6033f1bbf18', 2, '1.80 x 1.50', 'Material: adhesivo blanco,Impresión a full color  a 1440 dpi´s. Caracteristicas:  instalación  de parte posterior y anterior', NULL, NULL, NULL, 0, 0, 0, 150.00, 810.00, 0, 'price_with_tax', 'price_with_tax', 0, 0, NULL),
	(118, 29, 24, 'f59086ff-c302-4e86-9527-123c72409227', 1, '1.00 x 1.00', 'Carcateristicas: estructura metalica, tubo  y plancha galvanizada, mas impresión, Dimensión: 40x60 cm.', NULL, NULL, NULL, 0, 0, 0, 800.00, 800.00, 0, 'normal_price', 'normal_price', 0, 0, NULL),
	(119, 29, 23, '0bc92e8e-d47d-4b8f-b191-143b1ff79874', 5, '0.40 x 0.30', 'Bioseguridad: Caracteristicas: alucubond revestido de adhesivo impreso a full color.', NULL, NULL, NULL, 0, 0, 0, 495.00, 297.00, 0, 'normal_price', 'normal_price', 0, 0, NULL),
	(120, 29, 13, 'd0b8e17b-b415-4c79-a274-931dcb746c41', 1, '0.30 x 0.20', 'Solo Personal Autorizado, Caracteristicas: foam revestido en adhesivo impreso a full color.', NULL, NULL, NULL, 0, 0, 0, 485.00, 29.10, 0, 'normal_price', 'normal_price', 0, 0, NULL),
	(121, 29, 24, '2d45dd3d-3344-46f9-8763-bc0b2e390dc8', 3, '1.00 x 1.00', 'Parqueo, Carcateristicas: estructura metalica, tubo y plancha galvanizada, mas impresión, Dimensión: 40x60 cm', NULL, NULL, NULL, 0, 0, 0, 800.00, 2400.00, 0, 'normal_price', 'normal_price', 0, 0, NULL),
	(122, 29, 13, 'e65b376c-2e33-40a3-8cd9-3ce73bfa4186', 1, '0.70 x 0.15', 'Ingreso Propietarios, Caracteristicas: foam revestido en adhesivo reflectivo , impreso a full color.', NULL, NULL, NULL, 0, 0, 0, 500.00, 50.00, 0, 'normal_price', 'normal_price', 0, 0, NULL),
	(123, 29, 13, '538c3eae-501d-4584-bfad-9852748c7808', 1, '0.70 x 0.15', 'Ingreso Visitas,Caracteristicas: foam revestido en adhesivo reflectivo , impreso a full color.', NULL, NULL, NULL, 0, 0, 0, 500.00, 50.00, 0, 'normal_price', 'normal_price', 0, 0, NULL),
	(124, 29, 24, '52c2d927-a498-4164-b0fc-292ad2348cfb', 2, '1.00 x 1.00', 'Parque Niños ,Carcateristicas: estructura metálica, tubo y plancha galvanizada, mas impresión, Dimensión:40x60 cm', NULL, NULL, NULL, 0, 0, 0, 800.00, 1600.00, 0, 'normal_price', 'normal_price', 0, 0, NULL),
	(125, 29, 24, '1f623ffc-d32e-4db4-91ee-ccc0196e281d', 6, '1.00 x 1.00', 'Mascotas ,Carcateristicas: estructura metalica, tubo y plancha galvanizada, mas impresión Dmensión 40x60cm', NULL, NULL, NULL, 0, 0, 0, 800.00, 4800.00, 0, 'normal_price', 'normal_price', 0, 0, NULL),
	(126, 30, 24, '3bd88393-f558-41e1-8cb8-2e9f438b9273', 1, '1.00 x 1.00', 'Carcateristicas: estructura metalica, tubo y plancha galvanizada, mas impresión, Dimensión: 40x60 cm.', NULL, NULL, NULL, 0, 0, 0, 586.18, 586.18, 0, 'price_without_tax', 'price_without_tax', 0, 0, NULL),
	(127, 30, 23, '2bafcc3e-1198-495a-a02d-12f1328c0e5a', 5, '0.40 x 0.30', 'Bioseguridad: Caracteristicas: alucubond revestido de adhesivo impreso a full color.', NULL, NULL, NULL, 0, 0, 0, 400.00, 240.00, 0, 'price_without_tax', 'price_without_tax', 0, 0, NULL),
	(128, 30, 13, '095752a5-c08d-49bd-95b5-f5932d4dbb2e', 1, '0.30 x 0.20', 'Solo Personal Autorizado, Caracteristicas: foam revestido en adhesivo impreso a full color.', NULL, NULL, NULL, 0, 0, 0, 404.23, 24.25, 0, 'price_without_tax', 'price_without_tax', 0, 0, NULL),
	(129, 30, 24, '2e4d27b2-bfc8-451e-bd65-f2817c33773b', 3, '1.00 x 1.00', 'Parqueo, Carcateristicas: estructura metalica, tubo y plancha galvanizada, mas impresión, Dimensión: 40x60 cm', NULL, NULL, NULL, 0, 0, 0, 586.18, 1758.54, 0, 'price_without_tax', 'price_without_tax', 0, 0, NULL),
	(130, 30, 13, '2fc98c49-5372-4f61-85a7-01a350f452d3', 1, '0.70 x 0.15', 'Ingreso Propietarios, Caracteristicas: foam revestido en adhesivo reflectivo , impreso a full color.', NULL, NULL, NULL, 0, 0, 0, 420.00, 42.00, 0, 'price_without_tax', 'price_without_tax', 0, 0, NULL),
	(131, 30, 13, '2657aa9f-b6de-4dff-98ad-37e79c2f347b', 1, '0.70 x 0.15', 'Ingreso Visitas , Caracteristicas: foam revestido en adhesivo reflectivo , impreso a full color.', NULL, NULL, NULL, 0, 0, 0, 420.00, 42.00, 0, 'price_without_tax', 'price_without_tax', 0, 0, NULL),
	(132, 30, 24, '0a48564e-f70e-4784-9bb0-5d357c039985', 2, '1.00 x 1.00', 'Parque Niños ,Carcateristicas: estructura metálica, tubo y plancha galvanizada, mas impresión, Dimensión:40x60 cm', NULL, NULL, NULL, 0, 0, 0, 586.18, 1172.36, 0, 'price_without_tax', 'price_without_tax', 0, 0, NULL),
	(133, 30, 24, '3bb63be7-29fe-47e6-8ee9-27a0932e517e', 6, '1.00 x 1.00', 'Mascotas ,Carcateristicas: estructura metalica, tubo y plancha galvanizada, mas impresión Dmensión 40x60cm', NULL, NULL, NULL, 0, 0, 0, 586.18, 3517.08, 0, 'price_without_tax', 'price_without_tax', 0, 0, NULL),
	(138, 28, 25, '4bc62cfe-4af0-4810-b6db-bbc03dd67d27', 1, '0.80 x 0.27', 'Caracteristicas:  corte de letras  en acrilico.', NULL, NULL, NULL, 0, 0, 0, 3000.00, 660.00, 0, 'normal_price', 'normal_price', 0, 0, NULL),
	(143, 31, 13, '07ce613e-cdd6-4aa4-8ba5-c81f0060211a', 4, '0.20 x 0.30', 'Arte: uso obligatorio de barbijo dentro del edificio, carateristica:  foam revestido en  adhesivo, impreso a full color.', NULL, NULL, NULL, 0, 0, 0, 500.00, 120.00, 1, 'volume_price', 'volume_price', 0, 0, NULL),
	(144, 31, 13, 'ff2c2409-842a-43f7-b723-eab6adf87a66', 1, '0.60 x 0.40', 'Arte:  Reglamentos del gimnasio, carateristica:  foam revestido en  adhesivo, impreso a full color.', NULL, NULL, NULL, 0, 0, 0, 450.00, 108.00, 1, 'volume_price', 'volume_price', 0, 0, NULL),
	(147, 33, 8, '5a6b1903-f3a3-4cc5-8213-52262d16fe14', 2, '0.30 x 0.45', 'Impresión en adhesivo transparente', NULL, NULL, NULL, 0, 0, 0, 317.00, 88.76, 1, 'volume_price', 'volume_price', 0, 0, NULL),
	(152, 35, 2, 'a3be97e2-5b79-41e1-a14a-b6bae51e3d1c', 1, '1.10 x 1.00', 'Estructura de frente', NULL, NULL, NULL, 0, 0, 0, 55.00, 60.50, 1, 'normal_price', 'normal_price', 0, 0, NULL),
	(153, 35, 2, '14bc4bda-1b12-4bf6-86f0-3f4023e008cc', 1, '1.10 x 2.20', 'Estructura superior', NULL, NULL, NULL, 0, 0, 0, 55.00, 133.10, 1, 'normal_price', 'normal_price', 0, 0, NULL),
	(154, 35, 2, 'c51a6182-841d-440a-8a3f-54c15d8d89ad', 2, '2.80 x 0.35', 'Estructura lateral a y b', NULL, NULL, NULL, 0, 0, 0, 55.00, 107.80, 1, 'normal_price', 'normal_price', 0, 0, NULL),
	(155, 35, 2, '1630edeb-9984-4d0a-865a-3b22b53993ed', 2, '2.80 x 2.20', 'Estructura lateral superior a y b', NULL, NULL, NULL, 0, 0, 0, 55.00, 677.60, 1, 'normal_price', 'normal_price', 0, 0, NULL),
	(156, 36, 24, 'df7e9299-af05-4fbe-b7f0-7876fac9e991', 12, '1.00 x 1.00', 'Cartel de Velocidad, Plancha galvanizada, revestida de adhesivo reflectivo 2 caras, con Tubo galanizado de 2 pulgadas. Instalación con cemento', NULL, NULL, NULL, 0, 0, 0, 700.00, 8400.00, 0, 'price_with_tax', 'price_with_tax', 0, 0, NULL),
	(157, 37, 13, '21740bd8-7396-4a42-8fd2-3acdd49d702a', 2, '0.30 x 0.20', 'Foam de 3 milimetros, revestido de adhesivo mate impreso a 1440 dpis', NULL, NULL, NULL, 0, 0, 0, 500.00, 60.00, 0, 'price_with_tax', 'price_with_tax', 0, 0, NULL),
	(158, 38, 4, '9c5afad9-e1cc-4772-be96-cc6d51f923fa', 1, '1.50 x 1.00', 'Material: adhesivo blanco, impreso a full color. Acabado segun diseño,diferentes  numeración.  Stickers ; tamaño  0.06 x 0.03 cm    Cantidad: 279 unidades', NULL, NULL, NULL, 0, 0, 0, 150.00, 225.00, 0, 'price_with_tax', 'price_with_tax', 0, 0, NULL),
	(159, 38, 4, 'b18b9c38-c479-47c6-8ccc-1347f8526126', 100, '0.20 x 0.10', 'Material: adhesivo blanco, impreso a full color. Acabado segun diseño.  Stickers ; tamaño  0.20x 0.10 cm    Cantidad: 100 unidades', NULL, NULL, NULL, 0, 0, 0, 150.00, 300.00, 0, 'price_with_tax', 'price_with_tax', 0, 0, NULL),
	(160, 39, 13, '81e903df-7ce6-4856-b3d7-711980eeb16f', 1, '0.90 x 0.60', 'Caracteristicas:    foam, con adhesivo impreso full color, acabado: tipo cuadro', NULL, NULL, NULL, 0, 0, 0, 404.23, 218.28, 1, 'price_without_tax', 'price_without_tax', 0, 0, NULL),
	(161, 32, 24, '687f458c-ef1b-41ed-8325-ca2aa094136f', 5, '1.00 x 1.00', 'Señalización de velocidad de 0.40x0.60 mtrs. con plancha galvanizada revestido de adhesivo reflectivo', NULL, NULL, NULL, 0, 0, 0, 648.99, 3244.95, 1, 'price_with_tax', 'price_with_tax', 0, 0, NULL),
	(168, 41, 9, '88f0d66e-afba-4e8a-88f5-575e850da7b4', 2, '3.29 x 1.64', 'Laterales. Caracteristicas: rotulado de vehiculo con adhesivo 3 M maxima calidad, impreso full color.', NULL, NULL, NULL, 0, 0, 0, 130.00, 1404.00, 0, 'normal_price', 'normal_price', 0, 0, NULL),
	(169, 41, 9, '258439bd-f1f1-4db5-9435-8c2f29bd0a29', 1, '1.52 x 0.82', 'Capo . Caracteristicas: rotulado de vehiculo con adhesivo 3 M maxima calidad, impreso full color', NULL, NULL, NULL, 0, 0, 0, 130.00, 162.50, 0, 'normal_price', 'normal_price', 0, 0, NULL),
	(170, 41, 9, 'b5c12cf5-45a2-4e60-a06a-d04172a57733', 1, '2.19 x 0.68', 'Capo parte inferior.Caracteristicas: rotulado de vehiculo con adhesivo 3 M maxima calidad, impreso full color', NULL, NULL, NULL, 0, 0, 0, 130.00, 193.70, 0, 'normal_price', 'normal_price', 0, 0, NULL),
	(171, 41, 9, 'e988a826-9ca9-42fa-afd5-5e3ed4a84a73', 2, '0.83 x 0.24', 'Laterales Superiores.Caracteristicas: rotulado de vehiculo con adhesivo 3 M maxima calidad, impreso full color.', NULL, NULL, NULL, 0, 0, 0, 130.00, 52.00, 0, 'normal_price', 'normal_price', 0, 0, NULL),
	(172, 41, 9, '444ed7fb-5191-4f45-a5ae-e4e4c062f8aa', 1, '0.93 x 1.18', 'Parte Superior frente.Caracteristicas: rotulado de vehiculo con adhesivo 3 M maxima calidad, impreso full color.', NULL, NULL, NULL, 0, 0, 0, 130.00, 143.00, 0, 'normal_price', 'normal_price', 0, 0, NULL),
	(173, 41, 9, '78a55123-02a8-4655-bd5a-cc2420b90280', 1, '1.35 x 1.46', 'Parte de atras.Caracteristicas: rotulado de vehiculo con adhesivo 3 M maxima calidad, impreso full color.', NULL, NULL, NULL, 0, 0, 0, 130.00, 256.10, 0, 'normal_price', 'normal_price', 0, 0, NULL),
	(174, 42, 2, 'c0ff1a3e-dec5-4ed5-86ce-69a1d25e6ac8', 1, '7.00 x 2.50', 'Material Lona de 13 OZcon protección UV y anti hongos, impreso a 1050 DPIS', NULL, NULL, NULL, 0, 0, 0, 70.00, 1225.00, 0, 'price_with_tax', 'price_with_tax', 0, 0, NULL),
	(187, 43, 2, '86e0abab-dde4-4fd7-8d6b-f12122d47435', 1, '1.10 x 1.00', 'ESTRUCTURA DE FRENTE', NULL, NULL, NULL, 0, 0, 0, 55.00, 60.50, 1, 'normal_price', 'normal_price', 0, 0, NULL),
	(188, 43, 2, 'fc1beee8-63b9-45e7-aa8c-9375af24b8e1', 1, '1.10 x 2.20', 'ESTRUCTURA SUPERIOR', NULL, NULL, NULL, 0, 0, 0, 55.00, 133.10, 1, 'normal_price', 'normal_price', 0, 0, NULL),
	(189, 43, 2, 'dcc13695-a405-4c36-aaf3-8de2dc0af971', 2, '2.80 x 0.35', 'ESTRUCTURA LATERAL INFERIOR', NULL, NULL, NULL, 0, 0, 0, 55.00, 107.80, 1, 'normal_price', 'normal_price', 0, 0, NULL),
	(190, 43, 2, '47ec1020-4eef-4218-b9bb-dffc958dc23b', 2, '2.80 x 2.20', 'ESTRUCTURA LATERAL SUPERIOR', NULL, NULL, NULL, 0, 0, 0, 55.00, 677.60, 1, 'normal_price', 'normal_price', 0, 0, NULL),
	(194, 34, 2, '8b980e53-36b3-42fd-840b-66e0b25d463d', 2, '9.00 x 4.00', 'Caracteristicas: Lona 13 onz con protección Uv. y tratamientos antihongos,calidad de color 2 años impresión a 1050 dpi´s', NULL, NULL, NULL, 0, 0, 0, 47.29, 3404.88, 1, 'normal_price', 'normal_price', 0, 0, NULL),
	(195, 34, 2, 'd5313cbf-5dd1-406a-84c1-351f66b060a3', 3, '3.00 x 4.00', 'Caracteristicas: Lona 13 onz con protección Uv. y tratamientos antihongos,calidad de color 2 años impresión a 1050 dpi´s', NULL, NULL, NULL, 0, 0, 0, 47.29, 1702.44, 1, 'normal_price', 'normal_price', 0, 0, NULL),
	(196, 34, 2, 'b09953b9-7e81-4144-a3be-47d8860700ee', 1, '10.00 x 4.00', 'Caracteristicas: Lona 13 onz con protección Uv. y tratamientos antihongos,calidad de color 2 años impresión a 1050 dpi´s', NULL, NULL, NULL, 0, 0, 0, 47.29, 1891.60, 1, 'normal_price', 'normal_price', 0, 0, NULL),
	(197, 44, 13, '187c0869-9bbb-42a8-b77e-19e3b774ac90', 5, '0.60 x 0.40', 'FOAM REVESTIDO EN ADHESIVO IMPRESO AMBOS LADOS', NULL, NULL, NULL, 0, 0, 0, 485.00, 582.00, 1, 'normal_price', 'normal_price', 0, 0, NULL),
	(198, 44, 13, '63d8fe46-a8d7-4e6f-85c3-1a2a8f40aa39', 1, '0.40 x 0.50', 'FOAM REVESTIDO EN ADHESIVO IMPRESO AMBOS LADOS', NULL, NULL, NULL, 0, 0, 0, 485.00, 97.00, 1, 'normal_price', 'normal_price', 0, 0, NULL),
	(199, 45, 31, '71fd34a5-44fa-425b-bb66-db3168678bdf', 1, '1.67 x 0.79', 'Adhesivo Esmerilado. Caracteristicas:  instalación de adhesivo esmerilado ploteado', NULL, NULL, NULL, 0, 0, 0, 250.00, 250.00, 1, 'price_service', 'price_service', 1, 1, NULL),
	(216, 40, 10, '0fd27e6c-4e66-4661-840c-5473ce126135', 2, '3.25 x 1.64', 'Laterales. Caracteristicas:  rotulado de vehiculo con adhesivo  3 M   maxima calidad, impreso full color.', NULL, NULL, NULL, 0, 0, 0, 250.00, 2665.00, 1, 'normal_price', 'normal_price', 0, 0, NULL),
	(217, 40, 10, '18f94cd6-b698-451e-8183-8f2d8497da68', 1, '1.20 x 0.50', 'Capo . Caracteristicas:  rotulado de vehiculo con adhesivo  3 M   maxima calidad, impreso full color.', NULL, NULL, NULL, 0, 0, 0, 250.00, 150.00, 1, 'normal_price', 'normal_price', 0, 0, NULL),
	(218, 40, 10, '01283dc2-7d25-4f25-abce-a21c9e446a4b', 2, '0.83 x 0.24', 'Laterales Superiores.Caracteristicas:  rotulado de vehiculo con adhesivo  3 M   maxima calidad, impreso full color.', NULL, NULL, NULL, 0, 0, 0, 250.00, 100.00, 1, 'normal_price', 'normal_price', 0, 0, NULL),
	(219, 40, 10, '0a9cb812-cc57-4d38-856f-0fadeab7bfdc', 1, '0.93 x 1.18', 'Parte Superior frente.Caracteristicas:  rotulado de vehiculo con adhesivo  3 M   maxima calidad, impreso full color.', NULL, NULL, NULL, 0, 0, 0, 250.00, 275.00, 1, 'normal_price', 'normal_price', 0, 0, NULL),
	(220, 40, 10, '7a44bf72-97a8-43cd-8619-fb01d5904218', 1, '1.35 x 1.50', 'Parte de atras.Caracteristicas:  rotulado de vehiculo con adhesivo  3 M   maxima calidad, impreso full color.', NULL, NULL, NULL, 0, 0, 0, 250.00, 507.50, 1, 'normal_price', 'normal_price', 0, 0, NULL),
	(221, 40, 6, '7f5bb272-4a6a-45a8-8cb8-aef919a11dc0', 1, '1.32 x 0.80', 'Caracteristicas instalación de adhesivo micoperforado  ventanas puertas traseras.', NULL, NULL, NULL, 0, 0, 0, 95.00, 100.70, 1, 'normal_price', 'normal_price', 0, 0, NULL),
	(222, 46, 2, '45100f26-6aa8-4999-9044-218996ca0941', 1, '1.10 x 1.00', 'ESTRUCTURA DE FRENTE', NULL, NULL, NULL, 0, 0, 0, 55.00, 60.50, 0, 'price_without_tax', 'price_without_tax', 0, 0, NULL),
	(223, 46, 2, '79518af0-eb93-453f-8324-fb84b37dbf2d', 1, '1.10 x 2.20', 'ESTRUCTURA SUPERIOR', NULL, NULL, NULL, 0, 0, 0, 55.00, 133.10, 0, 'price_without_tax', 'price_without_tax', 0, 0, NULL),
	(224, 46, 2, 'bbc9f6e5-79c5-4ac3-a812-f2c5485206c8', 2, '2.80 x 0.35', 'ESTRUCTURA LATERAL INFERIOR', NULL, NULL, NULL, 0, 0, 0, 55.00, 107.80, 0, 'price_without_tax', 'price_without_tax', 0, 0, NULL),
	(225, 46, 2, '0c48722d-a6ad-4880-a39e-d3ef4326dec6', 2, '2.80 x 2.20', 'ESTRUCTURA LATERAL SUPERIOR', NULL, NULL, NULL, 0, 0, 0, 55.00, 677.60, 0, 'price_without_tax', 'price_without_tax', 0, 0, NULL),
	(226, 47, 2, '45100f26-6aa8-4999-9044-218996ca0941', 1, '1.10 x 1.00', 'ESTRUCTURA DE FRENTE', NULL, NULL, NULL, 0, 0, 0, 55.00, 60.50, 1, 'price_without_tax', 'price_without_tax', 0, 0, NULL),
	(227, 47, 2, '79518af0-eb93-453f-8324-fb84b37dbf2d', 1, '1.10 x 2.20', 'ESTRUCTURA SUPERIOR', NULL, NULL, NULL, 0, 0, 0, 55.00, 133.10, 1, 'price_without_tax', 'price_without_tax', 0, 0, NULL),
	(228, 47, 2, 'bbc9f6e5-79c5-4ac3-a812-f2c5485206c8', 2, '2.80 x 0.35', 'ESTRUCTURA LATERAL INFERIOR', NULL, NULL, NULL, 0, 0, 0, 55.00, 107.80, 1, 'price_without_tax', 'price_without_tax', 0, 0, NULL),
	(229, 47, 2, '0c48722d-a6ad-4880-a39e-d3ef4326dec6', 2, '2.80 x 2.20', 'ESTRUCTURA LATERAL SUPERIOR', NULL, NULL, NULL, 0, 0, 0, 55.00, 677.60, 1, 'price_without_tax', 'price_without_tax', 0, 0, NULL),
	(230, 48, 2, 'a34630e7-c22e-4b3b-9fdc-559e68f8709f', 1, '8.00 x 1.20', 'Caracteristicas: impresión y cambio de lona  en bastidor existente', NULL, NULL, NULL, 0, 0, 0, 70.00, 672.00, 1, 'price_with_tax', 'price_with_tax', 0, 0, NULL),
	(231, 49, 2, '6d20d771-a276-4206-92a9-23b7b1c3142f', 1, '7.50 x 3.00', 'Caracteristica: impresion de liona a 1050 dpi,s con instalación en valla. dirección isabel la catolica', NULL, NULL, NULL, 0, 0, 0, 58.00, 1305.00, 1, 'price_with_tax', 'price_with_tax', 0, 0, NULL),
	(238, 51, 5, 'c9f97363-fca7-426e-a904-d890aa6f5c13', 1, '0.96 x 0.25', 'Movil 1, Caracteristicas impresión de adhesivo normal a full color', NULL, NULL, NULL, 0, 0, 0, 180.00, 43.20, 0, 'normal_price', 'normal_price', 0, 0, NULL),
	(239, 51, 5, '60ac7226-79b3-4f94-8b5b-4d28de4b693d', 1, '0.96 x 0.26', 'Movil 2. Caracteristicas impresión de adhesivo normal a full color', NULL, NULL, NULL, 0, 0, 0, 180.00, 45.00, 0, 'normal_price', 'normal_price', 0, 0, NULL),
	(240, 52, 31, '0c2745ca-c9d6-4925-8836-733b31285528', 12, '7.00 x 2.50', 'Alquiler de Valla en La Paz, Av Calatayud del 01 de Julio 2020 al 01 Julio 2021', NULL, NULL, NULL, 0, 0, 0, 3869.49, 46433.88, 1, 'price_service', 'price_service', 1, 1, NULL),
	(247, 54, 1, '32d68e51-b4eb-41a8-92a8-fc61e06b0609', 11, '2.00 x 1.20', 'Característica: Impresión de lona, tipo banner acabado con tubo  en la parte superior e inferior  y pita para colgar', NULL, NULL, NULL, 0, 0, 0, 148.20, 1630.20, 1, 'price_service', 'normal_price', 1, 0, NULL),
	(248, 55, 31, '9e0c68ad-01e1-4203-84da-539d0f3f10c2', 100, '0.35 x 0.55', 'Papeleria: impresión  de  afiches  couche de 115 grs', NULL, NULL, NULL, 0, 0, 0, 8.00, 800.00, 1, 'price_service', 'price_service', 1, 1, NULL),
	(249, 56, 31, 'd7b6f80a-2c93-4508-bcf7-dd70f2d973dc', 2, '0.60 x 2.00', 'Caracteristica: corte en CNC , solo corte el cliente otorgo el material(madera).', NULL, NULL, NULL, 0, 0, 0, 400.00, 800.00, 1, 'price_service', 'price_service', 1, 1, NULL),
	(250, 50, 13, '47278c37-8d53-49fe-b5f7-20cfea26ef8a', 1, '0.60 x 0.39', 'CIS EXPRESA SUR  PLACAS REVESTIDO EN ADHESIVO IMPRESO FULL COLOR  Y COLOCADO EN AMBOS LADOS INSTALADOS EN BLINDEX   DON SE ENCUENTRAN LAS RIELES CON PERFIL .', NULL, NULL, NULL, 0, 0, 0, 500.00, 115.00, 1, 'price_with_tax', 'price_with_tax', 0, 0, NULL),
	(251, 50, 13, '49c7530f-3e34-4bbc-9b92-f63e71b54d9b', 1, '0.45 x 0.30', 'CIS EXPRESS TORRICENTRO  PLACAS REVESTIDO EN ADHESIVO IMPRESO FULL COLOR  Y COLOCADO EN AMBOS LADOS INSTALADOS EN BLINDEX   DON SE ENCUENTRAN LAS RIELES CON PERFIL .', NULL, NULL, NULL, 0, 0, 0, 500.00, 70.00, 1, 'price_with_tax', 'price_with_tax', 0, 0, NULL),
	(252, 50, 13, '5cd2141d-73d3-485c-9d16-890f34d745ed', 1, '0.60 x 0.40', 'CIS EXPRESS CENTER  PLACAS REVESTIDO EN ADHESIVO IMPRESO FULL COLOR  Y COLOCADO EN AMBOS LADOS INSTALADOS EN BLINDEX   DON SE ENCUENTRAN LAS RIELES CON PERFIL .', NULL, NULL, NULL, 0, 0, 0, 500.00, 120.00, 1, 'price_with_tax', 'price_with_tax', 0, 0, NULL),
	(253, 57, 34, 'a37bdb6d-cd2a-4121-97cf-70413a624ed1', 1, '3.75 x 1.50', 'Adhesivo Ploteado 2000 unidades, 10 diseños', NULL, NULL, NULL, 0, 0, 0, 80.22, 451.64, 1, 'price_with_tax', 'price_with_tax', 0, 0, NULL),
	(254, 53, 35, '84f19c48-2280-4d4a-b26b-4169bdef7b32', 5, '0.40 x 0.60', 'Cartel de Velocidad, Plancha galvanizada, revestida de adhesivo reflectivo. Se agregaria a señaleticas ya instalada', NULL, NULL, NULL, 0, 0, 0, 146.10, 730.50, 0, 'price_service', 'normal_price', 1, 0, NULL),
	(255, 53, 24, '1c55a73d-f76d-45db-a522-2dcccb304fb0', 3, '0.40 x 0.60', 'Cartel de Velocidad, Plancha galvanizada, revestida de adhesivo reflectivo 2 cara, con Tubo galanizado de 2 pulgadas.,Altura de 2,50 mtrs Instalación con cemento', NULL, NULL, NULL, 0, 0, 0, 646.10, 1938.30, 0, 'price_service', 'price_with_tax', 1, 0, NULL),
	(256, 53, 24, '9644afa4-6453-4712-9382-b75194981b9a', 1, '0.40 x 0.60', 'Cartel de Parqueo, Plancha galvanizada, revestida de adhesivo reflectivo 2 cara, con Tubo galanizado de 2 pulgadas.,Altura de 2,50 mtrs Instalación con cemento', NULL, NULL, NULL, 0, 0, 0, 646.10, 646.10, 0, 'price_service', 'price_with_tax', 1, 0, NULL),
	(257, 53, 13, '86f225f7-2600-43bb-92e8-dc304ff804b2', 2, '0.20 x 0.30', 'Fabricación de señaleticas, foam revestido en adhesivo, impreso a full color', NULL, NULL, NULL, 0, 0, 0, 30.00, 60.00, 0, 'price_service', 'price_with_tax', 1, 0, NULL),
	(258, 53, 31, '963bb926-263b-4e13-bbd6-862ad008f1f9', 20, '0.00 x 0.00', 'Pintado de orcones 20 unidades con pintura normal blanca', NULL, NULL, NULL, 0, 0, 0, 68.50, 1370.00, 0, 'price_service', 'price_service', 1, 1, NULL),
	(259, 58, 2, '64b2ef9f-95ac-448f-9628-5c354962ff55', 1, '1.10 x 1.00', 'ESTRUCTURA DE FRENTE', NULL, NULL, NULL, 0, 0, 0, 55.00, 60.50, 1, 'price_with_tax', 'price_with_tax', 0, 0, NULL),
	(260, 58, 2, '00f21f1c-45b2-4bf6-81fe-57b377afa063', 1, '1.10 x 2.20', 'ESTRUCTURA SUPERIOR', NULL, NULL, NULL, 0, 0, 0, 55.00, 133.10, 1, 'price_with_tax', 'price_with_tax', 0, 0, NULL),
	(261, 58, 2, 'f2673da4-4651-4350-8cf0-45bdfa44bbc9', 2, '2.80 x 0.35', 'ESTRUCTURA LATERALES INFERIOR', NULL, NULL, NULL, 0, 0, 0, 55.00, 107.80, 1, 'price_with_tax', 'price_with_tax', 0, 0, NULL),
	(262, 58, 2, 'cd4c5e5e-4ce4-4ea8-9a62-ff92de558460', 2, '2.80 x 2.20', 'ESTRUCTURA LATERALES SUPERIORES', NULL, NULL, NULL, 0, 0, 0, 55.00, 677.60, 1, 'price_with_tax', 'price_with_tax', 0, 0, NULL),
	(265, 59, 31, 'a5ce8cd8-5526-4c3a-908e-e4e774bc0b8c', 2, '10.00 x 4.00', 'Alquiler Espacio Publicitario Ubicado en  Cambodromo y 5 Anillo en Esquina, por el Lapso de 2 meses', NULL, NULL, NULL, 0, 0, 0, 3900.00, 7800.00, 1, 'price_service', 'price_service', 1, 1, NULL),
	(266, 59, 31, '39df9c26-12e6-49b4-ba40-601ca3746a63', 1, '10.00 x 4.00', 'Impresión de lona 13 OZ,  1050 Protección UV y Anti hongos', NULL, NULL, NULL, 0, 0, 0, 1800.00, 1800.00, 1, 'price_service', 'price_service', 1, 1, NULL),
	(267, 60, 1, '17f33293-a8f0-4ec1-85a5-4d5c9b287691', 1, '1.60 x 0.60', 'Característica: Impresión de lona, tipo banner acabado con tubo en la parte superior e inferior y pita para colgar', NULL, NULL, NULL, 0, 0, 0, 95.00, 95.00, 1, 'price_service', 'normal_price', 1, 0, NULL),
	(268, 60, 1, 'f643d16e-6457-492f-9365-c7a3ae1f48a1', 1, '0.70 x 0.45', 'Característica: Impresión de lona, tipo banner acabado con tubo en la parte superior e inferior y pita para colgar', NULL, NULL, NULL, 0, 0, 0, 70.00, 70.00, 1, 'price_service', 'normal_price', 1, 0, NULL),
	(274, 62, 1, '21bce12e-c72a-4cbf-ae62-6d1066358ba9', 2, '1.50 x 1.00', 'Impresion de lona 1440 dpis. Sin terminación cortado con 5cm de borde blanco a los lados', NULL, NULL, NULL, 0, 0, 0, 85.00, 255.00, 1, 'price_with_tax', 'price_with_tax', 0, 0, NULL),
	(275, 63, 31, '83ae642a-e018-4397-849f-793629a4ca56', 10, '0.50 x 0.70', 'Caracteristica: corte de acrilico  de  3 mm dobles tipo buzon con perforación.', NULL, NULL, NULL, 0, 0, 0, 227.00, 2270.00, 0, 'price_service', 'price_service', 1, 1, NULL),
	(276, 63, 31, 'e7323df0-a824-4990-ab03-6f96e1bdf281', 10, '0.45 x 0.70', 'Caracteristica: corte de acrilico  de  3 mm dobles tipo buzon con perforación.', NULL, NULL, NULL, 0, 0, 0, 204.00, 2040.00, 0, 'price_service', 'price_service', 1, 1, NULL),
	(277, 63, 31, 'c2e2fa81-b7e4-4df7-9d32-790d3b170c40', 80, '0.00 x 0.00', 'Sujetador de vidrios (embellecedores) para el instalado de los cuadros en acrilicos 4 unidades por cuadro.', NULL, NULL, NULL, 0, 0, 0, 15.00, 1200.00, 0, 'price_service', 'price_service', 1, 1, NULL),
	(282, 64, 13, '080bf980-7cd8-40bc-a651-35609786cae5', 1, '0.40 x 0.80', 'Impresión full color', NULL, NULL, NULL, 0, 0, 0, 100.00, 100.00, 1, 'price_service', 'price_without_tax', 1, 0, NULL),
	(283, 65, 1, '6e762dcc-72bb-4632-ae82-985efc2ff864', 35, '2.00 x 1.50', 'Caracteristica impresión de lona(banner) acabado con tubo y pita para colgar', NULL, NULL, NULL, 0, 0, 0, 195.00, 6825.00, 0, 'price_service', 'price_with_tax', 1, 0, NULL),
	(284, 66, 40, 'a731d2f4-ca2c-4ba0-9998-d55d8259fc6b', 3, '20.00 x 15.00', 'Trofeo corte en Acrilico con base en Acrilico, de 3mm de espesor, revestido de adhesivo transparente impreso', NULL, NULL, NULL, 0, 0, 0, 285.00, 855.00, 0, 'price_service', 'price_with_tax', 1, 0, NULL),
	(291, 67, 31, 'f6b2222f-6546-418d-a2e9-dfa2041f3215', 1, '1.85 x 0.60', 'Característica separador de acrílico de 3m en forma de L', NULL, NULL, NULL, 0, 0, 0, 721.60, 721.60, 0, 'price_service', 'price_service', 1, 1, NULL),
	(292, 67, 31, '5c649a02-368a-40b2-94bf-aa05a54cbdf2', 1, '1.65 x 0.60', 'Característica separador de acrílico de 3m en forma de L', NULL, NULL, NULL, 0, 0, 0, 643.50, 643.50, 0, 'price_service', 'price_service', 1, 1, NULL),
	(293, 68, 2, 'de790f56-4f7d-41d6-80b5-ae5b80e0759e', 1, '1.00 x 2.00', NULL, NULL, NULL, NULL, 0, 0, 0, 47.29, 94.58, 1, 'price_with_tax', 'price_with_tax', 0, 0, NULL),
	(299, 61, 24, 'd6dd0a81-8d62-4436-8414-fa2f458dd5dc', 5, '0.40 x 0.60', 'Caracteristica: cartel de  velocida, solo plancha galvanizada, revestido en adhesivo  reflectivo, se instalara en señaleticas instalada', NULL, NULL, NULL, 0, 0, 0, 146.10, 730.50, 1, 'price_service', 'price_with_tax', 1, 0, NULL),
	(300, 61, 24, '47b93c8c-6329-4227-8a1e-3e695bf9bd0d', 3, '0.40 x 0.60', 'Caracteristica: cartel de velocidad, plancha galvanizada revestida en adhesivo reflectivo 2 cara, con tubo galvanizado de 2 pul. altura de 2.50 mtrs  instalado con cemento', NULL, NULL, NULL, 0, 0, 0, 646.10, 1938.30, 1, 'price_service', 'price_with_tax', 1, 0, NULL),
	(301, 61, 24, '3419a099-cd27-4981-a853-6413bd239521', 1, '0.40 x 0.60', 'Caracteristica:  cartel de velocidad, plancha galvanizada revestida en adhesivo reflectivo 2 cara, con tubo galvanizado de 2 pul. altura de 2.50 mtrs  instalado con cemento.', NULL, NULL, NULL, 0, 0, 0, 646.10, 646.10, 1, 'price_service', 'price_with_tax', 1, 0, NULL),
	(302, 61, 13, '238b8257-57bc-4a9f-8987-6c80e39e3eb2', 2, '0.00 x 0.00', 'Fabricación de señaletica de foam de  revestido en adhesivo impreso a full color.', NULL, NULL, NULL, 0, 0, 0, 30.00, 60.00, 1, 'price_service', 'price_with_tax', 1, 0, NULL),
	(303, 61, 31, 'ecf3dd68-6cb7-47ba-a800-ec4d63a5011c', 1, '0.00 x 0.00', 'Pintado de Mojones 20 unidades, con pintura solvente Blanca brillosa', NULL, NULL, NULL, 0, 0, 0, 1370.00, 1370.00, 1, 'price_service', 'price_service', 1, 1, NULL),
	(304, 69, 2, 'd9eb5c2c-7791-4bdd-a978-465eba455e3f', 1, '1.10 x 1.00', 'ESTRUCTURA DE FRENTE', NULL, NULL, NULL, 0, 0, 0, 55.00, 60.50, 1, 'price_with_tax', 'price_with_tax', 0, 0, NULL),
	(305, 69, 2, 'eff6affd-9932-49fc-b373-fecdc010dc15', 1, '1.10 x 2.20', 'ESTRUCTURA SUPERIOR', NULL, NULL, NULL, 0, 0, 0, 55.00, 133.10, 1, 'price_with_tax', 'price_with_tax', 0, 0, NULL),
	(306, 69, 2, '1a6091af-3591-415c-884f-b96a0959b027', 2, '2.80 x 0.35', 'ESTRUCTURA LATERALES INFERIOR', NULL, NULL, NULL, 0, 0, 0, 55.00, 107.80, 1, 'price_with_tax', 'price_with_tax', 0, 0, NULL),
	(307, 69, 2, 'ca93354c-296a-4fde-a4fa-68191f28a110', 2, '2.80 x 2.20', 'ESTRUCTURA LATERALES SUPERIORES', NULL, NULL, NULL, 0, 0, 0, 55.00, 677.60, 1, 'price_with_tax', 'price_with_tax', 0, 0, NULL),
	(308, 70, 2, 'a24700a5-2262-483a-ab2a-931dae9346a7', 1, '10.00 x 4.00', NULL, NULL, NULL, NULL, 0, 0, 0, 55.00, 2200.00, 0, 'normal_price', 'normal_price', 0, 0, NULL),
	(309, 71, 2, '174774af-07c6-41b5-bd24-2edf4d11277e', 1, '10.00 x 4.00', NULL, NULL, NULL, NULL, 0, 0, 0, 50.00, 2000.00, 1, 'volume_price', 'volume_price', 0, 0, NULL),
	(310, 72, 2, '036600ec-e3c5-4425-8f7f-200f8fd45032', 1, '1.10 x 1.00', 'ESTRUCTURA DE FRENTE', NULL, NULL, NULL, 0, 0, 0, 55.00, 60.50, 1, 'price_with_tax', 'price_with_tax', 0, 0, NULL),
	(311, 72, 2, 'c8673554-1ece-402e-a8bd-dc45a95e9129', 1, '1.10 x 2.20', 'ESTRUCTURA SUPERIOR', NULL, NULL, NULL, 0, 0, 0, 55.00, 133.10, 1, 'price_with_tax', 'price_with_tax', 0, 0, NULL),
	(312, 72, 2, '548165ae-d8b0-4d5f-9e03-bd8e8bd26f26', 2, '2.80 x 0.35', 'ESTRUCTURA LATERALES INFERIOR', NULL, NULL, NULL, 0, 0, 0, 55.00, 107.80, 1, 'price_with_tax', 'price_with_tax', 0, 0, NULL),
	(313, 72, 2, 'c3b2c83f-49d7-4d29-ac3e-cf0cc0e9db0b', 2, '2.80 x 2.20', 'ESTRUCTURA LATERALES SUPERIORES', NULL, NULL, NULL, 0, 0, 0, 55.00, 677.60, 1, 'price_with_tax', 'price_with_tax', 0, 0, NULL),
	(323, 73, 1, '5a02559f-c796-4fad-b330-da738c0c132a', 1, '10.00 x 4.00', '000000000000000000', NULL, NULL, NULL, 0, 0, 0, 40.00, 1600.00, 0, 'volume_price', 'volume_price', 0, 0, NULL),
	(324, 73, 19, '8ce775a8-a2ba-4029-aa16-77b5da4802a1', 2, '4.00 x 5.00', '22220000000', NULL, NULL, NULL, 0, 0, 0, 300.00, 12000.00, 0, 'price_with_tax', 'price_with_tax', 0, 0, NULL),
	(325, 73, 19, 'bf6a92e0-f8c1-4ca2-b56e-52b8c941c6ff', 1, '8.00 x 4.00', '55550000000', NULL, NULL, NULL, 0, 0, 0, 285.00, 9120.00, 1, 'normal_price', 'normal_price', 0, 0, NULL),
	(326, 74, 31, 'c2d5d44e-4933-4bd8-a95e-530cdd3e6d84', 1, '15.00 x 5.00', 'Alquiler Publicitario Valla ubicada Av Kantutani Carril de subida, Tipo Valla 15x5 mts, Código LPZ-1, Del 2 de Dciembre 2020 al 2 de enero 2021', NULL, NULL, NULL, 0, 0, 0, 8437.00, 8437.00, 1, 'price_service', 'price_service', 1, 1, NULL),
	(327, 74, 2, 'daf912e5-0715-4dca-9422-e5673c55a57c', 1, '15.00 x 5.00', 'Lona 13 OZ Impresión 720 DPIS, Instalación en Valla', NULL, NULL, NULL, 0, 0, 0, 3375.00, 3375.00, 1, 'price_service', 'price_with_tax', 1, 0, NULL),
	(333, 76, 1, 'd862325c-6e08-4045-a92a-faed7bd6c9a2', 1, '10.00 x 4.00', NULL, NULL, NULL, NULL, 0, 0, 0, 40.00, 1600.00, 1, 'normal_price', 'normal_price', 0, 0, NULL),
	(335, 78, 4, '513ffa65-a0b8-4c1d-a574-dde00f0864e5', 5000, '0.27 x 0.11', 'Caracteristica: impresión de adhesivo  impreso a full color, ploteado', NULL, NULL, NULL, 0, 0, 0, 2.85, 14250.00, 0, 'price_service', 'volume_price', 1, 0, NULL),
	(338, 80, 36, 'ea85e48d-5fae-4d9d-89d1-b6d8d4b15bae', 1, '0.80 x 2.00', NULL, NULL, NULL, NULL, 0, 0, 0, 362.00, 362.00, 1, 'price_service', 'price_with_tax', 1, 0, NULL),
	(339, 77, 1, '78f43ea3-c12b-4b6b-882e-22095a1dfbc6', 1, '1.00 x 2.00', 'Impresión de lona . acabado banner con pita y tubo', NULL, NULL, NULL, 0, 0, 0, 80.00, 160.00, 1, 'normal_price', 'normal_price', 0, 0, NULL),
	(340, 75, 31, 'f6ac36eb-d1fa-49b9-9b50-33bb5784bffa', 15, '0.00 x 0.00', 'SANTA CRUZ: Caracteristica: uso publicitario de la linea de transporte(se adjunto linea y ruta) de 15 unidades de transporte por 30 dias.', NULL, NULL, NULL, 0, 0, 0, 300.00, 4500.00, 1, 'price_service', 'price_service', 1, 1, NULL),
	(341, 75, 6, '08f90dac-b53d-4ce1-ba2e-9f765d4bc647', 15, '1.80 x 0.80', 'Caracteristica: instalación de adhesivo microperforado, con impresión a full color 1440 dep´s', NULL, NULL, NULL, 0, 0, 0, 216.00, 3240.00, 1, 'price_service', 'price_with_tax', 1, 0, NULL),
	(343, 79, 43, 'e4a05959-2cdf-4b94-929b-37171b3df1a9', 2, '1.10 x 0.75', 'Foam revestido de Adhesivo impreso a 1440 dpis, corte rectangular', NULL, NULL, NULL, 0, 0, 0, 233.68, 387.90, 1, 'price_without_tax', 'price_without_tax', 0, 0, NULL),
	(344, 81, 19, '45839ecb-5565-4f23-8bad-72911ef2e239', 1, '3.00 x 1.00', 'Material: Tubo de 20 x 20 con lona  de alta Tenacidad. calidad impresion 1440 dpis', NULL, NULL, NULL, 0, 0, 0, 285.00, 855.00, 1, 'normal_price', 'normal_price', 0, 0, NULL),
	(345, 81, 1, '29efb201-dbeb-47fc-9553-734d475a01a5', 1, '10.00 x 4.00', 'Acabado para valla en impresión 720 dpis , Instalar en el alto juan pablo ll', NULL, NULL, NULL, 0, 0, 0, 50.00, 2000.00, 1, 'normal_price', 'normal_price', 0, 0, NULL),
	(347, 83, 31, '1de5f5db-2ff1-4a06-9daa-61735cd6ff3d', 1, '2.25 x 1.32', 'Mampara de Bioseguridad: separador de acrilico de 3 mm , para recepción en forma de " L"  de 60 cm de alto.', NULL, NULL, NULL, 0, 0, 0, 1499.40, 1499.40, 0, 'price_service', 'price_service', 1, 1, NULL),
	(348, 83, 31, '75a1f307-6dba-42e6-8bb8-5f0cc340b0cd', 3, '1.20 x 0.60', 'Mampara de Bioseguridad: separador de acrilico de 3 mm ,  segun especificaciones tecnicas del cliente.', NULL, NULL, NULL, 0, 0, 0, 4378.00, 13134.00, 0, 'price_service', 'price_service', 1, 1, NULL),
	(349, 83, 31, 'f6847110-fef9-4c62-835b-5e51859995e7', 2, '0.65 x 0.60', 'Mampara de Bioseguridad: separador de acrilico de 3 mm ,  segun especificaciones tecnicas del cliente.', NULL, NULL, NULL, 0, 0, 0, 2133.60, 4267.20, 0, 'price_service', 'price_service', 1, 1, NULL),
	(350, 84, 45, 'b579c85e-90e7-47ee-871d-bc9c0350af6c', 200, '0.08 x 0.08', NULL, NULL, NULL, NULL, 0, 0, 0, 350.00, 700.00, 1, 'normal_price', 'normal_price', 0, 0, NULL),
	(353, 86, 2, '70720c62-e4bf-4007-9123-a76dd8e6cef0', 1, '1.10 x 1.00', 'ESTRUCTURA DE FRENTE', NULL, NULL, NULL, 0, 0, 0, 55.00, 60.50, 1, 'price_with_tax', 'price_with_tax', 0, 0, NULL),
	(354, 86, 2, '71677d5b-b1bb-4857-ab98-aa603b5bb6c3', 1, '1.10 x 2.20', 'ESTRUCTURA SUPERIOR', NULL, NULL, NULL, 0, 0, 0, 55.00, 133.10, 1, 'price_with_tax', 'price_with_tax', 0, 0, NULL),
	(355, 86, 2, 'dbb451c4-1edb-4198-a59f-e2abf8444a0c', 2, '2.80 x 0.35', 'ESTRUCTURA LATERALES INFERIOR', NULL, NULL, NULL, 0, 0, 0, 55.00, 107.80, 1, 'price_with_tax', 'price_with_tax', 0, 0, NULL),
	(356, 86, 2, '31b6f490-3b27-40d1-a69e-78e0cda3d6ba', 2, '2.80 x 2.20', 'ESTRUCTURA LATERALES SUPERIORES', NULL, NULL, NULL, 0, 0, 0, 55.00, 677.60, 1, 'price_with_tax', 'price_with_tax', 0, 0, NULL),
	(357, 87, 13, 'd5741d6f-9492-47c1-b913-774d7329b16f', 2, '0.20 x 0.30', 'Caracteristica:  señaletica  foam de 3 mm revestido en adhesivo impreso  full color', NULL, NULL, NULL, 0, 0, 0, 30.00, 60.00, 1, 'price_service', 'normal_price', 1, 0, NULL),
	(358, 87, 31, 'c7848f76-e223-4772-ab6c-fb975f7b99fb', 1, '0.00 x 0.00', 'Costo adicional de entrega', NULL, NULL, NULL, 0, 0, 0, 15.00, 15.00, 1, 'price_service', 'price_service', 1, 1, NULL),
	(360, 89, 54, 'c0eda15e-36c9-41a2-8d8c-e670d529a642', 2, '1.00 x 2.00', NULL, NULL, NULL, NULL, 0, 0, 0, 350.00, 1400.00, 1, 'price_with_tax', 'price_with_tax', 0, 0, NULL),
	(361, 89, 54, '411f7e9c-b3fd-4edb-9c6f-ff79a0758e1a', 2, '2.00 x 0.40', NULL, NULL, NULL, NULL, 0, 0, 0, 350.00, 560.00, 1, 'price_with_tax', 'price_with_tax', 0, 0, NULL),
	(362, 89, 13, 'efccd4d2-4395-49cc-a360-804366b8432c', 8, '0.80 x 0.35', NULL, NULL, NULL, NULL, 0, 0, 0, 265.00, 593.60, 1, 'volume_price', 'volume_price', 0, 0, NULL),
	(363, 89, 13, '22bfaa6b-7506-48be-9af4-99cf522a8075', 8, '0.80 x 0.12', NULL, NULL, NULL, NULL, 0, 0, 0, 265.00, 212.00, 1, 'volume_price', 'volume_price', 0, 0, NULL),
	(364, 90, 2, 'e201dae5-5b74-419d-a345-d4e54d81f6cf', 1, '1.10 x 1.00', 'ESTRUCTURA DE FRENTE', NULL, NULL, NULL, 0, 0, 0, 55.00, 60.50, 1, 'price_with_tax', 'price_with_tax', 0, 0, NULL),
	(365, 90, 2, '9eb01bf7-d4a8-4b19-9ada-492f79a48a07', 1, '1.10 x 2.20', 'ESTRUCTURA SUPERIOR', NULL, NULL, NULL, 0, 0, 0, 55.00, 133.10, 1, 'price_with_tax', 'price_with_tax', 0, 0, NULL),
	(366, 90, 2, 'ac9fbed6-c52c-4f7c-b1ed-9ad0cdceaf3e', 2, '2.80 x 0.35', 'ESTRUCTURA LATERALES INFERIOR', NULL, NULL, NULL, 0, 0, 0, 55.00, 107.80, 1, 'price_with_tax', 'price_with_tax', 0, 0, NULL),
	(367, 90, 2, '12b22d7e-f74a-4bb0-b408-3abec06f431b', 2, '2.80 x 2.20', 'ESTRUCTURA LATERALES SUPERIORES', NULL, NULL, NULL, 0, 0, 0, 55.00, 677.60, 1, 'price_with_tax', 'price_with_tax', 0, 0, NULL),
	(368, 85, 31, 'd5f8ba26-5dad-4625-a206-a5056a41d515', 15, '0.00 x 0.00', 'Caracteristica: servicios de costo de alquiler de ventana trasera de 15 unidades de  minibuses  por 30 dias', NULL, NULL, NULL, 0, 0, 0, 250.00, 3750.00, 1, 'price_service', 'price_service', 1, 1, NULL),
	(369, 85, 6, '87c4c651-ad10-4d11-a399-42e6ba29a44e', 15, '1.40 x 0.65', 'Caracteristica: impresión de adhesivo microperforado full color instalado en la parte trasera de cada  mini buses', NULL, NULL, NULL, 0, 0, 0, 120.00, 1800.00, 1, 'price_service', 'normal_price', 1, 0, NULL),
	(370, 91, 2, 'b437e00f-e42f-490c-9e20-7675c7b162f5', 1, '0.00 x 0.00', 'Material: Acrílico de 5 mm y perfil de aluminio chanpangue.  Dimensión: 1,82 mts (ancho) x 90 cm (alto) x 60 cm (profundidad), la abertura para el vidrio se encuentra detallado (word). Dimensión Ventanilla: 30,00 x 15,00 cm.', NULL, NULL, NULL, 0, 0, 0, 34.62, 0.00, 0, 'price_with_tax', 'price_with_tax', 0, 0, NULL),
	(372, 88, 31, '8e734fbe-832e-4114-8870-e94a24c87571', 1, '5.00 x 4.00', 'Material : Lona de 13 oz ,estrctura metalica', NULL, NULL, NULL, 0, 0, 0, 6200.00, 6200.00, 1, 'price_service', 'price_service', 1, 1, NULL),
	(373, 92, 2, '7cced76c-cfe6-4851-a143-78954271f5d8', 3, '10.00 x 4.00', 'Caracteristica: Impresión  de lona a 1050 depi´s,  con instalación en vallas  que indique el cliente. Costo de impresión mas instalación de vallas de tercero  mtrs2 a Bs 55', NULL, NULL, NULL, 0, 0, 0, 2200.00, 6600.00, 1, 'price_service', 'normal_price', 1, 0, NULL),
	(374, 93, 31, 'f08bf290-114b-4230-817c-7951ea3e793e', 20, '0.08 x 0.08', NULL, NULL, NULL, NULL, 0, 0, 0, 8.00, 160.00, 0, 'price_service', 'price_service', 1, 1, NULL),
	(375, 94, 49, '17bbbd18-1086-43e9-ac9a-5add80d2c88e', 5, '0.38 x 0.70', 'Adhesivo esmerilado para ventana, material anti hongos.  El precio Incluye instalación en el lugar asignado por el cliente.', NULL, NULL, NULL, 0, 0, 0, 200.00, 270.00, 1, 'normal_price', 'normal_price', 0, 0, NULL),
	(376, 95, 31, '5e643802-fdf9-4281-8ee0-a95cf1ea8360', 2, '12.00 x 4.00', 'Alquiler Publicitario,valla ubicado en la av. San Martin frente al Hotel los Tajibos. Tipo Valla Cod. SCZ-3  De fecha 11/12/20 al 10/02/20 (2 meses)', NULL, NULL, NULL, 0, 0, 0, 8500.00, 17000.00, 1, 'price_service', 'price_service', 1, 1, NULL),
	(377, 95, 2, '6023ac95-ff9c-454b-a063-21f73e070619', 1, '12.00 x 4.00', 'Lona de 13 Oz. Impresión a 720 depi´s instalado en Valla', NULL, NULL, NULL, 0, 0, 0, 2160.00, 2160.00, 1, 'price_service', 'price_with_tax', 1, 0, NULL),
	(378, 96, 31, '4536fb0b-3a5c-408d-865f-d73339d0fb39', 70, '0.12 x 0.12', 'Caracteristica: corte de acrilico de 3 mm   de forma cicular  segun solicitud del cliente serigrafiado un color.', NULL, NULL, NULL, 0, 0, 0, 5.50, 385.00, 1, 'price_service', 'price_service', 1, 1, NULL),
	(379, 96, 31, '63a63455-88c2-4eeb-945e-4175b3f368ae', 60, '0.10 x 0.10', 'Caracteristica: corte de acrilico de 3 mm   de forma cicular  segun solicitud del cliente serigrafiado un color.', NULL, NULL, NULL, 0, 0, 0, 5.30, 318.00, 1, 'price_service', 'price_service', 1, 1, NULL),
	(380, 96, 31, '191b30f5-b34a-424f-b49b-003e607df2b2', 60, '0.08 x 0.08', 'Caracteristica: corte de acrilico de 3 mm   de forma cicular  segun solicitud del cliente serigrafiado un color.', NULL, NULL, NULL, 0, 0, 0, 4.50, 270.00, 1, 'price_service', 'price_service', 1, 1, NULL),
	(381, 96, 31, '8f134d30-6177-472a-9897-120767c5d2de', 60, '0.08 x 0.08', 'Caracteristica: corte de acrilico de 3 mm   de forma cicular  segun solicitud del cliente serigrafiado un color.', NULL, NULL, NULL, 0, 0, 0, 4.50, 270.00, 1, 'price_service', 'price_service', 1, 1, NULL),
	(382, 97, 13, '0702cb40-13de-4471-8c8a-305d49a1562f', 3, '0.90 x 0.80', 'Señaletica de precaución, material  foan y adhesivo, impresión:  a  1440 depi´s', NULL, NULL, NULL, 0, 0, 0, 316.71, 950.13, 0, 'price_service', 'price_with_tax', 1, 0, NULL),
	(383, 97, 13, '21eaf1c0-f505-460d-8347-ecbdb22cbd15', 1, '0.20 x 0.30', 'Señaletica de precaución, material  foan y adhesivo, impresión:  a  1440 depi´s', NULL, NULL, NULL, 0, 0, 0, 30.00, 30.00, 0, 'price_service', 'price_with_tax', 1, 0, NULL),
	(385, 98, 31, 'db16609a-d9c7-4baf-a360-d183e59daabd', 1, '10.00 x 4.00', 'Alquiler Publicitario, ubicado en la ciudad de Santa Cruz: av. Cristo Redentor , entre 4to y 5to anillo cara "A" y "B. Correspondiente de 18/11/20 al 17/12/20', NULL, NULL, NULL, 0, 0, 0, 8120.00, 8120.00, 1, 'price_service', 'price_service', 1, 1, NULL),
	(386, 99, 31, '60be863a-1a79-4790-9717-dacedf189838', 1, '10.00 x 4.00', 'Alquiler publicitario, ubicado  en la ciudad de Cochabamba: av. ayachucho esq aroma.', NULL, NULL, NULL, 0, 0, 0, 3480.00, 3480.00, 1, 'price_service', 'price_service', 1, 1, NULL),
	(387, 99, 31, 'fd63cf47-8ce2-48f8-bfcb-c8f462fe80d9', 1, '10.00 x 4.00', 'Alquiler publicitario, ubicado  en la ciudad de Cochabamba: av. Aeropuerto Jorge Wilterman', NULL, NULL, NULL, 0, 0, 0, 3480.00, 3480.00, 1, 'price_service', 'price_service', 1, 1, NULL),
	(388, 99, 31, '70af9638-97ee-41c8-928c-c5b0e0ff5941', 1, '10.00 x 4.00', 'Alquiler publicitario, ubicado  en la ciudad de Cochabamba: Av. Galindo KM 3', NULL, NULL, NULL, 0, 0, 0, 3480.00, 3480.00, 1, 'price_service', 'price_service', 1, 1, NULL),
	(389, 99, 31, '9d3beebd-1cbf-46fb-87f0-4c15e0a3e329', 1, '10.00 x 4.00', 'Alquiler publicitario, ubicado  en la ciudad de Cochabamba: Puente  Kilman Av. Ingavi', NULL, NULL, NULL, 0, 0, 0, 3480.00, 3480.00, 1, 'price_service', 'price_service', 1, 1, NULL),
	(398, 101, 31, '02e35d9b-6179-450e-9282-f542e63ffb9a', 1, '10.00 x 4.00', 'Alquiler publicitario, ubicado  en la ciudad de La Paz : Av. Muñoz Reyes', NULL, NULL, NULL, 0, 0, 0, 3480.00, 3480.00, 1, 'price_service', 'price_service', 1, 1, NULL),
	(399, 101, 31, 'fcf1f74d-7302-485c-b86b-a02c7ce9af3c', 1, '10.00 x 4.00', 'Alquiler publicitario, ubicado  en la ciudad de La Paz : C. Juan Manuel Loza', NULL, NULL, NULL, 0, 0, 0, 3480.00, 3480.00, 1, 'price_service', 'price_service', 1, 1, NULL),
	(400, 101, 31, 'bfebb1c8-ea80-4ebc-a798-742612a267b5', 1, '10.00 x 4.00', 'Alquiler publicitario, ubicado  en la ciudad de La Paz : Av. Las Americas', NULL, NULL, NULL, 0, 0, 0, 3480.00, 3480.00, 1, 'price_service', 'price_service', 1, 1, NULL),
	(401, 101, 31, '7913826c-039c-4700-ae02-e8af7a84b680', 1, '10.00 x 4.00', 'Alquiler publicitario, ubicado  en la ciudad de La Paz : Aeropuerto el alto', NULL, NULL, NULL, 0, 0, 0, 3480.00, 3480.00, 1, 'price_service', 'price_service', 1, 1, NULL),
	(402, 101, 31, '73b0f732-99cf-4d2a-948c-74f63b68819a', 1, '10.00 x 4.00', 'Alquiler publicitario, ubicado  en la ciudad de La Paz : Av. Eloy Salmon', NULL, NULL, NULL, 0, 0, 0, 3480.00, 3480.00, 1, 'price_service', 'price_service', 1, 1, NULL),
	(403, 101, 31, 'cbb47042-8090-44bc-8090-95e8caa94496', 1, '10.00 x 4.00', 'Alquiler publicitario, ubicado  en la ciudad de La Paz : Av.Satelite', NULL, NULL, NULL, 0, 0, 0, 3480.00, 3480.00, 1, 'price_service', 'price_service', 1, 1, NULL),
	(404, 100, 31, '0a4b68c7-9a91-44a0-b28b-607bcfc381c7', 1, '10.00 x 4.00', 'Alquiler publicitario, ubicado  en la ciudad de Santa Cruz : av. el Trompillo cara A', NULL, NULL, NULL, 0, 0, 0, 4205.00, 4205.00, 1, 'price_service', 'price_service', 1, 1, NULL),
	(405, 100, 31, '98100504-0a9e-490a-b05a-abe0df5a3cf3', 1, '10.00 x 4.00', 'Alquiler publicitario, ubicado  en la ciudad de Santa Cruz : av. el Trompillo cara B', NULL, NULL, NULL, 0, 0, 0, 4205.00, 4205.00, 1, 'price_service', 'price_service', 1, 1, NULL),
	(406, 100, 31, '567887a3-cc12-4cbc-8658-a0982ea00ba6', 1, '10.00 x 4.00', 'Alquiler publicitario, ubicado  en la ciudad de Santa Cruz : av. San Martin 3er anillo', NULL, NULL, NULL, 0, 0, 0, 4205.00, 4205.00, 1, 'price_service', 'price_service', 1, 1, NULL),
	(407, 100, 31, '0f54843d-41fe-44f9-911f-49bba76d303a', 1, '10.00 x 4.00', 'Alquiler publicitario, ubicado  en la ciudad de Santa Cruz : av. Cristo Redentor', NULL, NULL, NULL, 0, 0, 0, 4205.00, 4205.00, 1, 'price_service', 'price_service', 1, 1, NULL),
	(408, 100, 31, '09867d05-a711-46bf-a154-f22c17c3c49f', 1, '10.00 x 4.00', 'Alquiler publicitario, ubicado  en la ciudad de Santa Cruz : av. Viru Viru cara A', NULL, NULL, NULL, 0, 0, 0, 4205.00, 4205.00, 1, 'price_service', 'price_service', 1, 1, NULL),
	(409, 100, 31, 'aabfecff-d9c8-4aad-8f5e-0b29db3e1ffe', 1, '10.00 x 4.00', 'Alquiler publicitario, ubicado  en la ciudad de Santa Cruz : av. Viru Viru cara B', NULL, NULL, NULL, 0, 0, 0, 4205.00, 4205.00, 1, 'price_service', 'price_service', 1, 1, NULL),
	(410, 100, 31, 'adbac23a-e3c8-4d54-a2a2-9167236cc535', 1, '10.00 x 4.00', 'Alquiler publicitario, ubicado  en la ciudad de Santa Cruz : 4to anillo  y radial 26', NULL, NULL, NULL, 0, 0, 0, 4205.00, 4205.00, 1, 'price_service', 'price_service', 1, 1, NULL),
	(411, 100, 31, 'a24f54df-22bd-47ea-91b8-ede682c5f7db', 1, '10.00 x 4.00', 'Alquiler publicitario, ubicado  en la ciudad de Santa Cruz : 2 do anillo y Paragua', NULL, NULL, NULL, 0, 0, 0, 4205.00, 4205.00, 1, 'price_service', 'price_service', 1, 1, NULL),
	(416, 102, 18, '5e015c35-8bf1-43f0-904d-fe00edfca15c', 1, '17.00 x 1.30', 'Fabricación de Letrero Back Ligh con luces led y temporizador Lona de 21 onz de espesor con protección UV antihongos,  de alta Tenasidad.  Impresión a 1440 DPIs Full Color. Instalación completa con conexión eléctrica', NULL, NULL, NULL, 0, 0, 0, 1157.67, 25584.51, 0, 'price_with_tax', 'price_with_tax', 0, 0, NULL),
	(417, 102, 31, 'b4a39cc2-fbec-4b4c-ae98-d8204a7a8382', 1, '5.00 x 1.00', 'Mantenimiento de Letrero Back Ligh con luces led y temporizador con impresión   Lona de 21 onz de espesor con protección UV antihongos, de alta Tenasidad.  Impresión a 1440 DPIs Full Color .  Instalación completa con conexión eléctrica.', NULL, NULL, NULL, 0, 0, 0, 2150.00, 2150.00, 0, 'price_service', 'price_service', 1, 1, NULL),
	(418, 103, 34, 'ceecaf80-35d5-4408-a0e7-d6a593c5ce9c', 500, '0.03 x 0.03', 'Adhesivo mate impreso a 1440 dpis, ploteado de corte en contorno.', NULL, NULL, NULL, 0, 0, 0, 0.45, 225.00, 1, 'price_service', 'normal_price', 1, 0, NULL),
	(419, 104, 31, '2d5abc13-c71e-4212-83db-3c3113961955', 1, '0.90 x 0.50', 'Mampara de bioseguridad en forma de U. Laterales de 30 cm. Material acrílico de 3 mm', NULL, NULL, NULL, 0, 0, 0, 580.00, 580.00, 0, 'price_service', 'price_service', 1, 1, NULL),
	(420, 105, 34, '85d948ec-6f7d-401a-9fd0-590471f8c546', 1, '1.50 x 0.10', 'Adhesivo Ploteado', NULL, NULL, NULL, 0, 0, 0, 69.15, 10.37, 0, 'price_without_tax', 'price_without_tax', 0, 0, NULL),
	(421, 106, 31, '9a6fabd1-f7a1-4e11-ba9d-51743b085d18', 100, '0.08 x 0.08', 'Llavero herramienta,  llavero multiuso, material, plastico , serigrafiado un color.Arte :Refrigeración Paniagua   77352187', NULL, NULL, NULL, 0, 0, 0, 7.20, 720.00, 1, 'price_service', 'price_service', 1, 1, NULL),
	(425, 108, 61, 'c439dd37-c97c-454e-aa17-0d070f4105b9', 1, '1.00 x 1.00', 'Plancha Galvanizada, estructura de tubo cuadrado, con adhesivo impreso, soporte de 2 metros de Alto, para enterrar 50 cm', NULL, NULL, NULL, 0, 0, 0, 402.82, 402.82, 0, 'price_with_tax', 'price_with_tax', 0, 0, NULL),
	(426, 109, 13, '7219554f-1eac-485a-ba17-8696afec0d2a', 1, '0.50 x 0.50', 'Foam de 3mm de espesor, Revestido de adhesivo impreso a 1440 dpis, con 3M para pegado en Vidrio', NULL, NULL, NULL, 0, 0, 0, 439.93, 109.98, 1, 'price_with_tax', 'price_with_tax', 0, 0, NULL),
	(428, 111, 2, '8659cc58-d116-40cd-b6ca-88ed8c998214', 1, '12.00 x 6.40', 'Material: Lona de 13 oz, con protección UV y antihongos. Calidad de Impresión: 1440 Dpi´s. Acabado: Impresión de lona con bolsillo para valla. Instalación: Plaza Triangular - Estadio Obrero Valla 1', NULL, NULL, NULL, 0, 0, 0, 40.00, 3072.00, 0, 'volume_price', 'volume_price', 0, 0, NULL),
	(429, 111, 2, 'f1de9600-79b1-4c12-a155-aeedf3189e3d', 1, '10.00 x 4.00', 'Material: Lona de 13 oz, con protección UV y antihongos. Calidad de Impresión: 1440 Dpi´s. Acabado: Impresión de lona con bolsillo para valla. Instalación: Av. Busch frente a la Estación del Teleférico Blanco.', NULL, NULL, NULL, 0, 0, 0, 40.00, 1600.00, 0, 'volume_price', 'volume_price', 0, 0, NULL),
	(430, 111, 2, '7b6ed587-7109-455e-9d0b-1fec65cf83fa', 1, '12.00 x 4.00', 'Material: Lona de 13 oz, con protección UV y antihongos. Calidad de Impresión: 1440 Dpi´s. Acabado: Impresión de lona con bolsillo para valla. Instalación: Av. Costanera parque las Cholas Cara B', NULL, NULL, NULL, 0, 0, 0, 40.00, 1920.00, 0, 'volume_price', 'volume_price', 0, 0, NULL),
	(431, 111, 2, 'b5d11955-e905-4d4c-a26d-5182083a75af', 1, '12.00 x 4.00', 'Material: Lona de 13 oz, con protección UV y antihongos. Calidad de Impresión: 1440 Dpi´s. Acabado: Impresión de lona con bolsillo para valla. Instalación: Av. Costanera parque las Cholas Cara A', NULL, NULL, NULL, 0, 0, 0, 40.00, 1920.00, 0, 'volume_price', 'volume_price', 0, 0, NULL),
	(432, 112, 2, 'f708c080-d274-4bb4-8478-43ba4b61476c', 1, '10.00 x 8.00', 'AV. COSTANERA SOBRE LA COOPERATIVA', NULL, NULL, NULL, 0, 0, 0, 40.00, 3200.00, 0, 'volume_price', 'volume_price', 0, 0, NULL),
	(433, 112, 2, 'ea7e1c36-6b08-4178-a988-19f2b8465b89', 1, '10.00 x 4.00', 'IRPAVI FRENTE AL FERRIFICO  VERDE CARA "A"', NULL, NULL, NULL, 0, 0, 0, 40.00, 1600.00, 0, 'volume_price', 'volume_price', 0, 0, NULL),
	(434, 112, 2, '8aca6883-8a9a-488e-87a6-e4ab4fe9fe1e', 1, '10.00 x 4.00', 'EL ALTO : AV. JUAN PABLO  II CARA "A"', NULL, NULL, NULL, 0, 0, 0, 40.00, 1600.00, 0, 'volume_price', 'volume_price', 0, 0, NULL),
	(435, 112, 2, '5433230a-b4c6-4e0f-b18a-eb0c7c70af9a', 1, '10.00 x 4.00', 'EL ALTO: AV.  6 DE MARZO  CARA "A"', NULL, NULL, NULL, 0, 0, 0, 40.00, 1600.00, 0, 'volume_price', 'volume_price', 0, 0, NULL),
	(436, 112, 2, '774ad2b4-ce7b-401f-bbff-2a675775e013', 1, '10.00 x 4.00', 'EL ALTO : RIO SECO  CARA "B"', NULL, NULL, NULL, 0, 0, 0, 40.00, 1600.00, 0, 'volume_price', 'volume_price', 0, 0, NULL),
	(438, 113, 24, 'e5bcda12-954d-4000-b0a4-d91ad89fd450', 4, '0.40 x 0.60', 'Caracteristica: cartel de velocidad, solo plancha galvanizada, revestido en adhesivo reflectivo, solo corresponde entrega(sin instalado).', NULL, NULL, NULL, 0, 0, 0, 155.00, 620.00, 0, 'price_service', 'price_with_tax', 1, 0, NULL),
	(439, 114, 1, '4700b542-c6f0-4a10-9c43-a8bb75fb8ade', 1, '2.00 x 1.00', 'Caracteristica: Impresión de lona para roller', NULL, NULL, NULL, 0, 0, 0, 120.00, 120.00, 1, 'price_service', 'price_with_tax', 1, 0, NULL),
	(440, 115, 5, 'f30357c6-81f9-4c0f-92db-f10559d7b98f', 1, '2.00 x 0.30', 'Caracteristica: impresion de adhesivo', NULL, NULL, NULL, 0, 0, 0, 140.00, 140.00, 1, 'price_service', 'price_with_tax', 1, 0, NULL),
	(441, 116, 2, '5de9f2f0-108a-44f0-be3f-963b2fd40e43', 1, '4.00 x 1.00', 'Caracteristica:impresión mas cambio de lona de letrero', NULL, NULL, NULL, 0, 0, 0, 360.00, 360.00, 1, 'price_service', 'price_with_tax', 1, 0, NULL),
	(442, 116, 19, '2e61ef13-8ecb-4aee-8468-5a9593cf4a0a', 1, '2.00 x 1.00', 'Caracteristica: Elaboración de letero bastidor instalado en bimodal', NULL, NULL, NULL, 0, 0, 0, 490.00, 490.00, 1, 'price_service', 'price_with_tax', 1, 0, NULL),
	(443, 117, 5, 'b7f37e12-7c39-4023-816b-c4eb9bacd3d2', 1, '1.50 x 0.50', 'IMPRESIÓN DE ADHESIVO', NULL, NULL, NULL, 0, 0, 0, 142.50, 142.50, 1, 'price_service', 'price_with_tax', 1, 0, NULL),
	(444, 118, 31, 'cf360e73-c09c-41c1-9be2-6cbe8fc081b5', 1, '0.16 x 0.21', 'Caracteristica: flayers/volantes  material 115 gr', NULL, NULL, NULL, 0, 0, 0, 1050.00, 1050.00, 1, 'price_service', 'price_service', 1, 1, NULL),
	(445, 119, 31, '5c6764a9-1aac-4e80-a694-2e0656dbc9c2', 2, '0.40 x 0.60', 'Señaletica Vial :Tubo galvanizado de  1 pulg. con plancha galvanizada de 60 x 40 cm. revestido  de adhesivo reflectivo, a una altura de 2.50 mts.   dos caras', NULL, NULL, NULL, 0, 0, 0, 545.90, 1091.80, 1, 'price_service', 'price_service', 1, 1, NULL),
	(447, 120, 31, '5b7efec0-9503-452c-870d-d62925ec35ba', 1, '1.50 x 0.80', 'Mampara  de Bioseguridad: separador de acrilico de 3 mm  en forma de "U" laterales de 70 cm  con instalación con perfil de aluminio para una mejor firmeza.', NULL, NULL, NULL, 0, 0, 0, 1508.00, 1508.00, 0, 'price_service', 'price_service', 1, 1, NULL),
	(454, 110, 31, 'c5c99107-4790-44d9-8e44-92885ecd3458', 150, '0.21 x 0.15', 'Material: Triplex  tarjetas dobles diseños 25 diferentes. Se tiene que adaptar según requerimiento cliente', NULL, NULL, NULL, 0, 0, 0, 14.80, 2220.00, 0, 'price_service', 'price_service', 1, 1, NULL),
	(458, 122, 31, '292a1f70-774e-4aba-ae6f-f49565fab406', 1, '2.20 x 0.60', 'Mampara de bioseguridad: acrilico de 3 mm de espesor  más instalación según modelo  de mueble.', NULL, NULL, NULL, 0, 0, 0, 924.00, 924.00, 0, 'price_service', 'price_service', 1, 1, NULL),
	(459, 122, 31, '1f237d9c-8f14-4e94-a8b8-11d66b5164cf', 1, '5.62 x 0.60', 'Mampara de bioseguridad: acrilico de 3 mm de espesor  más instalación según modelo  de mueble.', NULL, NULL, NULL, 0, 0, 0, 2360.40, 2360.40, 0, 'price_service', 'price_service', 1, 1, NULL),
	(460, 122, 31, '797f3787-7952-4232-822e-00451d01613b', 1, '2.04 x 0.60', 'Mampara de bioseguridad: acrilico de 3 mm de espesor  más instalación según modelo  de mueble.', NULL, NULL, NULL, 0, 0, 0, 856.80, 856.80, 0, 'price_service', 'price_service', 1, 1, NULL),
	(461, 123, 31, 'ecd3e79a-bdd9-4926-8ede-a68f6d009c52', 1, '10.00 x 6.00', 'Adhesivo de Alto Tráfico: Impresión de adhesivo para piso a  full color. Con protección Uv  y tratamiento antihongos.', NULL, NULL, NULL, 0, 0, 0, 18000.00, 18000.00, 0, 'price_service', 'price_service', 1, 1, NULL),
	(462, 121, 13, '2cedecea-2989-4cdf-ad47-afcdc20f87c3', 1, '0.80 x 0.50', 'Opción 1:Cuadro de foam   de  3 mm revestido de adhesivo impreso a  ful color', NULL, NULL, NULL, 0, 0, 0, 200.00, 200.00, 1, 'price_service', 'normal_price', 1, 0, NULL),
	(463, 124, 2, '2b1b2b94-421d-452e-a59a-6603c7c7d827', 1, '1.10 x 1.00', 'Estructura de frente', NULL, NULL, NULL, 0, 0, 0, 55.00, 60.50, 1, 'price_with_tax', 'price_with_tax', 0, 0, NULL),
	(464, 124, 2, '797f68b3-15d2-45f0-af8c-0335fdaee4b7', 1, '1.10 x 2.20', 'Estructura superior', NULL, NULL, NULL, 0, 0, 0, 55.00, 133.10, 1, 'price_with_tax', 'price_with_tax', 0, 0, NULL),
	(465, 124, 2, 'b08d6f22-0956-4a36-9b9c-52ed0bcbf88e', 2, '2.80 x 0.35', 'Estructura laterales inferior', NULL, NULL, NULL, 0, 0, 0, 55.00, 107.80, 1, 'price_with_tax', 'price_with_tax', 0, 0, NULL),
	(466, 124, 2, '7df655ce-23f1-41d2-9513-9c055a77171b', 2, '2.80 x 2.20', 'Estructura laterales superior', NULL, NULL, NULL, 0, 0, 0, 55.00, 677.60, 1, 'price_with_tax', 'price_with_tax', 0, 0, NULL),
	(467, 125, 2, 'c2f47083-c218-4944-b506-f5d8cd49b0b9', 1, '7.50 x 3.00', 'Impresión más instalación en valla arco Isabel la catolica', NULL, NULL, NULL, 0, 0, 0, 50.00, 1125.00, 1, 'price_with_tax', 'price_with_tax', 0, 0, NULL),
	(468, 126, 2, '834589c1-9c31-4551-9b8d-c42ff592215d', 1, '7.00 x 5.00', 'Impresión de lona mas la instalación en valla  la ramada', NULL, NULL, NULL, 0, 0, 0, 50.00, 1750.00, 1, 'normal_price', 'normal_price', 0, 0, NULL),
	(469, 127, 5, '708ca8fa-e9a0-46c4-9b6e-2b2be87b9897', 1, '5.40 x 1.50', 'Característica: impresión de adhesivo  a full color, instalado tipo parche', NULL, NULL, NULL, 0, 0, 0, 95.00, 769.50, 0, 'normal_price', 'normal_price', 0, 0, NULL),
	(471, 128, 63, '881901b5-3469-49a3-be7d-fb8412eec371', 1, '0.40 x 0.30', 'Características: corte de acrilico de 3 mm.', NULL, NULL, NULL, 0, 0, 0, 80.00, 80.00, 0, 'price_service', 'normal_price', 1, 0, NULL),
	(488, 131, 31, 'f3f069a7-79bc-4e45-915c-7ac6bc9b45da', 1, '1.00 x 1.00', 'Característica:  Edición de Logotipo, varios  formatos de logotipo para uso en redes y otros.', NULL, NULL, NULL, 0, 0, 0, 200.00, 200.00, 1, 'price_service', 'price_service', 1, 1, NULL),
	(489, 132, 31, '13183153-eec7-4ab7-b0e2-b40a0ec2173d', 2, '1.00 x 1.00', 'Alquiler Publicitario en Santa Cruz Ubicación: Av Cristo Redentor Casi 2do Anillo Cara A( cod 41 scz)   por dos (2) meses', NULL, NULL, NULL, 0, 0, 0, 4950.00, 9900.00, 1, 'price_service', 'price_service', 1, 1, NULL),
	(490, 132, 31, '4d961056-24f3-482e-a5fb-8d23a6b65aa0', 1, '10.00 x 4.00', 'Impresión de lona de 13 OZ, a 720 de resolución  protección Uv y tratamiento antihongos.', NULL, NULL, NULL, 0, 0, 0, 1620.00, 1620.00, 1, 'price_service', 'price_service', 1, 1, NULL),
	(491, 133, 31, '9a9342d4-db82-4030-a107-ba62e9d596af', 2, '1.00 x 1.00', 'Alquiler Publicitario en Santa Cruz:: 4to anillo canal isuto cara A cod. 85 scz por dos(2) meses.', NULL, NULL, NULL, 0, 0, 0, 4000.00, 8000.00, 1, 'price_service', 'price_service', 1, 1, NULL),
	(492, 133, 31, 'ac986672-b608-4316-9f29-c0d5d64150ff', 1, '10.00 x 4.00', 'Impresión de lona de 13 OZ, a 720 de resolución protección Uv y tratamiento antihongos', NULL, NULL, NULL, 0, 0, 0, 1620.00, 1620.00, 1, 'price_service', 'price_service', 1, 1, NULL),
	(493, 134, 2, 'cd7ad190-3c5c-4352-819d-1e679693d910', 3, '2.10 x 1.22', 'Impresión de lona full color a 1440 depi´s de resolución con protección Uv  y tratamiento antihongos.', NULL, NULL, NULL, 0, 0, 0, 58.00, 445.44, 0, 'normal_price', 'normal_price', 0, 0, NULL),
	(494, 134, 2, 'cee88897-9830-48b5-952a-913b5c99acc0', 5, '1.60 x 0.90', 'Impresión de lona full color a 1440 depi´s de resolución con protección Uv  y tratamiento antihongos.', NULL, NULL, NULL, 0, 0, 0, 58.00, 417.60, 0, 'normal_price', 'normal_price', 0, 0, NULL),
	(495, 134, 2, 'fadcbf00-8093-4f97-9869-f2de8c177bfa', 5, '0.50 x 1.70', 'Impresión de lona full color a 1440 depi´s de resolución con protección Uv  y tratamiento antihongos.', NULL, NULL, NULL, 0, 0, 0, 58.00, 246.50, 0, 'normal_price', 'normal_price', 0, 0, NULL),
	(496, 135, 1, '8ff18fe0-7673-4517-a187-97a231875b93', 2, '0.50 x 0.80', 'Impresión de lona   tipo banner  acabado con tubo ambos lado y pita para colgar', NULL, NULL, NULL, 0, 0, 0, 70.00, 140.00, 1, 'price_service', 'normal_price', 1, 0, NULL),
	(497, 136, 1, '0bb48fee-6e22-4c2a-8457-22c0d9d4630b', 1, '3.00 x 2.00', 'Lona impresa full color', NULL, NULL, NULL, 0, 0, 0, 38.17, 229.02, 0, 'price_without_tax', 'price_without_tax', 0, 0, NULL),
	(498, 136, 4, '666db0ba-67f8-45be-9d1b-a05f5931377a', 1, '1.50 x 0.50', 'Adhesivo de 12x15 cm', NULL, NULL, NULL, 0, 0, 0, 63.60, 47.70, 0, 'price_without_tax', 'price_without_tax', 0, 0, NULL),
	(499, 136, 1, '79e5ab6c-4a5a-4da8-a08a-3ce119271c42', 1, '0.80 x 2.00', 'Lona para roller', NULL, NULL, NULL, 0, 0, 0, 38.17, 61.07, 0, 'price_without_tax', 'price_without_tax', 0, 0, NULL),
	(500, 137, 31, '6bb211ab-7a7d-4fa9-a066-210fd388ce73', 1, '1.00 x 1.00', 'Alquiler publicitario en la ciudad de Santa Cruz', NULL, NULL, NULL, 0, 0, 0, 33640.00, 33640.00, 1, 'price_service', 'price_service', 1, 1, NULL),
	(501, 138, 31, '623677d1-11a9-48d1-8c2d-752e5224a6dd', 1, '1.00 x 1.00', 'Alquiler publicitario en la CIudad De  La Paz', NULL, NULL, NULL, 0, 0, 0, 20880.00, 20880.00, 1, 'price_service', 'price_service', 1, 1, NULL),
	(502, 139, 31, 'abef368e-e299-47d9-b17f-7d4b0307d25b', 1, '1.00 x 1.00', 'Alquiler publicitario en la ciudad de Cochabamba', NULL, NULL, NULL, 0, 0, 0, 13920.00, 13920.00, 1, 'price_service', 'price_service', 1, 1, NULL),
	(507, 141, 31, 'df1fd21c-654a-4ed0-8875-ae42871fb589', 1, '1.00 x 1.00', 'Santa CruAlquiler Publicitario: Av. Cristo Redentor, entre 5to y 6to anillo cara "A" y "B".', NULL, NULL, NULL, 0, 0, 0, 8120.00, 8120.00, 1, 'price_service', 'price_service', 1, 1, NULL),
	(508, 140, 2, '348bd883-44bf-40fa-988c-89545fa91c57', 2, '10.00 x 4.00', 'Impresión de lona  con protección Uv y tratamiento antihongod  para valla', NULL, NULL, NULL, 0, 0, 0, 40.76, 3260.80, 1, 'price_without_tax', 'price_without_tax', 0, 0, NULL),
	(509, 140, 2, '6c671be2-7238-40b4-bc00-6b21b58ba88a', 1, '8.00 x 4.00', 'Impresión de lona  con protección Uv y tratamiento antihongod  para valla', NULL, NULL, NULL, 0, 0, 0, 40.76, 1304.32, 1, 'price_without_tax', 'price_without_tax', 0, 0, NULL),
	(516, 142, 9, 'e85f088d-ed5e-41c2-999f-75fa37da4d45', 1, '0.83 x 1.50', '1 Capo                                                                                     Material: Adhesivo Kohala para rotulado de autos, con protección UV y anti hongos Impresión 1440 DPIS', NULL, NULL, NULL, 0, 0, 0, 195.00, 195.00, 0, 'price_service', 'normal_price', 1, 0, NULL),
	(517, 142, 9, '6a12869b-062b-4a76-abe0-672383a94c10', 1, '0.52 x 1.50', '2 Puertas                                                                                  Material: Adhesivo Kohala para rotulado de autos, con protección UV y anti hongos Impresión 1440 DPIS', NULL, NULL, NULL, 0, 0, 0, 130.00, 130.00, 0, 'price_service', 'normal_price', 1, 0, NULL),
	(518, 143, 2, 'aaddaa45-9c45-4fc5-ac30-ce78c5615a95', 1, '5.00 x 3.00', 'Impresión de lona instalada en valla Isabel la catolica zona la ramada', NULL, NULL, NULL, 0, 0, 0, 58.00, 870.00, 0, 'normal_price', 'normal_price', 0, 0, NULL),
	(519, 143, 2, 'c95d3b1a-6596-4b54-8780-658dbbdf06c0', 2, '8.00 x 4.00', 'Impresión de lona  con instalación en valla  agencia norte.', NULL, NULL, NULL, 0, 0, 0, 58.00, 3712.00, 0, 'normal_price', 'normal_price', 0, 0, NULL),
	(540, 144, 6, 'a9a24c5c-2982-4cbb-a9b3-cdb2e8700141', 2, '1.50 x 2.34', 'Puerta de Blindex al Patio                                                 Material Microperforado Impreso a 1440 Dpis.', NULL, NULL, NULL, 0, 0, 0, 252.76, 505.52, 1, 'price_service', 'price_with_tax', 1, 0, NULL),
	(541, 144, 64, '529fe2f3-9dbe-4347-b196-4e912e0bb570', 2, '1.50 x 1.06', 'Ventana Sala de Reuniones                                       Material Esmerilado Impreso a 1440 Dpis', NULL, NULL, NULL, 0, 0, 0, 102.44, 204.88, 1, 'price_service', 'price_with_tax', 1, 0, NULL),
	(542, 144, 64, '53e932fa-fd44-4287-ab38-a02f53320605', 2, '1.50 x 2.05', 'Blindex de Contabilidad                                            Material Adhesivo EsmeriladoImpreso a 1440 Dpis', NULL, NULL, NULL, 0, 0, 0, 197.80, 395.60, 1, 'price_service', 'price_with_tax', 1, 0, NULL),
	(543, 144, 13, '4051bb23-2817-4080-bbc4-606d79db97e3', 1, '0.80 x 0.75', 'Señalética de Bio seguridad                                      Material Foam de 3mm revestido de Adhesivo mate Impreso a 1440 Dpis', NULL, NULL, NULL, 0, 0, 0, 263.00, 263.00, 1, 'price_service', 'price_with_tax', 1, 0, NULL),
	(544, 144, 13, 'a0ead3e0-4114-41e0-b9d2-089cb31c158b', 4, '0.30 x 0.20', 'Señalética de Oficina                                                 Material Foam de 3mm revestido de Adhesivo mate Impreso a 1440 Dpis', NULL, NULL, NULL, 0, 0, 0, 30.00, 120.00, 1, 'price_service', 'price_with_tax', 1, 0, NULL),
	(545, 129, 6, '6356a780-818c-4563-bccf-01880d56dce0', 1, '2.66 x 2.30', 'Adhesivo microperforado, impreso full color;   hipermaxi 3er anillo banzer blindex exterior', NULL, NULL, NULL, 0, 0, 0, 85.00, 520.20, 0, 'volume_price', 'volume_price', 0, 0, NULL),
	(546, 129, 6, '8ad06df7-3878-41c9-b858-13d9bb42f921', 1, '3.27 x 2.40', 'Adhesivo microperforado, impreso full color;   hipermaxi 4to anillo equipetrol blindex .', NULL, NULL, NULL, 0, 0, 0, 85.00, 667.25, 0, 'volume_price', 'volume_price', 0, 0, NULL),
	(547, 129, 6, '0b02dd25-ce5b-4ccb-918b-279dd21b0ac1', 1, '3.20 x 2.60', 'Adhesivo microperforado, impreso full color;   hipermaxi  villa primero de mayoblindex .', NULL, NULL, NULL, 0, 0, 0, 85.00, 707.20, 0, 'volume_price', 'volume_price', 0, 0, NULL),
	(548, 129, 6, 'e4e2df08-ac2e-488a-aa70-ab16be4d03b8', 1, '3.90 x 2.75', 'Adhesivo microperforado, impreso full color;   hipermaxi 6to anillo banzer', NULL, NULL, NULL, 0, 0, 0, 85.00, 911.20, 0, 'price_without_tax', 'price_without_tax', 0, 0, NULL),
	(549, 129, 6, 'e7c1aeae-c3d6-47dc-a013-ab023849d107', 1, '4.12 x 2.75', 'Adhesivo microperforado, impreso full color;   hipermaxi  Banzer blindex exte', NULL, NULL, NULL, 0, 0, 0, 85.00, 963.05, 0, 'price_without_tax', 'price_without_tax', 0, 0, NULL),
	(550, 129, 6, 'e63a8567-ee59-4e30-a5c3-a3cb2e687bcc', 1, '4.80 x 2.30', 'Adhesivo microperforado, impreso full color;   hipermaxi las palmas', NULL, NULL, NULL, 0, 0, 0, 85.00, 938.40, 0, 'price_without_tax', 'price_without_tax', 0, 0, NULL),
	(551, 129, 6, '3807c337-8bdc-426d-927e-f2d96ffdc631', 1, '2.44 x 2.12', 'Adhesivo microperforado, impreso full color;   hipermaxi las santos dumont', NULL, NULL, NULL, 0, 0, 0, 85.00, 439.45, 0, 'price_with_tax', 'price_with_tax', 0, 0, NULL),
	(552, 129, 6, '80054885-cb50-47d0-b8f8-c6b441ac0a24', 1, '3.74 x 2.82', 'Adhesivo microperforado, impreso full color;   hipermaxi las santos dumont', NULL, NULL, NULL, 0, 0, 0, 85.00, 896.75, 0, 'price_with_tax', 'price_with_tax', 0, 0, NULL),
	(557, 145, 1, 'faf39b9e-c520-42a6-a91b-2367c27307ee', 1, '0.70 x 0.70', 'impresión de lona: acabado tipo banner, con ojales en las esquinas', NULL, NULL, NULL, 0, 0, 0, 50.00, 50.00, 1, 'price_service', 'normal_price', 1, 0, NULL),
	(561, 146, 44, '59a240e0-af04-4465-a0a1-73b3d3b484b4', 9, '0.80 x 0.60', 'Mamparas de Bio seguridad  en acrílico transparente de 3 mm.  (fija en escritorios)', NULL, NULL, NULL, 0, 0, 0, 500.00, 2160.00, 1, 'normal_price', 'normal_price', 0, 0, NULL),
	(562, 146, 44, 'bac55efc-dcc6-457f-9dda-0a492c2f51df', 1, '1.00 x 0.60', 'Mampara de bioseguridad en acrílico transparente de 3 mm. (fija en escritorio)', NULL, NULL, NULL, 0, 0, 0, 567.00, 340.20, 1, 'normal_price', 'normal_price', 0, 0, NULL),
	(567, 130, 2, '86a3e04b-8a95-44ed-9db0-60904b8318f8', 3, '10.00 x 4.00', 'Impresión de lona 13 Oz con protección UV y Antihongos+ Instalación en la ciudad de Santa Cruz', NULL, NULL, NULL, 0, 0, 0, 1620.00, 4860.00, 1, 'price_service', 'normal_price', 1, 0, NULL),
	(568, 130, 2, '3a6abc2d-62db-4f01-b383-4b3df7ed549c', 1, '5.00 x 2.80', NULL, NULL, NULL, NULL, 0, 0, 0, 567.00, 567.00, 1, 'price_service', 'price_without_tax', 1, 0, NULL),
	(569, 107, 35, 'aac1cf21-3505-4801-b71b-590cbb809e06', 5, '0.50 x 0.25', 'Señalética Doble: Tubo Galvanizado de 1 pulgada, con Alocubond  de 0.50x0.25 metros, revestido con Adhesivo reflectivo', NULL, NULL, NULL, 0, 0, 0, 450.00, 2250.00, 0, 'price_service', 'price_with_tax', 1, 0, NULL),
	(570, 107, 35, '642908d7-0a76-4f2e-a3ed-876de4fbbda2', 12, '0.50 x 0.25', 'Señalética Simple: Tubo Galvanizado de 1 pulgada, con Alocubond  de 0.50x0.25 metros, revestido con Adhesivo reflectivo', NULL, NULL, NULL, 0, 0, 0, 430.00, 5160.00, 0, 'price_service', 'normal_price', 1, 0, NULL),
	(571, 107, 65, '440e2b1e-e550-41ba-8133-e668f1d499d9', 5, '0.50 x 0.25', 'Señalética Doble:  Tubo Galvanizado de 1 pulgada, pintado, empernado sobre Orcon, con Alocubond  de 0.50x0.25 metros, revestido con Adhesivo reflectivo', NULL, NULL, NULL, 0, 0, 0, 310.00, 1550.00, 0, 'price_service', 'normal_price', 1, 0, NULL),
	(572, 107, 65, '00cb68a1-7a8b-420c-a333-da0658b8f643', 12, '0.50 x 0.25', 'Señalética Simple:  Tubo Galvanizado de 1 pulgada, pintado, empernado sobre Orcon, con Alocubond  de 0.50x0.25 metros, revestido con Adhesivo reflectivo', NULL, NULL, NULL, 0, 0, 0, 280.00, 3360.00, 0, 'price_service', 'normal_price', 1, 0, NULL),
	(573, 147, 1, 'd6739b7c-0d25-4e93-932f-a51026f692da', 1, '0.00 x 0.00', NULL, 'Acrílico de 5mm, perfil de aluminio champagne, bisagras, tornillos, ramplus, doble contacto, silicona, tek bond.', NULL, NULL, 0, 0, 0, 55.00, 55.00, 0, 'price_service', 'normal_price', 1, 0, NULL),
	(574, 148, 1, 'e147632b-edbb-430b-bad8-0ac84d14457d', 1, '0.00 x 0.00', 'asasdasd', '1Acrílico de 5mm, perfil de aluminio champagne, bisagras, tornillos, ramplus, doble contacto, silicona, tek bond.', '2720 dpi', NULL, 0, 0, 0, 55.00, 55.00, 0, 'price_service', 'normal_price', 1, 0, NULL),
	(575, 149, 1, 'e147632b-edbb-430b-bad8-0ac84d14457d', 1, '0.00 x 0.00', 'asasdasd', '1-Acrílico de 5mm, perfil de aluminio champagne, bisagras, tornillos, ramplus, doble contacto, silicona, tek bond.', '2-720 dpi', '3-Cortado de acrílico e instalado en pared como fotomontaje con bisagras para poder mover el panel y un triángulo de soporte, en ambos cuartos de muestras.', 0, 0, 0, 55.00, 55.00, 0, 'price_service', 'normal_price', 1, 0, NULL),
	(576, 150, 1, 'e147632b-edbb-430b-bad8-0ac84d14457d', 1, '0.00 x 0.00', 'asasdasd', '1-Acrílico de 5mm, perfil de aluminio champagne, bisagras, tornillos, ramplus, doble contacto, silicona, tek bond.', NULL, '3-Cortado de acrílico e instalado en pared como fotomontaje con bisagras para poder mover el panel y un triángulo de soporte, en ambos cuartos de muestras.', 0, 0, 0, 55.00, 55.00, 0, 'price_service', 'normal_price', 1, 0, NULL),
	(577, 151, 1, 'e147632b-edbb-430b-bad8-0ac84d14457d', 1, '0.00 x 0.00', 'asasdasd', NULL, NULL, NULL, 0, 0, 0, 55.00, 55.00, 0, 'price_service', 'normal_price', 1, 0, NULL),
	(578, 152, 1, 'e147632b-edbb-430b-bad8-0ac84d14457d', 1, '0.00 x 0.00', 'asasdasd', '1-Acrílico de 5mm, perfil de aluminio champagne, bisagras, tornillos, ramplus, doble contacto, silicona, tek bond.', NULL, NULL, 1, 0, 0, 100.00, 100.00, 0, 'price_service', 'normal_price', 1, 0, NULL),
	(579, 153, 1, '39ae17d9-63c7-4182-aba8-3834d6b91d9d', 1, '10.00 x 4.00', 'nota descripcion del item', 'Acrílico de 5mm, perfil de aluminio champagne, bisagras, tornillos, ramplus, doble contacto, silicona, tek bond.', '720 dpi', 'Cortado de acrílico e instalado en pared como fotomontaje con bisagras para poder mover el panel y un triángulo de soporte, en ambos cuartos de muestras.', 1, 1, 1, 200.00, 8000.00, 0, 'normal_price', 'normal_price', 0, 0, NULL),
	(582, 154, 1, '8e566c3c-3968-4d6c-afea-efdfb23db8e9', 1, '10.00 x 4.00', 'nota descripcion del item 2', '3-Acrílico de 5mm, perfil de aluminio champagne, bisagras, tornillos, ramplus, doble contacto, silicona, tek bond.', '720 dpi', '4-Cortado de acrílico e instalado en pared como fotomontaje con bisagras para poder mover el panel y un triángulo de soporte, en ambos cuartos de muestras.', 1, 1, 1, 55.00, 2200.00, 0, 'normal_price', 'normal_price', 0, 0, NULL),
	(585, 155, 1, '47c3e35e-04d8-4d6e-9937-8269915b1e2d', 1, '12.00 x 5.00', 'test de descripcion', 'Acrílico de 5mm, perfil de aluminio champagne, bisagras, tornillos, ramplus, doble contacto, silicona, tek bond.', '720 dpi', 'Cortado de acrílico e instalado en pared como fotomontaje con bisagras para poder mover el panel y un triángulo de soporte, en ambos cuartos de muestras.', 1, 1, 1, 55.00, 3300.00, 0, 'normal_price', 'normal_price', 0, 0, NULL),
	(601, 156, 1, 'fc821d0d-aa1c-4884-b1b7-c57fe8199e8a', 1, '10.00 x 4.00', 'test de descripcion', 'Acrílico de 5mm, perfil de aluminio champagne, bisagras, tornillos, ramplus, doble contacto, silicona, tek bond.', NULL, 'Cortado de acrílico e instalado en pared como fotomontaje con bisagras para poder mover el panel y un triángulo de soporte, en ambos cuartos de muestras.', 1, 0, 1, 55.00, 2200.00, 1, 'normal_price', 'normal_price', 0, 0, NULL),
	(603, 157, 1, '7ad9d98a-7a5c-4101-82ad-67efc62227f3', 1, '10.00 x 4.00', NULL, 'Acrílico de 5mm, perfil de aluminio champagne, bisagras, tornillos, ramplus, doble contacto, silicona, tek bond.', NULL, 'Cortado de acrílico e instalado en pared como fotomontaje con bisagras para poder mover el panel y un triángulo de soporte, en ambos cuartos de muestras.', 1, 0, 1, 55.00, 2200.00, 0, 'normal_price', 'normal_price', 0, 0, NULL),
	(604, 158, 64, '964b180d-0d1e-4bec-b33e-afdaa84e8b7b', 1, '0.00 x 0.00', 'entregado en 2 dias', 'adhesivo, pegamento con tornillos', '720 dpi', 'con varillas y con color', 1, 1, 1, 95.00, 0.00, 0, 'normal_price', 'normal_price', 0, 0, NULL),
	(605, 159, 1, '902d5cb9-4903-46de-a8e3-71d651351d91', 1, '0.00 x 0.00', 'no quiero nada', NULL, NULL, NULL, 0, 0, 0, 55.00, 0.00, 0, 'normal_price', 'normal_price', 0, 0, NULL),
	(606, 160, 2, '3945659a-830a-4978-9d4f-fbfdc5601270', 1, '10.00 x 4.00', NULL, NULL, NULL, NULL, 0, 0, 0, 40.76, 1630.40, 1, 'price_without_tax', 'price_without_tax', 0, 0, NULL),
	(609, 161, 1, '3850c388-dc60-4da1-9e09-96c96c579b71', 2, '10.00 x 4.00', 'holas', NULL, NULL, NULL, 0, 0, 0, 55.00, 4400.00, 1, 'normal_price', 'normal_price', 0, 0, NULL),
	(610, 162, 1, 'df6f87f2-a66c-4067-8fb6-4e4bc444c6ba', 1, '10.00 x 4.00', NULL, NULL, NULL, NULL, 0, 0, 0, 55.00, 2200.00, 1, 'normal_price', 'normal_price', 0, 0, NULL),
	(611, 162, 7, '93c0074f-9e58-49a0-a81f-b6c68c0bf331', 1, '5.00 x 6.00', NULL, NULL, NULL, NULL, 0, 0, 0, 95.00, 2850.00, 1, 'normal_price', 'normal_price', 0, 0, NULL),
	(623, 164, 2, '066a6bc7-7f34-4e91-85f7-06b6c0c42001', 1, '10.00 x 4.00', NULL, NULL, NULL, NULL, 0, 0, 0, 58.00, 2320.00, 1, 'normal_price', 'normal_price', 0, 0, NULL),
	(625, 163, 7, 'c5b36196-8531-45b1-91ec-2671ac12b34b', 1, '10.00 x 5.00', NULL, NULL, NULL, NULL, 0, 0, 0, 95.00, 4750.00, 1, 'normal_price', 'normal_price', 0, 0, NULL);
/*!40000 ALTER TABLE `product_quotation` ENABLE KEYS */;

-- Volcando estructura para tabla imagen.profiles
CREATE TABLE IF NOT EXISTS `profiles` (
  `id` int(10) unsigned NOT NULL AUTO_INCREMENT,
  `description` varchar(60) NOT NULL,
  `created_at` timestamp NULL DEFAULT NULL,
  `updated_at` timestamp NULL DEFAULT NULL,
  `deleted_at` timestamp NULL DEFAULT NULL,
  PRIMARY KEY (`id`),
  FULLTEXT KEY `description` (`description`)
) ENGINE=InnoDB AUTO_INCREMENT=10 DEFAULT CHARSET=latin1;

-- Volcando datos para la tabla imagen.profiles: ~5 rows (aproximadamente)
/*!40000 ALTER TABLE `profiles` DISABLE KEYS */;
INSERT INTO `profiles` (`id`, `description`, `created_at`, `updated_at`, `deleted_at`) VALUES
	(1, 'Administrador', '2020-05-13 13:09:23', '2020-05-13 13:09:24', NULL),
	(6, 'Producción', '2020-06-12 07:47:42', '2020-07-02 10:25:45', NULL),
	(7, 'Ventas', '2020-07-07 13:07:43', '2020-07-07 13:07:43', NULL),
	(8, 'Diseño', '2020-10-02 09:12:11', '2020-10-02 09:12:11', NULL),
	(9, 'Contabilidad', '2020-11-27 09:27:30', '2020-11-27 09:27:30', NULL);
/*!40000 ALTER TABLE `profiles` ENABLE KEYS */;

-- Volcando estructura para tabla imagen.quotations
CREATE TABLE IF NOT EXISTS `quotations` (
  `id` int(10) unsigned NOT NULL AUTO_INCREMENT,
  `cite` varchar(255) COLLATE utf8mb4_unicode_ci NOT NULL,
  `attends` varchar(64) COLLATE utf8mb4_unicode_ci NOT NULL,
  `attends_phone` varchar(16) COLLATE utf8mb4_unicode_ci NOT NULL,
  `installment` varchar(64) COLLATE utf8mb4_unicode_ci DEFAULT NULL,
  `date` date NOT NULL,
  `amount` decimal(12,2) NOT NULL,
  `discount` decimal(10,2) DEFAULT NULL,
  `iva` int(10) unsigned DEFAULT NULL,
  `term` date DEFAULT NULL,
  `payment` varchar(64) COLLATE utf8mb4_unicode_ci DEFAULT NULL,
  `validity` varchar(32) COLLATE utf8mb4_unicode_ci DEFAULT NULL,
  `note` mediumtext COLLATE utf8mb4_unicode_ci,
  `cancelled` tinyint(1) NOT NULL DEFAULT '0',
  `condition` tinyint(4) NOT NULL DEFAULT '1',
  `state_id` int(10) unsigned NOT NULL DEFAULT '1',
  `customer_id` int(10) unsigned NOT NULL,
  `user_id` int(10) unsigned NOT NULL,
  `office_id` int(10) unsigned NOT NULL,
  `deleted_at` timestamp NULL DEFAULT NULL,
  `created_at` timestamp NULL DEFAULT NULL,
  `updated_at` timestamp NULL DEFAULT NULL,
  PRIMARY KEY (`id`),
  KEY `quotations_state_id_foreign` (`state_id`),
  KEY `quotations_customer_id_foreign` (`customer_id`),
  KEY `quotations_user_id_foreign` (`user_id`),
  KEY `date` (`date`),
  KEY `quotations_office_id_foreign` (`office_id`),
  FULLTEXT KEY `cite` (`cite`)
) ENGINE=InnoDB AUTO_INCREMENT=165 DEFAULT CHARSET=utf8mb4 COLLATE=utf8mb4_unicode_ci;

-- Volcando datos para la tabla imagen.quotations: ~152 rows (aproximadamente)
/*!40000 ALTER TABLE `quotations` DISABLE KEYS */;
INSERT INTO `quotations` (`id`, `cite`, `attends`, `attends_phone`, `installment`, `date`, `amount`, `discount`, `iva`, `term`, `payment`, `validity`, `note`, `cancelled`, `condition`, `state_id`, `customer_id`, `user_id`, `office_id`, `deleted_at`, `created_at`, `updated_at`) VALUES
	(1, 'SCZ-1-20', 'Maria Guzman', '75076273', 'Barrio Guaracachi', '2020-09-11', 180.00, 0.00, NULL, '2020-09-12', 'A contra entrega', '10 dias', 'Banner acabado con tubin', 0, 1, 3, 8, 2, 1, NULL, '2020-09-11 08:55:45', '2020-09-21 10:06:22'),
	(2, 'SCZ-2-20', 'carlos añez', '78988344', 'EN SANTA CRUZ', '2020-09-14', 180.00, 0.00, NULL, '0020-09-16', 'efectivo', NULL, 'acabado con tubin', 0, 1, 3, 8, 1, 1, NULL, '2020-09-14 15:24:40', '2020-09-21 10:20:13'),
	(3, 'SCZ-3-20', 'Gabriela Buheler', '78003331', 'santa cruz', '2020-09-14', 260.00, 0.00, NULL, '2020-09-16', 'A CONTRA ENTREGA', '5 DIAS', 'Se debe devolver  la estructura del roller', 0, 1, 3, 10, 1, 1, NULL, '2020-09-14 15:52:12', '2020-09-21 10:32:04'),
	(5, 'SCZ-4-20', 'WALTER PANIAGUA', '70857933', 'SANTA CRUZ', '2020-09-16', 149.45, 0.00, NULL, '2020-09-18', 'CONTRA ENTREGA', NULL, NULL, 0, 1, 3, 11, 2, 1, NULL, '2020-09-16 14:48:27', '2020-09-23 09:28:30'),
	(6, 'SCZ-5-20', 'LUCIA RECACOCHEA', '76086570', 'SANTA CRUZ', '2020-09-16', 300.00, 0.00, NULL, '2020-09-17', 'A CONVENIR EL CLIENTE', NULL, 'Para la instalación preguntar  al cliente', 0, 0, 3, 12, 2, 1, NULL, '2020-09-16 16:34:30', '2020-12-18 11:08:14'),
	(7, 'SCZ-6-20', 'MIKAELA CORDERO', '76722731', 'SANTA CRUZ', '2020-09-17', 133.40, 0.00, NULL, '2020-09-19', NULL, NULL, NULL, 0, 1, 3, 2, 2, 1, NULL, '2020-09-17 15:30:47', '2020-09-22 08:51:49'),
	(8, 'SCZ-7-20', 'Luis Aguilar', '78988344', 'Santa Cruz', '2020-09-18', 318.00, 0.00, NULL, '2020-09-19', NULL, NULL, NULL, 0, 1, 3, 13, 2, 1, NULL, '2020-09-18 11:18:15', '2020-09-21 10:55:40'),
	(9, 'SCZ-8-20', 'GIANINA  PACHECO', '77550924', 'MOLL LAS  BRISAS SANTA CRUZ', '2020-09-21', 318.00, 0.00, NULL, '2020-09-22', NULL, NULL, NULL, 0, 1, 3, 14, 2, 1, NULL, '2020-09-21 12:48:04', '2020-09-22 11:30:10'),
	(10, 'SCZ-9-20', 'GIANINA PACHECO', '77550924', 'MOLL LAS BRISAS', '2020-09-22', 280.60, 0.00, NULL, '2020-09-23', NULL, NULL, NULL, 0, 1, 3, 14, 2, 1, NULL, '2020-09-22 11:34:21', '2020-09-23 09:28:43'),
	(11, 'SCZ-10-20', 'Pablo Antezana', 'Pablo Antezana', 'SANTA CRUZ', '2020-09-22', 535.50, 0.00, NULL, '2020-09-28', 'A contra entrega', '10 dias habiles', 'El acabado debe ser  en forma de forro, de facil colocado', 0, 1, 3, 15, 2, 1, NULL, '2020-09-22 12:22:15', '2020-10-02 08:49:07'),
	(12, 'SCZ-11-20', 'EHIDY N. DE JUSTINIANO', '70810444', 'LA PAZ', '2020-09-23', 1791.20, 0.00, NULL, '2020-09-25', 'A convenir el cliente', '10 habiles', 'La instalación se realizara en la Paz', 0, 1, 3, 16, 2, 1, NULL, '2020-09-23 13:31:09', '2020-09-30 11:59:50'),
	(13, 'SCZ-12-20', 'MIKAELA CORDERO', '76722731', 'SANTA CRUZ', '2020-09-23', 392.56, 53.00, NULL, '2020-09-23', NULL, NULL, 'PRECIO NO INCLUYE FACTURA', 0, 1, 3, 2, 2, 1, NULL, '2020-09-23 14:36:53', '2020-09-28 09:48:21'),
	(14, 'SCZ-13-20', 'Yolanda', '76799869', 'Santa cruz / mercado ramada', '2020-09-25', 1305.00, 0.00, NULL, '2020-10-01', NULL, NULL, NULL, 0, 1, 3, 14, 2, 1, NULL, '2020-09-25 10:23:13', '2020-10-01 10:31:39'),
	(15, 'SCZ-14-20', 'EIDI JUSTINIANO', '70810444', 'LA PAZ', '2020-09-25', 2631.50, 0.00, NULL, '2020-09-28', NULL, NULL, NULL, 0, 1, 3, 16, 2, 1, NULL, '2020-09-25 14:19:25', '2020-09-30 12:07:42'),
	(16, 'SCZ-15-20', 'Maria Rene Sandoval', '75076273', 'ENTREGAR EN OFICINAS', '2020-09-25', 92.38, 2.38, NULL, '2020-09-29', 'A CONTRA ENTREGA', NULL, 'EL COSTO DE ADHESIVO ES SEGUN   PRECIO DE PROMOCIÓN STIKER DE 7X7 100 UNIDADES', 0, 1, 3, 17, 2, 1, NULL, '2020-09-25 14:27:44', '2020-09-29 09:34:21'),
	(17, 'SCZ-16-20', 'CARMEN RODRIGO', '77536945', 'SANTA CRUZ BOLIVIANA CIACRUZ', '2020-09-28', 1377.97, 0.47, NULL, '2020-09-29', NULL, NULL, 'Las instalaciones se debe realizar en las direcciones de la Boliviana Ciacruz  en la roca y coronado y canal isuto', 0, 1, 3, 14, 2, 1, NULL, '2020-09-28 10:07:29', '2020-09-30 10:41:07'),
	(18, 'SCZ-17-20', 'NELSON', '76019802', 'ENTREGA EN OFICINAS SCZ', '2020-09-29', 192.72, 0.00, NULL, '2020-06-29', NULL, NULL, NULL, 0, 1, 3, 18, 2, 1, NULL, '2020-09-29 14:14:06', '2020-09-30 09:38:42'),
	(19, 'SCZ-18-20', 'CARLOS', '78988344', 'ENTREGA EN SANTA CRUZ', '2020-09-29', 135.00, 0.00, NULL, '2020-09-30', NULL, NULL, NULL, 0, 1, 3, 19, 2, 1, NULL, '2020-09-29 14:20:36', '2020-12-09 11:05:54'),
	(20, 'SCZ-19-20', 'ALEJANDRA LANCHERO', '70111791', 'SANTA CRUZ', '2020-09-29', 979.00, 79.00, NULL, '2020-10-02', NULL, NULL, NULL, 0, 1, 3, 21, 2, 1, NULL, '2020-09-29 17:25:15', '2020-10-02 08:44:49'),
	(21, 'SCZ-20-20', 'Alicia', '78071144', 'BOSQUES DE LA COLINA', '2020-09-30', 873.60, 43.60, NULL, '2020-10-05', 'Transferencia', '15 días', NULL, 0, 1, 3, 22, 1, 1, NULL, '2020-09-30 12:11:26', '2020-10-22 12:02:39'),
	(22, 'SCZ-21-20', 'MANUEL', '70111791', 'Santa Cruz', '2020-09-30', 88.20, 0.00, NULL, '2020-09-30', NULL, NULL, NULL, 0, 1, 3, 21, 2, 1, NULL, '2020-09-30 16:02:07', '2020-10-02 08:45:27'),
	(23, 'SCZ-22-20', 'MIKAELA', '76722731', 'SANTA CRUZ', '2020-09-30', 250.16, 0.00, NULL, '2020-01-02', NULL, NULL, NULL, 0, 1, 3, 2, 2, 1, NULL, '2020-09-30 16:07:52', '2020-10-05 09:32:48'),
	(24, 'SCZ-23-20', 'Luis Aguilar', '70538733', 'Santa Cruz', '2020-09-30', 173.82, 0.00, NULL, '2020-10-02', NULL, NULL, NULL, 0, 1, 3, 13, 2, 1, NULL, '2020-09-30 16:12:44', '2020-10-05 09:44:29'),
	(25, 'SCZ-24-20', 'Alicia', '78071144', 'Bosques de la Colina', '2020-10-01', 1440.00, 200.00, NULL, '2020-10-09', 'Transferencia', '15 días', NULL, 0, 1, 3, 22, 1, 1, NULL, '2020-10-01 17:41:59', '2020-11-27 05:32:36'),
	(26, 'SCZ-25-20', 'luis fernando', 'luis fernando', 'santa cruz', '2020-10-02', 7200.00, 0.00, NULL, NULL, NULL, NULL, NULL, 0, 1, 1, 23, 2, 1, NULL, '2020-10-02 12:26:13', '2020-10-02 12:26:13'),
	(27, 'SCZ-26-20', 'luis fernando', 'luis fernando', 'Santa Cruz', '2020-10-02', 2700.00, 0.00, NULL, NULL, NULL, NULL, NULL, 0, 1, 1, 23, 2, 1, NULL, '2020-10-02 12:31:49', '2021-01-21 14:18:13'),
	(28, 'SCZ-27-20', 'SOFIA KOCZY', '...........', '......', '2020-10-05', 660.00, 0.00, NULL, '2020-10-16', NULL, NULL, NULL, 0, 1, 1, 24, 2, 1, NULL, '2020-10-05 12:22:35', '2020-10-08 16:36:16'),
	(29, 'SCZ-28-20', 'ASAI NORTE', '........', 'SANTA CRUZ', '2020-10-08', 10026.10, 0.00, NULL, '2020-10-10', NULL, NULL, NULL, 0, 1, 1, 25, 2, 1, NULL, '2020-10-08 11:21:34', '2020-10-08 11:49:12'),
	(30, 'SCZ-29-20', 'ASAI NORTE', '...........', 'SANTA CRUZ', '2020-10-08', 7382.41, 0.00, NULL, '2020-10-10', NULL, NULL, NULL, 0, 1, 1, 25, 2, 1, NULL, '2020-10-08 11:59:42', '2020-10-08 11:59:42'),
	(31, 'SCZ-30-20', 'IVAN ROBLES', '75390248', 'SANTA CRUZ', '2020-10-12', 228.00, 0.00, NULL, '2020-10-14', 'Contra entrega', NULL, NULL, 0, 1, 3, 26, 2, 1, NULL, '2020-10-12 13:52:07', '2020-10-14 10:55:45'),
	(32, 'SCZ-31-20', 'Alicia', '78071144', 'Santa Cruz', '2020-10-12', 3244.95, 744.95, NULL, NULL, NULL, NULL, NULL, 0, 1, 3, 22, 2, 1, NULL, '2020-10-12 17:48:56', '2020-11-27 07:03:44'),
	(33, 'SCZ-32-20', 'MANUEL', '70111791', 'SANTA CRUZ', '2020-10-13', 88.76, 0.00, NULL, '2020-10-14', NULL, NULL, NULL, 0, 1, 3, 21, 2, 1, NULL, '2020-10-13 09:41:50', '2020-11-27 05:24:31'),
	(34, 'SCZ-33-20', 'GABRIELA MONTAÑO', '33481007', 'SANTA CRUZ', '2020-10-13', 6998.92, 878.92, NULL, '2020-10-23', 'A convenir el cliente', NULL, NULL, 0, 1, 3, 28, 2, 1, NULL, '2020-10-13 10:56:26', '2020-11-04 15:39:19'),
	(35, 'SCZ-34-20', 'Manuel', '70111791', 'Santa cruz', '2020-10-14', 979.00, 79.00, NULL, '2020-10-19', 'A convenir el cliente', NULL, NULL, 0, 1, 3, 21, 2, 1, NULL, '2020-10-14 13:14:08', '2020-11-03 09:47:13'),
	(36, 'SCZ-35-20', 'Alicia', '78071144', 'radial 26', '2020-10-16', 8400.00, 612.12, NULL, '2020-10-23', 'Transferencia', '30 días', NULL, 0, 1, 1, 22, 1, 1, NULL, '2020-10-16 09:46:20', '2020-10-16 09:46:20'),
	(37, 'SCZ-36-20', 'Alicia', '78071144', 'radial 26', '2020-10-16', 60.00, 0.00, NULL, '2020-10-21', 'Transferencia', '30 días', NULL, 0, 1, 1, 22, 1, 1, NULL, '2020-10-16 09:53:07', '2020-10-16 09:53:07'),
	(38, 'SCZ-37-20', 'DIEGO CLAVEL', '75850511', 'Entrega al cliente', '2020-10-21', 525.00, 0.00, NULL, '2020-10-23', 'A convenir el cliente', NULL, NULL, 0, 1, 1, 29, 2, 1, NULL, '2020-10-21 11:36:46', '2020-10-21 12:13:39'),
	(39, 'SCZ-38-20', 'MARIELA LORENA', '000000000', 'RECOJE DE OFICINA', '2020-10-22', 218.28, 78.28, NULL, '2020-10-23', 'Transferencia', NULL, NULL, 0, 1, 3, 30, 2, 1, NULL, '2020-10-22 11:25:46', '2020-11-27 05:24:09'),
	(40, 'SCZ-39-20', 'ALEJANDRA', 'ALEJANDRA', 'EN OFICINAS  SANTA CRUZ', '2020-10-23', 3798.20, 100.00, NULL, '2020-11-05', 'A convenir el cliente', NULL, NULL, 0, 2, 3, 31, 2, 1, NULL, '2020-10-23 15:31:07', '2021-01-05 08:44:58'),
	(41, 'SCZ-40-20', 'ALEJANDRA', 'ALEJANDRA', 'OFICINA SANTA CRUZ', '2020-10-23', 2211.30, 0.00, NULL, NULL, 'A convenir el cliente', NULL, NULL, 0, 1, 1, 31, 2, 1, NULL, '2020-10-23 15:37:39', '2020-10-23 15:37:39'),
	(42, 'SCZ-41-20', 'LUIS AVILA', '77777777', 'La Paz', '2020-10-27', 1225.00, 175.00, NULL, '2020-10-30', 'TRANSFERENCIA', '30 DIAS', NULL, 0, 1, 1, 32, 1, 1, NULL, '2020-10-27 18:27:13', '2020-10-27 18:27:13'),
	(43, 'SCZ-42-20', 'ALEJANDRA LANCHERO', '70111791', 'OFICINA SANTA CRUZ', '2020-10-29', 979.00, 79.00, NULL, '2020-11-06', 'TRANSFERENCIA', NULL, NULL, 0, 1, 3, 21, 2, 1, NULL, '2020-10-29 17:48:12', '2020-11-26 08:13:28'),
	(44, 'SCZ-43-20', 'LUCIA RECACOCHEA', '76086570', 'SANTA CRUZ', '2020-11-03', 679.00, 109.00, NULL, '2020-11-04', NULL, NULL, NULL, 0, 0, 3, 12, 2, 1, NULL, '2020-11-03 12:40:23', '2020-12-18 11:47:20'),
	(45, 'SCZ-44-20', 'PAMELA COLUMBA', '000000000', 'SANTA CRUZ', '2020-11-04', 250.00, 0.00, NULL, '2020-11-10', 'A convenir el  clientes', NULL, NULL, 0, 2, 3, 34, 2, 1, NULL, '2020-11-04 11:06:10', '2021-01-05 08:42:03'),
	(47, 'SCZ-46-20', 'MANUEL', '70111791', 'SANTA CRUZ', '2020-11-05', 979.00, 79.00, NULL, '2020-11-10', 'DEPOSITO EN CUENTA', NULL, NULL, 0, 1, 3, 21, 2, 1, NULL, '2020-11-05 13:29:52', '2020-11-24 10:10:09'),
	(48, 'SCZ-47-20', 'VANIA ROSI', '000000000', 'SANTA CRUZ', '2020-11-05', 672.00, 0.00, NULL, NULL, NULL, NULL, NULL, 0, 1, 3, 35, 2, 1, NULL, '2020-11-05 15:12:54', '2020-11-24 10:18:27'),
	(49, 'SCZ-48-20', 'YOLANDES ALANES', '76789859', 'VALLA  ISABEL AL CATOLICA SANTA CRUZ', '2020-11-10', 1305.00, 0.00, NULL, '2020-11-13', NULL, NULL, 'ORDEN DE TRABAJO  IMAGEN LA PAZ', 0, 1, 3, 14, 2, 1, NULL, '2020-11-10 09:05:26', '2020-11-24 10:35:50'),
	(50, 'SCZ-49-20', 'LUCIA RECACOCHEA', '76086570', 'EN AGENCIAS DE LA CIUDAD DE LA   PAZ', '2020-11-10', 305.00, 20.00, NULL, '2020-11-11', NULL, NULL, NULL, 0, 0, 3, 12, 2, 1, NULL, '2020-11-10 09:25:34', '2020-12-10 06:54:37'),
	(51, 'SCZ-50-20', 'ALEJANDRA', 'GO GREAM', 'SANTA CRUZ', '2020-11-11', 88.20, 0.00, NULL, '0001-01-01', 'A convenir el cliente', NULL, NULL, 0, 1, 1, 31, 2, 1, NULL, '2020-11-11 10:02:21', '2020-11-11 10:02:21'),
	(52, 'SCZ-51-20', 'Julio Avila', '76722731', 'La Paz', '2020-11-11', 46433.88, 0.00, NULL, '2020-11-11', 'Transferencias', '60 días', NULL, 0, 1, 3, 32, 1, 1, NULL, '2020-11-11 10:33:28', '2020-12-11 10:11:55'),
	(53, 'SCZ-52-20', 'Bosques de la Colina', '..........1', 'Santa  Cruz', '2020-11-11', 4744.90, 0.00, NULL, NULL, 'Tranferencia', NULL, 'Se Coordinara la fecha de entrega con el cliente  a la aprobación del arte', 0, 1, 1, 22, 2, 1, NULL, '2020-11-11 14:22:39', '2020-11-17 14:39:48'),
	(54, 'SCZ-53-20', 'MAIDA', '69121013', 'EN OFICINAS  DE LAS CIUDAD DE SANTA CRUZ', '2020-11-13', 1630.20, 0.00, NULL, NULL, 'Aconvenir el  cliente', '15 dás hábiles', 'La entrega se coordinara con el cliente a un tiempo límite de 5 días hábiles después de la aprobación del diseño', 0, 0, 3, 36, 2, 1, NULL, '2020-11-13 10:35:31', '2021-02-09 17:46:47'),
	(55, 'SCZ-54-20', 'LUCIA RECACOCHEA', '76086570', 'ENTREGA EN SUS OFICINAS AV. SAN MARTIN', '2020-11-13', 800.00, 0.00, NULL, NULL, 'CHEQUE', NULL, NULL, 0, 0, 3, 12, 2, 1, NULL, '2020-11-13 12:33:52', '2020-12-18 12:08:13'),
	(56, 'SCZ-55-20', 'Alicia', '76722731', 'Santa Cruz', '2020-11-17', 800.00, 0.00, NULL, '2020-11-16', 'A contra entrega', NULL, NULL, 0, 1, 3, 37, 2, 1, NULL, '2020-11-17 10:05:07', '2020-11-18 11:29:28'),
	(57, 'SCZ-56-20', 'Sarita Moreno', '7..............', 'Santa Cruz', '2020-11-17', 451.64, 0.00, NULL, '2020-11-17', 'Transferencias', '15 dias', NULL, 0, 1, 3, 38, 1, 1, NULL, '2020-11-17 12:36:28', '2020-11-25 12:21:07'),
	(58, 'SCZ-57-20', 'ALAEJANDRA', '70111791', 'SANTA CRUZ', '2020-11-18', 979.00, 79.00, NULL, '2020-11-23', 'TRANFERENCIA', NULL, NULL, 0, 1, 3, 21, 2, 1, NULL, '2020-11-18 10:54:06', '2020-11-25 10:58:15'),
	(59, 'SCZ-58-20', 'Liliana Alejandra Hinojosa Moron', '77164111', 'Santa Cruz', '2020-11-18', 9600.00, 0.00, NULL, '2020-11-23', 'Deposito en cuenta', '5 días', NULL, 0, 0, 3, 28, 1, 1, NULL, '2020-11-18 11:27:06', '2020-12-22 06:01:53'),
	(60, 'SCZ-59-20', 'CARLOS PORCEL', '76011720', 'ENTREGA EN SANTA CRUZ', '2020-11-19', 165.00, 0.00, NULL, NULL, 'CONTRA ENTREGA', NULL, NULL, 0, 1, 3, 39, 2, 1, NULL, '2020-11-19 10:41:57', '2020-12-09 12:20:11'),
	(61, 'SCZ-60-20', 'BOSQUES DE LA COLINA', '78071144', 'SANTA CRUZ', '2020-11-20', 4744.90, 0.00, NULL, '2020-12-01', 'TRANSFERENCIA', '5 Días', NULL, 0, 1, 3, 22, 2, 1, NULL, '2020-11-20 11:33:08', '2020-12-11 10:07:56'),
	(62, 'SCZ-61-20', 'Adriana Luna', '77888999', 'La Paz', '2020-11-23', 255.00, 0.00, NULL, '2020-11-24', 'Transferencia', '15 días', 'Entregar solo impresión', 0, 2, 3, 40, 1, 1, NULL, '2020-11-23 13:13:29', '2021-01-05 08:30:26'),
	(63, 'SCZ-62-20', 'MAYDA', '73169934', 'SANTA  CRUZ', '2020-11-23', 5510.00, 510.00, NULL, NULL, 'A  contra entrega', NULL, NULL, 0, 1, 1, 36, 2, 1, NULL, '2020-11-23 17:05:48', '2020-12-07 11:56:02'),
	(64, 'SCZ-63-20', 'JUAN CARLOS', '78400481', 'SANTA CRUZ', '2020-11-24', 100.00, 0.00, NULL, '2020-11-24', NULL, NULL, NULL, 0, 1, 3, 41, 2, 1, NULL, '2020-11-24 13:25:57', '2020-11-30 10:26:38'),
	(65, 'SCZ-64-20', 'Agroinco', '72190856', 'Av. Banzer entre 6to y 7mo anillo lado hipermixi súper center', '2020-11-24', 6825.00, 0.00, NULL, NULL, 'A convenir el cliente', NULL, NULL, 0, 1, 1, 42, 2, 1, NULL, '2020-11-24 13:35:48', '2020-11-24 13:35:48'),
	(66, 'SCZ-65-20', 'Alicia Lotterberger', '78071144', 'Santa Cruz', '2020-11-26', 855.00, 90.00, NULL, '2020-11-27', 'Transferencia', '5 diás', 'Fabricación 1 día', 0, 1, 1, 37, 1, 1, NULL, '2020-11-26 18:24:11', '2020-11-26 18:24:11'),
	(67, 'SCZ-66-20', 'María jose', '78518108', 'Santa cruz', '2020-11-27', 1365.10, 0.00, NULL, NULL, 'A contra entrega', NULL, NULL, 0, 1, 1, 43, 2, 1, NULL, '2020-11-27 08:23:52', '2020-11-27 09:04:54'),
	(68, 'SCZ-67-20', 'Manuel Banegas', '68774551', 'La pampa', '2020-11-27', 94.58, 0.00, NULL, '2020-11-27', 'CONTADO', '10 dias habiles', NULL, 0, 1, 2, 42, 4, 1, NULL, '2020-11-27 09:55:18', '2020-11-27 09:57:01'),
	(69, 'SCZ-68-20', 'MANUEL', '70111791', 'SANTA CRUZ', '2020-11-30', 979.00, 79.00, NULL, '2020-12-01', 'Tranferencia', NULL, NULL, 0, 1, 3, 21, 2, 1, NULL, '2020-11-30 11:14:56', '2020-12-01 10:33:46'),
	(72, 'SCZ-69-20', 'MANUEL', '70111791', 'SANTA CRUZ', '2020-11-30', 979.00, 79.00, NULL, '2020-12-07', 'TRANSFERENCIA', NULL, NULL, 0, 1, 3, 21, 2, 1, NULL, '2020-11-30 13:47:09', '2020-12-11 09:42:18'),
	(74, 'SCZ-70-20', 'Luis Lopez', '60095022', 'La Paz', '2020-12-01', 11812.00, 0.00, NULL, '2020-12-02', 'Transferencia', '5 días', NULL, 0, 0, 3, 46, 1, 1, NULL, '2020-12-01 10:56:17', '2020-12-17 05:45:10'),
	(75, 'SCZ-71-20', 'LUIS LOPEZ', '60095922', 'SANTA CRUZ', '2020-12-01', 7740.00, 0.00, NULL, '2020-12-07', 'Tranferencia', '2 dias', NULL, 0, 0, 3, 46, 2, 1, NULL, '2020-12-01 11:34:23', '2020-12-17 08:04:21'),
	(77, 'SCZ-72-20', 'GABRIEL SORUCO', '69200012', 'SANTA CRUZ', '2020-12-02', 160.00, 0.00, NULL, '2020-12-04', NULL, NULL, NULL, 0, 2, 3, 57, 2, 1, NULL, '2020-12-02 16:21:37', '2021-01-05 12:14:25'),
	(78, 'SCZ-73-20', 'Nohelia blanco', '123456789', 'Santa Cruz', '2020-12-02', 14250.00, 0.00, NULL, NULL, 'A convenir el cliente', '5 dias', NULL, 0, 1, 1, 58, 2, 1, NULL, '2020-12-02 17:00:50', '2020-12-02 17:00:50'),
	(79, 'SCZ-74-20', 'Viviana Sotomayor', '75005215', 'Bosques de la Colina', '2020-12-02', 387.90, 2.90, NULL, '2020-12-04', 'Transferencia', '5 días', NULL, 0, 2, 3, 59, 1, 1, NULL, '2020-12-02 17:04:16', '2021-01-06 05:50:44'),
	(80, 'SCZ-75-20', 'LUCIA RECACOCHEA', '76086570', 'SANTA CRUZ', '2020-12-02', 362.00, 0.00, NULL, '2020-12-03', 'Cheque', NULL, NULL, 0, 0, 3, 12, 2, 1, NULL, '2020-12-02 17:35:06', '2020-12-18 12:14:11'),
	(81, 'LPZ-1-20', 'ALVARO MERUVIA', '70522336', 'CIUDAD SATELITE FRENTE AL MERCADO', '2020-12-03', 2855.00, 0.00, NULL, '2020-12-10', 'contra entrega', '10 dias', NULL, 0, 1, 1, 61, 15, 2, NULL, '2020-12-03 15:38:39', '2020-12-03 15:38:39'),
	(83, 'SCZ-77-20', 'CARGIL', '3 3336750', 'Santa Cruz', '2020-12-04', 18900.60, 900.00, NULL, NULL, 'A contra entrega', NULL, NULL, 0, 1, 1, 63, 2, 1, NULL, '2020-12-04 10:21:51', '2020-12-04 10:21:51'),
	(84, 'LPZ-2-20', 'DIEGO ALVARAÑEZ', '69831499', 'LA PAZ', '2020-12-07', 700.00, 0.00, NULL, '2020-12-08', 'AL CONTADO', '10 DIAS', NULL, 0, 1, 2, 64, 15, 2, NULL, '2020-12-07 09:29:12', '2020-12-07 10:31:45'),
	(85, 'SCZ-78-20', 'Luis Lopez', '60095922', 'La Paz', '2020-12-07', 5550.00, 0.00, NULL, '2020-12-09', 'tranferencia', NULL, NULL, 0, 0, 3, 46, 2, 1, NULL, '2020-12-07 11:11:59', '2020-12-17 11:07:08'),
	(86, 'SCZ-79-20', 'Manuel', '70111791', 'Santa Cruz', '2020-12-07', 979.00, 79.00, NULL, NULL, 'Transferencia', NULL, NULL, 0, 1, 3, 21, 2, 1, NULL, '2020-12-07 11:20:46', '2020-12-15 08:59:47'),
	(87, 'SCZ-80-20', 'ELIANA', '70896700', 'SANTA CRUZ', '2020-12-07', 75.00, 0.00, NULL, '2020-12-08', 'Contra entrega', NULL, NULL, 0, 2, 3, 65, 2, 1, NULL, '2020-12-07 11:50:41', '2021-01-05 08:23:03'),
	(88, 'LPZ-3-20', 'MAX REYNOSO', '70511778', 'CALACOTO', '2020-12-07', 6200.00, 0.00, NULL, '2020-12-11', 'contra entrega', '10 días hábiles', 'Trabajo tercealizado  con Diego Yujra , lona impresa en Imagen', 0, 1, 3, 48, 6, 2, NULL, '2020-12-07 15:52:00', '2020-12-15 15:53:09'),
	(89, 'LPZ-4-20', 'Ronal Gutierrez', '75263077', 'oficinas drogueria inti', '2020-12-07', 2765.60, 0.00, NULL, '2020-12-12', 'contra entrega', '10 días hábiles', 'se deben armar las cajas de  medicamentos', 0, 1, 2, 49, 6, 2, NULL, '2020-12-07 16:42:42', '2020-12-09 09:09:50'),
	(90, 'SCZ-81-20', 'MANUEL', '70111791', 'SANTA CRUZ', '2020-12-08', 979.00, 79.00, NULL, '2020-12-10', 'TRANSFERENCIA', NULL, NULL, 0, 1, 3, 21, 2, 1, NULL, '2020-12-08 09:25:15', '2020-12-11 09:38:08'),
	(92, 'SCZ-82-20', 'JUAN VERA', '78003828', 'SANTA CRUZ', '2020-12-08', 6600.00, 1200.00, NULL, NULL, 'TRANFERENCIA', NULL, NULL, 0, 0, 3, 66, 2, 1, NULL, '2020-12-08 13:34:29', '2021-02-09 17:37:57'),
	(93, 'LPZ-5-20', 'Jonatan Pineda', '67032000', 'ENTREGADO EN OFICINAS DEL BANCO ECOFUTURO', '2020-12-09', 160.00, 0.00, NULL, '2020-12-12', 'CONTRA ENTRGA', '10 DÍAS HÁBILES', NULL, 0, 1, 1, 50, 6, 2, NULL, '2020-12-09 09:29:09', '2020-12-09 09:29:09'),
	(94, 'LPZ-62-20', 'Susana', '73272797', 'Calle Rosendo Gutierrez  Esq. Jauregui S/N (Peluquería)', '2020-12-09', 270.00, 0.00, NULL, '2020-12-18', 'Contra Entrega', '10 días calendario', 'El Plazo de entrega es 3 días habiles una vez otorgado el arte por el cliente', 0, 1, 2, 67, 8, 2, NULL, '2020-12-09 09:46:52', '2020-12-16 15:29:44'),
	(95, 'SCZ-83-20', 'JUAN VERA', '78003828', 'SANTA CRUZ', '2020-12-09', 19160.00, 0.00, NULL, '2020-12-11', 'TRANSFERENCIA', NULL, NULL, 0, 0, 3, 66, 2, 1, NULL, '2020-12-09 10:21:57', '2021-01-13 08:16:56'),
	(96, 'SCZ-84-20', 'LUCIA RECACOCHEA', '76086570', 'SANTA CRUZ', '2020-12-09', 1243.00, 0.00, NULL, NULL, NULL, NULL, NULL, 0, 0, 3, 12, 2, 1, NULL, '2020-12-09 16:40:39', '2020-12-18 12:19:10'),
	(97, 'SCZ-85-20', 'ESTUDIO 3 SRL', '77010150', 'SANTA CRUZ', '2020-12-10', 980.13, 0.00, NULL, NULL, 'A contra entrega', NULL, NULL, 0, 1, 1, 68, 2, 1, NULL, '2020-12-10 10:48:32', '2020-12-10 10:48:32'),
	(98, 'SCZ-86-20', 'AGENCIAS GENERALES', '74666300', 'UNIPOLAR UNICADO EN SANTA CRUZ', '2020-12-10', 8120.00, 0.00, NULL, NULL, 'Tranferencia', NULL, NULL, 0, 0, 3, 69, 2, 1, NULL, '2020-12-10 10:56:15', '2020-12-10 07:18:28'),
	(99, 'SCZ-87-20', 'Vinod Arjun', '71365559', 'vallas', '2020-12-10', 13920.00, 0.00, NULL, NULL, 'Cheques', NULL, NULL, 0, 0, 3, 70, 2, 1, NULL, '2020-12-10 12:09:01', '2020-12-10 11:35:43'),
	(100, 'SCZ-88-20', 'Vinod Arjun', '71365559', 'Vallas', '2020-12-10', 33640.00, 0.00, NULL, NULL, 'Cheques', NULL, NULL, 0, 0, 3, 70, 2, 1, NULL, '2020-12-10 12:21:23', '2020-12-10 11:42:56'),
	(101, 'SCZ-89-20', 'Vinod Arjun', '71365559', 'Vallas', '2020-12-10', 20880.00, 0.00, NULL, NULL, 'Cheques', NULL, NULL, 0, 0, 3, 70, 2, 1, NULL, '2020-12-10 12:34:17', '2020-12-10 11:49:32'),
	(102, 'SCZ-90-20', 'Nathi Centellas', '79961401', 'Santa Cruz', '2020-12-10', 27734.51, 334.51, NULL, NULL, 'A convenir el cliente', NULL, NULL, 0, 1, 1, 71, 2, 1, NULL, '2020-12-10 16:43:24', '2020-12-10 16:45:16'),
	(103, 'SCZ-91-20', 'Sarita Moreno', '77305109', 'Santa Cruz', '2020-12-11', 225.00, 0.00, NULL, '2020-12-11', 'transferencia', '5 días', NULL, 0, 0, 3, 38, 1, 1, NULL, '2020-12-11 11:37:43', '2021-02-09 17:41:53'),
	(104, 'SCZ-92-20', 'Empanadas Premium', '72600960', 'Santa cruz', '2020-12-11', 580.00, 0.00, NULL, NULL, 'Transferwncia', NULL, NULL, 0, 1, 1, 72, 2, 1, NULL, '2020-12-11 15:47:56', '2020-12-11 15:47:56'),
	(105, 'SCZ-93-20', 'MIKAELA CORDERO', '76722731', 'entrega en oficina', '2020-12-11', 10.37, 0.00, NULL, '2020-12-11', 'Transferencia', '5 dias', NULL, 0, 1, 1, 2, 10, 1, NULL, '2020-12-11 16:36:30', '2020-12-11 16:36:30'),
	(106, 'SCZ-94-20', 'WALTER', '77352187', 'SANTA CRUZ', '2020-12-14', 720.00, 0.00, NULL, '2020-12-18', 'TRANFERENCIA', NULL, NULL, 0, 0, 3, 11, 2, 1, NULL, '2020-12-14 10:00:08', '2020-12-22 06:44:58'),
	(107, 'SCZ-95-20', 'Alicia', '7........', 'Radial 26 km 8 1/2', '2020-12-15', 12320.00, 0.00, NULL, '2021-02-01', 'Transferencia', '15 días', 'Incluye Instalaciones', 0, 1, 1, 22, 1, 1, NULL, '2020-12-15 20:12:39', '2021-01-21 12:06:05'),
	(108, 'SCZ-96-20', 'Alicia Lotterberger', '7........', 'Radial 26', '2020-12-16', 402.82, 0.00, NULL, '2020-12-22', 'Transferencia', '5 dias', NULL, 0, 1, 1, 37, 1, 1, NULL, '2020-12-16 09:20:41', '2020-12-16 09:20:41'),
	(109, 'SCZ-97-20', 'Lisbeth', 'Lisbeth Veisaga', 'Bosques de la Colina', '2020-12-16', 109.98, 0.00, NULL, '2020-12-21', 'Transferencia', '15 dias', NULL, 0, 0, 3, 22, 1, 1, NULL, '2020-12-16 11:18:14', '2020-12-21 10:10:58'),
	(110, 'SCZ-98-20', 'Santiago', '75285114', 'Santa Cruz', '2020-12-16', 2220.00, 0.00, NULL, '2020-12-22', 'Tranferencia', '5 días', NULL, 0, 1, 1, 73, 2, 1, NULL, '2020-12-16 14:32:21', '2020-12-22 10:22:30'),
	(113, 'SCZ-99-20', 'ISMAEL', '70869030', 'SANTA CRUZ', '2020-12-18', 620.00, 0.00, NULL, NULL, 'A contra entrega', NULL, 'El trabajo se entrega a maximo 3 dias habiles de la aprobación del cliente', 0, 1, 1, 75, 2, 1, NULL, '2020-12-18 10:29:23', '2020-12-18 10:33:23'),
	(114, 'SCZ-100-20', 'LUCIA RECACOCHEA', '76086570', 'SANTA CRUZ', '2020-12-18', 120.00, 0.00, NULL, NULL, NULL, NULL, NULL, 0, 0, 3, 12, 2, 1, NULL, '2020-12-18 14:17:13', '2020-12-18 12:24:32'),
	(115, 'SCZ-101-20', 'LUCIA RECACOCHEA', '76086570', 'SANTA CRUZ', '2020-12-18', 140.00, 0.00, NULL, NULL, NULL, NULL, NULL, 0, 0, 3, 12, 2, 1, NULL, '2020-12-18 14:19:42', '2020-12-18 12:26:43'),
	(116, 'SCZ-102-20', 'LUCIA RECACOCHEA', '76086570', 'SANTA CRUZ', '2020-12-18', 850.00, 0.00, NULL, NULL, NULL, NULL, NULL, 0, 0, 3, 12, 2, 1, NULL, '2020-12-18 14:23:11', '2020-12-18 12:29:51'),
	(117, 'SCZ-103-20', 'LUCIA RECACOCHEA', '76086570', 'SANTA CRUZ', '2020-12-18', 142.50, 0.00, NULL, NULL, NULL, NULL, NULL, 0, 0, 3, 12, 2, 1, NULL, '2020-12-18 14:25:16', '2020-12-18 12:33:54'),
	(118, 'SCZ-104-20', 'LUCIA RECACOCHEA', '76086570', 'SANTA CRUZ', '2020-12-18', 1050.00, 0.00, NULL, NULL, NULL, NULL, NULL, 0, 0, 3, 12, 2, 1, NULL, '2020-12-18 14:29:14', '2020-12-18 12:36:44'),
	(119, 'SCZ-105-20', 'Lisbeth Veisaga', 'Lisbeth Veisaga', 'Santa Cruz', '2020-12-21', 1091.80, 0.00, NULL, NULL, 'Transferencia', NULL, NULL, 0, 1, 3, 22, 2, 1, NULL, '2020-12-21 15:53:48', '2021-01-21 14:33:15'),
	(120, 'SCZ-106-20', 'RODRIGO', '77305773', 'SANTA CRUZ', '2020-12-21', 1508.00, 0.00, NULL, NULL, '50% a solicitud del trabajo y 50 % contra entrega', '5 días', NULL, 0, 1, 1, 76, 2, 1, NULL, '2020-12-21 16:54:13', '2020-12-21 16:54:13'),
	(121, 'SCZ-107-20', 'ANDREA', '........', 'SANTA CRUZ', '2020-12-21', 200.00, 0.00, NULL, NULL, 'A contra entrega', NULL, NULL, 0, 1, 3, 77, 2, 1, NULL, '2020-12-21 17:16:24', '2020-12-29 14:30:42'),
	(122, 'SCZ-108-20', 'TOYO JAPAN', '77033889', 'Santa Cruz', '2020-12-22', 4141.20, 0.00, NULL, '2020-12-29', 'A contra entrega', NULL, 'El separador sera en forma de U.', 0, 1, 1, 78, 2, 1, NULL, '2020-12-22 12:12:16', '2020-12-22 12:14:20'),
	(123, 'SCZ-109-20', 'Santiago', '75285114', 'Santa Cruz', '2020-12-23', 18000.00, 0.00, NULL, NULL, NULL, NULL, 'Plazo de entrega 5 dias habiles despues de la aprobación del arte.', 0, 1, 1, 73, 2, 1, NULL, '2020-12-23 10:47:07', '2020-12-23 10:47:07'),
	(124, 'SCZ-110-20', 'Manuel', '70111791', 'Santa Cruz', '2020-12-30', 979.00, 79.00, NULL, '2021-01-04', 'Tranferencia', NULL, 'Campaña UNICEN', 0, 1, 2, 21, 2, 1, NULL, '2020-12-30 09:17:37', '2020-12-30 13:20:08'),
	(125, 'SCZ-111-20', 'Yolanda', '77550924', 'Santa Cruz La Ramada', '2020-12-30', 1125.00, 0.00, NULL, NULL, NULL, NULL, 'Campaña para los primeros días del 2021', 0, 1, 2, 14, 2, 1, NULL, '2020-12-30 09:36:18', '2020-12-30 13:27:03'),
	(126, 'SCZ-112-20', 'YOLANDA', '775509824', 'SANTA CRUZ LA RAMADA', '2020-12-31', 1750.00, 0.00, NULL, '2021-01-04', NULL, NULL, NULL, 0, 1, 2, 14, 2, 1, NULL, '2020-12-31 11:13:39', '2021-01-04 09:10:22'),
	(127, 'SCZ-113-20', 'Itacamba', '33481007', 'Valla del cambódromo', '2020-12-31', 769.50, 0.00, NULL, '2021-01-05', NULL, NULL, NULL, 0, 1, 1, 28, 2, 1, NULL, '2020-12-31 11:46:31', '2020-12-31 11:46:31'),
	(128, 'SCZ-114-21', 'Cofar', '.........', 'Santa Cruz', '2021-01-05', 80.00, 0.00, NULL, NULL, 'A convenir el cliente', NULL, NULL, 0, 1, 1, 82, 2, 1, NULL, '2021-01-05 09:41:59', '2021-01-05 11:21:13'),
	(129, 'SCZ-115-21', 'LUCIA', '76086570', 'HIPERMAXI SANTA CRUZ', '2021-01-05', 6043.50, 0.00, NULL, NULL, 'CHEQUES', NULL, NULL, 0, 1, 1, 12, 2, 1, NULL, '2021-01-05 15:36:39', '2021-01-18 16:14:23'),
	(130, 'SCZ-116-21', 'Julio  cesar', '7.........', 'Santa Cruz', '2021-01-05', 5427.00, 0.00, NULL, '2021-01-08', 'Efectivo', '15 días', NULL, 0, 0, 3, 83, 1, 1, NULL, '2021-01-05 17:18:41', '2021-02-09 17:37:30'),
	(131, 'SCZ-117-21', 'FRANK IRWIN ZAPATA GARCIA', '10141982', 'Santa Cruz', '2021-01-06', 200.00, 0.00, NULL, NULL, NULL, NULL, NULL, 0, 0, 3, 84, 2, 1, NULL, '2021-01-06 09:55:25', '2021-01-06 06:19:51'),
	(132, 'SCZ-118-21', 'JULIO CESAR RIVERO', '7708590.', 'SANTA CRUZ', '2021-01-06', 11520.00, 0.00, NULL, NULL, NULL, NULL, NULL, 0, 0, 3, 83, 2, 1, NULL, '2021-01-06 10:13:04', '2021-02-09 17:31:16'),
	(133, 'SCZ-119-21', 'Julio', '7708590.', '4to anillo canal isuto', '2021-01-06', 9620.00, 0.00, NULL, NULL, NULL, NULL, NULL, 0, 1, 3, 83, 2, 1, NULL, '2021-01-06 16:20:43', '2021-01-21 14:27:26'),
	(134, 'SCZ-120-21', 'Unifranz', '78003828', 'Santa Cruz', '2021-01-06', 1109.54, 0.00, NULL, NULL, NULL, NULL, NULL, 0, 1, 1, 66, 2, 1, NULL, '2021-01-06 16:38:10', '2021-01-06 16:38:10'),
	(135, 'SCZ-121-21', 'Gabriel Soruco', '6920002.', 'Santa Cruz de la Sierra', '2021-01-06', 140.00, 0.00, NULL, NULL, NULL, NULL, NULL, 0, 1, 3, 57, 2, 1, NULL, '2021-01-06 16:44:06', '2021-01-21 14:25:39'),
	(136, 'SCZ-122-21', 'Elias', '65920702', 'Santa cruz', '2021-01-08', 337.79, 0.00, NULL, NULL, NULL, NULL, NULL, 0, 1, 1, 85, 2, 1, NULL, '2021-01-08 12:01:59', '2021-01-08 12:01:59'),
	(137, 'SCZ-123-21', 'Centric Bolivia', '71365559', 'Santa Cruz', '2021-01-08', 33640.00, 0.00, NULL, NULL, NULL, NULL, NULL, 0, 0, 3, 70, 2, 1, NULL, '2021-01-08 12:33:30', '2021-01-08 09:34:58'),
	(138, 'SCZ-124-21', 'Centric Bolivia', '71365559', 'Ciudad de La Paz', '2021-01-08', 20880.00, 0.00, NULL, NULL, NULL, NULL, NULL, 0, 0, 3, 70, 2, 1, NULL, '2021-01-08 12:36:02', '2021-01-08 09:12:56'),
	(139, 'SCZ-125-21', 'Centric Bolivia', '71365559', 'Ciudad de Cochabamba', '2021-01-08', 13920.00, 0.00, NULL, NULL, NULL, NULL, NULL, 0, 0, 3, 70, 2, 1, NULL, '2021-01-08 12:38:19', '2021-01-08 09:06:06'),
	(140, 'SCZ-126-21', 'Julio', '67085900', 'Santa cruz', '2021-01-13', 4565.12, 29.12, NULL, NULL, 'Efectivo', NULL, NULL, 0, 0, 3, 83, 2, 1, NULL, '2021-01-13 11:50:59', '2021-02-09 17:36:34'),
	(141, 'SCZ-127-21', 'Agencias Generales', '74666300', 'Santa Cruz', '2021-01-13', 8120.00, 0.00, NULL, NULL, NULL, NULL, NULL, 0, 0, 3, 69, 2, 1, NULL, '2021-01-13 11:57:36', '2021-01-13 08:31:10'),
	(142, 'SCZ-128-21', 'Sarita Moreno', '7.......', 'Av 2 de Agosto', '2021-01-14', 325.00, 0.00, NULL, '2021-01-15', 'transferencia', '5 dias', NULL, 0, 1, 1, 38, 1, 1, NULL, '2021-01-14 10:45:36', '2021-01-14 10:57:12'),
	(143, 'SCZ-129-21', 'Jorge sillerico', '77550924', 'Santa Cruz', '2021-01-14', 4582.00, 0.00, NULL, '2021-01-19', NULL, NULL, NULL, 0, 1, 1, 14, 2, 1, NULL, '2021-01-14 14:43:51', '2021-01-14 14:43:51'),
	(144, 'SCZ-130-21', 'Richard Cernadas', '72177160', 'Oficinas zona el Remanso', '2021-01-14', 1489.00, 0.00, NULL, '2021-01-20', 'Transferencia', '15 dias', NULL, 0, 1, 2, 86, 1, 1, NULL, '2021-01-14 16:33:07', '2021-01-18 17:20:16'),
	(145, 'SCZ-131-21', 'Cristian', '.........', 'santa cruz', '2021-01-19', 50.00, 0.00, NULL, NULL, NULL, NULL, NULL, 0, 0, 3, 87, 2, 1, NULL, '2021-01-19 14:28:13', '2021-02-25 10:34:59'),
	(146, 'LPZ-9-21', 'Fernando', '76704056', 'Sala de Informaciones Unicen Av. Brasil N°1661 - Miraflores', '2021-01-20', 2500.20, 0.20, NULL, '2021-01-26', 'Contra Entrega', '15 días calendario', NULL, 0, 1, 2, 88, 8, 2, NULL, '2021-01-20 11:58:10', '2021-01-20 12:10:57'),
	(147, 'SCZ-132-21', 'asasas', 'asasasasa', 'asasasas', '2021-01-28', 80.00, 5.00, NULL, '2021-01-28', NULL, NULL, NULL, 0, 1, 1, 15, 4, 1, NULL, '2021-01-28 19:11:03', '2021-01-28 19:11:03'),
	(148, 'SCZ-133-21', 'asasas', 'sdasdsadsa', 'sadsadasd', '2021-01-28', 55.00, 0.00, NULL, '2021-01-28', NULL, NULL, NULL, 0, 1, 1, 13, 4, 1, NULL, '2021-01-28 19:14:15', '2021-01-28 19:14:15'),
	(149, 'SCZ-134-21', 'asasas', 'sdasdsadsa', 'sadsadasd', '2021-01-28', 55.00, 0.00, NULL, '2021-01-28', NULL, NULL, NULL, 0, 1, 1, 13, 4, 1, NULL, '2021-01-28 19:15:15', '2021-01-28 19:15:15'),
	(150, 'SCZ-135-21', 'asasas', 'sdasdsadsa', 'sadsadasd', '2021-01-28', 55.00, 0.00, NULL, '2021-01-28', NULL, NULL, NULL, 0, 1, 1, 13, 4, 1, NULL, '2021-01-28 19:15:36', '2021-01-28 19:15:36'),
	(151, 'SCZ-136-21', 'asasas', 'sdasdsadsa', 'sadsadasd', '2021-01-28', 55.00, 0.00, NULL, '2021-01-28', NULL, NULL, NULL, 0, 1, 1, 13, 4, 1, NULL, '2021-01-29 14:02:50', '2021-01-29 14:02:50'),
	(152, 'SCZ-137-21', 'asasas', 'sdasdsadsa', 'sadsadasd', '2021-01-28', 55.00, 0.00, NULL, '2021-01-28', NULL, NULL, NULL, 0, 1, 1, 13, 4, 1, NULL, '2021-01-29 14:03:11', '2021-01-29 14:03:11'),
	(153, 'SCZ-138-21', 'sdasdasdasd', 'dfsdfdsf', 'sdfsdfsdf', '2021-01-29', 8000.00, 0.00, NULL, '2021-01-29', NULL, NULL, NULL, 0, 1, 1, 15, 4, 1, NULL, '2021-01-29 16:02:26', '2021-01-29 16:02:26'),
	(154, 'SCZ-139-21', 'jkjkjkjl', 'KJIJOJKK', 'kjikjoijiji', '2021-01-29', 2200.00, 0.00, NULL, '2021-01-29', NULL, NULL, NULL, 0, 1, 1, 51, 4, 1, NULL, '2021-01-29 16:06:05', '2021-01-29 16:06:05'),
	(155, 'SCZ-140-21', 'sadasdsda', 'fgfdgfdgdf', 'dfgdfgdf', '2021-01-29', 3300.00, 0.00, NULL, '2021-01-29', NULL, NULL, NULL, 0, 1, 1, 69, 4, 1, NULL, '2021-01-29 20:17:21', '2021-01-29 20:17:21'),
	(156, 'SCZ-141-21', 'nano.fcb777@gmail.com', '68774551', 'ssdsdsds', '2021-01-29', 2200.00, 0.00, NULL, '2021-01-29', NULL, NULL, NULL, 0, 1, 2, 61, 4, 1, NULL, '2021-01-29 20:30:13', '2021-01-29 21:36:07'),
	(157, 'SCZ-142-21', 'descripción  test', '68774551', 'adadadad', '2021-02-01', 2200.00, 0.00, NULL, '2021-02-01', 'CONTADO', '10 dias habiles', NULL, 0, 1, 1, 69, 4, 1, NULL, '2021-02-01 14:04:53', '2021-02-01 14:04:53'),
	(158, 'SCZ-143-21', 'sadsadasd', 'asdasdasd', 'asdasda', '2021-02-02', 0.00, 0.00, NULL, '2021-02-02', NULL, NULL, NULL, 0, 1, 1, 19, 4, 1, NULL, '2021-02-02 15:07:48', '2021-02-02 15:07:48'),
	(159, 'SCZ-144-21', 'sdasdasd', 'asdasdasda', 'asdasda', '2021-02-02', 0.00, 0.00, NULL, '2021-02-02', NULL, NULL, NULL, 0, 1, 1, 13, 4, 1, NULL, '2021-02-02 15:28:09', '2021-02-02 15:28:09'),
	(160, 'SCZ-145-21', 'sdfdsfsdf', 'sdfsdfdsfsd', 'fsdfsdfs', '2021-02-04', 1630.40, 30.40, NULL, '2021-02-04', NULL, NULL, NULL, 0, 0, 3, 13, 4, 1, NULL, '2021-02-04 15:33:32', '2021-02-25 10:31:44'),
	(161, 'SCZ-146-21', 'lesch.zion@gmail.com', 'asdsdasa', 'asdasd', '2021-02-05', 4400.00, 0.00, NULL, '2021-02-05', NULL, NULL, NULL, 0, 0, 3, 13, 4, 1, NULL, '2021-02-05 13:52:35', '2021-02-25 10:31:23'),
	(162, 'SCZ-147-21', 'fdfgdfgdf', '68774551', 'dfgdfgdfgd', '2021-02-11', 5050.00, 0.00, NULL, '2021-02-11', NULL, NULL, NULL, 0, 2, 3, 64, 4, 1, NULL, '2021-02-11 18:11:26', '2021-02-25 16:20:32'),
	(163, 'SCZ-148-21', 'kkkkjkj', 'fhffjfjyfyjf', 'jgjgyjgyjgy', '2021-02-24', 4750.00, 0.00, NULL, '2021-02-24', NULL, NULL, NULL, 0, 2, 3, 15, 4, 1, NULL, '2021-02-24 15:49:10', '2021-02-25 17:09:34'),
	(164, 'SCZ-149-21', 'Pablo', '77073147', 'Oficinas', '2021-02-25', 2320.00, 1120.00, NULL, '2021-02-25', NULL, NULL, NULL, 0, 2, 3, 65, 4, 1, NULL, '2021-02-25 14:59:42', '2021-02-25 15:54:50');
/*!40000 ALTER TABLE `quotations` ENABLE KEYS */;

-- Volcando estructura para tabla imagen.states
CREATE TABLE IF NOT EXISTS `states` (
  `id` int(10) unsigned NOT NULL AUTO_INCREMENT,
  `title` varchar(60) COLLATE utf8mb4_unicode_ci NOT NULL,
  `created_at` timestamp NULL DEFAULT NULL,
  `updated_at` timestamp NULL DEFAULT NULL,
  PRIMARY KEY (`id`)
) ENGINE=InnoDB AUTO_INCREMENT=4 DEFAULT CHARSET=utf8mb4 COLLATE=utf8mb4_unicode_ci;

-- Volcando datos para la tabla imagen.states: ~3 rows (aproximadamente)
/*!40000 ALTER TABLE `states` DISABLE KEYS */;
INSERT INTO `states` (`id`, `title`, `created_at`, `updated_at`) VALUES
	(1, 'PENDIENTE', '2020-02-04 17:53:48', '2020-02-04 17:53:49'),
	(2, 'APROBADO', '2020-02-04 17:54:00', '2020-02-04 17:54:01'),
	(3, 'EJECUTADO', '2020-02-04 17:54:06', '2020-02-04 17:54:06');
/*!40000 ALTER TABLE `states` ENABLE KEYS */;

-- Volcando estructura para tabla imagen.tasks
CREATE TABLE IF NOT EXISTS `tasks` (
  `id` int(10) unsigned NOT NULL AUTO_INCREMENT,
  `description` mediumtext NOT NULL,
  `priority` enum('Baja','Media','Alta') NOT NULL,
  `completed` tinyint(1) unsigned NOT NULL DEFAULT '0',
  `date_init` datetime NOT NULL,
  `date_end` datetime DEFAULT NULL,
  `work_order_id` int(10) unsigned NOT NULL,
  `employee_id` int(10) unsigned NOT NULL,
  `created_at` timestamp NULL DEFAULT NULL,
  `updated_at` timestamp NULL DEFAULT NULL,
  `deleted_at` timestamp NULL DEFAULT NULL,
  PRIMARY KEY (`id`),
  KEY `tasks_employee_id_foreign` (`employee_id`),
  KEY `tasks_work_order_id_foreign` (`work_order_id`),
  CONSTRAINT `tasks_employee_id_foreign` FOREIGN KEY (`employee_id`) REFERENCES `employees` (`id`),
  CONSTRAINT `tasks_work_order_id_foreign` FOREIGN KEY (`work_order_id`) REFERENCES `work_orders` (`id`)
) ENGINE=InnoDB AUTO_INCREMENT=2 DEFAULT CHARSET=latin1;

-- Volcando datos para la tabla imagen.tasks: ~0 rows (aproximadamente)
/*!40000 ALTER TABLE `tasks` DISABLE KEYS */;
INSERT INTO `tasks` (`id`, `description`, `priority`, `completed`, `date_init`, `date_end`, `work_order_id`, `employee_id`, `created_at`, `updated_at`, `deleted_at`) VALUES
	(1, 'Imprimir Lona', 'Alta', 0, '2021-02-22 11:24:59', NULL, 102, 8, '2021-02-20 13:53:53', '2021-02-20 13:53:54', NULL);
/*!40000 ALTER TABLE `tasks` ENABLE KEYS */;

-- Volcando estructura para tabla imagen.users
CREATE TABLE IF NOT EXISTS `users` (
  `id` int(10) unsigned NOT NULL AUTO_INCREMENT,
  `name` varchar(255) COLLATE utf8mb4_unicode_ci NOT NULL,
  `forename` varchar(255) COLLATE utf8mb4_unicode_ci NOT NULL,
  `surname` varchar(255) COLLATE utf8mb4_unicode_ci NOT NULL,
  `email` varchar(255) COLLATE utf8mb4_unicode_ci NOT NULL,
  `phone` varchar(32) COLLATE utf8mb4_unicode_ci NOT NULL,
  `email_verified_at` timestamp NULL DEFAULT NULL,
  `password` varchar(255) COLLATE utf8mb4_unicode_ci NOT NULL,
  `remember_token` varchar(100) COLLATE utf8mb4_unicode_ci DEFAULT NULL,
  `state` tinyint(3) unsigned NOT NULL DEFAULT '1',
  `office_id` int(10) unsigned NOT NULL,
  `profile_id` int(10) unsigned NOT NULL,
  `deleted_at` timestamp NULL DEFAULT NULL,
  `created_at` timestamp NULL DEFAULT NULL,
  `updated_at` timestamp NULL DEFAULT NULL,
  PRIMARY KEY (`id`),
  UNIQUE KEY `users_email_unique` (`email`),
  KEY `FK_users_offices` (`office_id`),
  KEY `users_profile_id_foreign` (`profile_id`),
  FULLTEXT KEY `name` (`name`)
) ENGINE=InnoDB AUTO_INCREMENT=17 DEFAULT CHARSET=utf8mb4 COLLATE=utf8mb4_unicode_ci;

-- Volcando datos para la tabla imagen.users: ~16 rows (aproximadamente)
/*!40000 ALTER TABLE `users` DISABLE KEYS */;
INSERT INTO `users` (`id`, `name`, `forename`, `surname`, `email`, `phone`, `email_verified_at`, `password`, `remember_token`, `state`, `office_id`, `profile_id`, `deleted_at`, `created_at`, `updated_at`) VALUES
	(1, 'mikaela', '', '', 'mikaelacordero@gmail.com', '76722731', '2020-02-04 21:48:14', '$2y$10$TzHLGzIX3UFgM/ghadNBJOuWtsjIeBePvEAAm.Hhzbz2yRX/BkwQa', 'ss1uqg9q05', 1, 1, 7, NULL, '2020-02-04 21:48:14', '2020-11-18 14:09:32'),
	(2, 'carlos', '', '', 'administracion@imagenpublicidad.com.bo', '78988344', NULL, '$2y$10$TzHLGzIX3UFgM/ghadNBJOuWtsjIeBePvEAAm.Hhzbz2yRX/BkwQa', NULL, 1, 1, 7, NULL, '2020-09-07 10:40:34', '2021-01-22 14:47:52'),
	(3, 'luis', '', '', 'luchoaguilarlizon@gmail.com', '70538733', NULL, '$2y$10$TzHLGzIX3UFgM/ghadNBJOuWtsjIeBePvEAAm.Hhzbz2yRX/BkwQa', NULL, 1, 1, 6, NULL, '2020-09-18 09:54:32', '2020-09-18 09:54:32'),
	(4, 'fernando', 'Fernando Ladislao', 'Cruz Banegas', 'fcb.dev@outlook.com', '68774551', NULL, '$2y$10$TzHLGzIX3UFgM/ghadNBJOuWtsjIeBePvEAAm.Hhzbz2yRX/BkwQa', NULL, 1, 1, 1, NULL, '2020-09-25 09:56:49', '2021-02-01 20:45:54'),
	(5, 'josue', '', '', 'josue.lsl@gmail.com', '77253892', NULL, '$2y$10$TzHLGzIX3UFgM/ghadNBJOuWtsjIeBePvEAAm.Hhzbz2yRX/BkwQa', NULL, 1, 2, 8, NULL, '2020-10-03 11:50:09', '2020-10-07 11:55:04'),
	(6, 'yolanda', '', '', 'yalanes@imagenpublicidad.com.bo', '76789859', NULL, '$2y$10$TzHLGzIX3UFgM/ghadNBJOuWtsjIeBePvEAAm.Hhzbz2yRX/BkwQa', NULL, 1, 2, 7, NULL, '2020-10-16 09:39:26', '2020-10-16 09:39:26'),
	(7, 'jorge', '', '', 'jorgescv17@gmail.com', '77707982', NULL, '$2y$10$TzHLGzIX3UFgM/ghadNBJOuWtsjIeBePvEAAm.Hhzbz2yRX/BkwQa', NULL, 1, 2, 6, NULL, '2020-10-16 09:42:14', '2020-10-16 09:42:14'),
	(8, 'geraldine', '', '', 'geraldine.dlbg1@gmail.com', '60587460', NULL, '$2y$10$CGpCHxO58r1uZRQZdsCjQOLG.rOa7iK5sfwWlGlWUHjKJ8SN1TOcu', NULL, 1, 2, 7, NULL, '2020-10-16 10:23:47', '2020-10-16 10:23:47'),
	(9, 'pablo', '', '', 'contactos@imagenpublicidad.com.bo', '76789402', NULL, '$2y$10$m6HZzamRmO7quiUsM.buGOO8kjmHXSJjRVkKCVb8FO7b57KmgSrk2', NULL, 1, 2, 6, NULL, '2020-10-28 15:38:05', '2020-10-28 15:38:05'),
	(10, 'maria', '', '', 'publicidadvialsantacruz@gmail.com', '77110440', NULL, '$2y$10$0IWYLND4VsoIBuU04Y157eyRZOUyAEsiLlAB/bQ1fRem5P.S7zD72', NULL, 1, 1, 7, NULL, '2020-11-04 16:27:40', '2020-11-04 16:27:40'),
	(11, 'moises', '', '', 'contabilidad@imagenpublicidad.com.bo', '77530026', NULL, '$2y$10$TzHLGzIX3UFgM/ghadNBJOuWtsjIeBePvEAAm.Hhzbz2yRX/BkwQa', NULL, 1, 1, 9, NULL, '2020-11-27 09:28:20', '2020-12-02 09:17:43'),
	(12, 'michelle', '', '', 'mmendoza.arj@gmail.com', '69920846', NULL, '$2y$10$rit5LXDUe9Q.eo/Ftn3kGOpqf1FczNbu9cGdUmJWw2hBuebXXUAdK', NULL, 1, 2, 7, NULL, '2020-12-02 07:28:15', '2020-12-02 07:28:15'),
	(13, 'rebeka', '', '', 'sillerico.rebeka@gmail.com', '76244800', NULL, '$2y$10$ZJZClVFbyGKfndG.eCMYfuahrR6QeTrPp.brg3hKNI1WL36WYkKhe', NULL, 1, 2, 1, NULL, '2020-12-02 07:29:41', '2020-12-02 07:29:41'),
	(14, 'carlosm', '', '', 'cmialk@hotmail.com', '69756676', NULL, '$2y$10$TzHLGzIX3UFgM/ghadNBJOuWtsjIeBePvEAAm.Hhzbz2yRX/BkwQa', NULL, 1, 2, 9, NULL, '2020-12-02 09:15:29', '2020-12-02 09:15:29'),
	(15, 'carmen', '', '', 'carmenrodrigo31@gmail.com', '77536945', NULL, '$2y$10$QfAE4/dCYBlSrwd9KRXKtOxr58qmCeXrDFBu5Dc.wMnMoLwBSQ.bG', NULL, 1, 2, 7, NULL, '2020-12-02 10:23:44', '2020-12-02 10:23:44'),
	(16, 'jose', 'Jose Alfredo', 'Saravia Mendoza', 'jose@gmail.com', '77856378', NULL, '$2y$10$/KofdjbFzeUQ98CZLdJGMu5b3xUIZrJrTYVOTY1hlYjGZiV778LMC', NULL, 1, 1, 7, NULL, '2021-02-01 19:21:50', '2021-02-01 19:21:50');
/*!40000 ALTER TABLE `users` ENABLE KEYS */;

-- Volcando estructura para tabla imagen.vouchers
CREATE TABLE IF NOT EXISTS `vouchers` (
  `id` int(10) unsigned NOT NULL AUTO_INCREMENT,
  `starting_number` int(10) unsigned NOT NULL,
  `office_id` int(10) unsigned NOT NULL,
  `created_at` timestamp NULL DEFAULT NULL,
  `updated_at` timestamp NULL DEFAULT NULL,
  `deleted_at` timestamp NULL DEFAULT NULL,
  PRIMARY KEY (`id`),
  KEY `vouchers_office_id_foreign` (`office_id`),
  CONSTRAINT `vouchers_office_id_foreign` FOREIGN KEY (`office_id`) REFERENCES `offices` (`id`) ON DELETE CASCADE ON UPDATE CASCADE
) ENGINE=InnoDB AUTO_INCREMENT=3 DEFAULT CHARSET=latin1;

-- Volcando datos para la tabla imagen.vouchers: ~2 rows (aproximadamente)
/*!40000 ALTER TABLE `vouchers` DISABLE KEYS */;
INSERT INTO `vouchers` (`id`, `starting_number`, `office_id`, `created_at`, `updated_at`, `deleted_at`) VALUES
	(1, 10, 1, '2020-12-08 20:00:00', '2020-12-08 20:00:00', NULL),
	(2, 1, 2, '2020-12-08 20:00:00', '2020-12-08 20:00:00', NULL);
/*!40000 ALTER TABLE `vouchers` ENABLE KEYS */;

-- Volcando estructura para tabla imagen.warehouses
CREATE TABLE IF NOT EXISTS `warehouses` (
  `id` int(10) unsigned NOT NULL AUTO_INCREMENT,
  `code` char(6) COLLATE utf8mb4_unicode_ci NOT NULL,
  `description` varchar(128) COLLATE utf8mb4_unicode_ci DEFAULT NULL,
  `address` varchar(128) COLLATE utf8mb4_unicode_ci NOT NULL,
  `office_id` int(10) unsigned NOT NULL,
  `deleted_at` timestamp NULL DEFAULT NULL,
  `created_at` timestamp NULL DEFAULT NULL,
  `updated_at` timestamp NULL DEFAULT NULL,
  PRIMARY KEY (`id`),
  KEY `warehouses_city_id_foreign` (`office_id`)
) ENGINE=InnoDB DEFAULT CHARSET=utf8mb4 COLLATE=utf8mb4_unicode_ci;

-- Volcando datos para la tabla imagen.warehouses: ~0 rows (aproximadamente)
/*!40000 ALTER TABLE `warehouses` DISABLE KEYS */;
/*!40000 ALTER TABLE `warehouses` ENABLE KEYS */;

-- Volcando estructura para tabla imagen.workers
CREATE TABLE IF NOT EXISTS `workers` (
  `id` int(10) unsigned NOT NULL AUTO_INCREMENT,
  `description` varchar(64) NOT NULL,
  `quantity` decimal(5,2) NOT NULL,
  `price` decimal(9,2) NOT NULL,
  `total` decimal(10,2) NOT NULL,
  `cost_id` int(10) unsigned NOT NULL,
  PRIMARY KEY (`id`),
  KEY `workers_cost_id_foreign` (`cost_id`)
) ENGINE=InnoDB AUTO_INCREMENT=181 DEFAULT CHARSET=latin1;

-- Volcando datos para la tabla imagen.workers: ~145 rows (aproximadamente)
/*!40000 ALTER TABLE `workers` DISABLE KEYS */;
INSERT INTO `workers` (`id`, `description`, `quantity`, `price`, `total`, `cost_id`) VALUES
	(35, 'Técnico', 13.00, 15.00, 195.00, 1),
	(36, 'Técnico Panelizar', 13.00, 15.00, 195.00, 1),
	(37, 'Técnico', 7.00, 15.00, 105.00, 2),
	(38, 'Técnico Refilar', 3.50, 15.00, 52.50, 2),
	(39, 'Instalación', 21.00, 15.00, 315.00, 2),
	(40, 'Técnico', 13.00, 15.00, 195.00, 3),
	(41, 'Técnico Panelizar', 13.00, 15.00, 195.00, 3),
	(42, 'Técnico', 13.00, 15.00, 195.00, 4),
	(43, 'Técnico Armado y Tesado', 13.00, 15.00, 195.00, 4),
	(44, 'Técnico', 7.00, 15.00, 105.00, 5),
	(45, 'Técnico Refilar', 3.50, 15.00, 52.50, 5),
	(46, 'Técnico', 3.50, 15.00, 52.50, 5),
	(47, 'Técnico', 10.00, 15.00, 150.00, 6),
	(48, 'Técnico Refilar', 7.00, 15.00, 105.00, 6),
	(49, 'Técnico', 7.00, 15.00, 105.00, 7),
	(50, 'Técnico Refilar', 3.50, 15.00, 52.50, 7),
	(51, 'Instalación', 21.00, 15.00, 315.00, 7),
	(52, 'Técnico', 7.00, 15.00, 105.00, 8),
	(53, 'Técnico Refilar', 3.50, 15.00, 52.50, 8),
	(54, 'Instalación', 21.00, 15.00, 315.00, 8),
	(55, 'Técnico', 7.00, 15.00, 105.00, 9),
	(56, 'Técnico Refilar', 3.50, 15.00, 52.50, 9),
	(57, 'Instalación', 21.00, 15.00, 315.00, 9),
	(58, 'Técnico', 7.00, 15.00, 105.00, 10),
	(59, 'Técnico Refilar', 3.50, 15.00, 52.50, 10),
	(60, 'Instalación', 21.00, 15.00, 315.00, 10),
	(61, 'Técnico', 7.00, 15.00, 105.00, 11),
	(62, 'Técnico Refilar', 3.50, 15.00, 52.50, 11),
	(63, 'Instalación', 21.00, 15.00, 315.00, 11),
	(64, 'Técnico', 7.00, 15.00, 105.00, 12),
	(65, 'Técnico Refilar', 3.50, 15.00, 52.50, 12),
	(66, 'Instalación', 21.00, 15.00, 315.00, 12),
	(67, 'Técnico', 13.00, 15.00, 195.00, 13),
	(68, 'Técnico Panelizar', 13.00, 15.00, 195.00, 13),
	(69, 'Técnico', 13.00, 15.00, 195.00, 14),
	(70, 'Técnico Panelizar', 13.00, 15.00, 195.00, 14),
	(71, 'Armado', 2.00, 15.00, 30.00, 15),
	(72, 'Instalación', 1.00, 15.00, 15.00, 15),
	(73, 'Armado', 2.00, 15.00, 30.00, 16),
	(74, 'Instalación', 1.00, 15.00, 15.00, 16),
	(75, 'Armado', 2.00, 15.00, 30.00, 17),
	(76, 'Instalación', 1.00, 15.00, 15.00, 17),
	(77, 'Armado', 2.00, 15.00, 30.00, 18),
	(78, 'Instalación', 1.00, 15.00, 15.00, 18),
	(79, 'Corte y Soldadura', 2.00, 15.00, 30.00, 19),
	(80, 'Tesado y Armado', 1.50, 15.00, 22.50, 19),
	(81, 'Instalación', 1.50, 15.00, 22.50, 19),
	(82, 'Corte y Soldadura', 2.00, 15.00, 30.00, 20),
	(83, 'Tesado y Armado', 1.50, 15.00, 22.50, 20),
	(84, 'Instalación', 1.50, 15.00, 22.50, 20),
	(85, 'Corte y Soldadura', 1.00, 15.00, 15.00, 21),
	(86, 'Tesado y Armado', 0.50, 15.00, 7.50, 21),
	(87, 'Instalación', 1.00, 15.00, 15.00, 21),
	(88, 'Pintor', 40.00, 50.00, 2000.00, 22),
	(89, 'Pintor Ayudante', 40.00, 74.00, 2960.00, 22),
	(90, 'Albañil', 24.00, 150.00, 3600.00, 22),
	(91, 'Instalacion', 1.20, 45.00, 54.00, 23),
	(92, 'IMPRESION', 1.00, 18.00, 18.00, 24),
	(93, 'TARJETA USB', 1.00, 32.00, 32.00, 24),
	(94, 'Técnico', 10.00, 15.00, 150.00, 25),
	(95, 'Técnico Refilar', 7.00, 15.00, 105.00, 25),
	(96, 'Instalación', 3.00, 20.00, 60.00, 26),
	(97, 'Fabricación e instalación', 4.00, 15.00, 60.00, 27),
	(98, 'instalacion', 2.00, 80.00, 160.00, 28),
	(99, 'armado', 2.00, 80.00, 160.00, 28),
	(100, 'Técnico', 7.00, 15.00, 105.00, 29),
	(101, 'Técnico Refilar', 3.50, 15.00, 52.50, 29),
	(102, 'Instalación', 21.00, 15.00, 315.00, 29),
	(103, 'Técnico', 13.00, 15.00, 195.00, 30),
	(104, 'Técnico', 13.00, 15.00, 195.00, 30),
	(105, 'Técnico', 13.00, 15.00, 195.00, 31),
	(107, 'Técnico', 7.00, 15.00, 105.00, 32),
	(108, 'Técnico Refilar', 3.50, 15.00, 52.50, 32),
	(109, 'Instalación', 21.00, 15.00, 315.00, 32),
	(110, 'Técnico', 10.00, 15.00, 150.00, 33),
	(111, 'Técnico Panelizar', 10.00, 15.00, 150.00, 33),
	(112, 'Técnico', 7.00, 15.00, 105.00, 34),
	(113, 'Técnico Refilar', 3.50, 15.00, 52.50, 34),
	(114, 'Instalación', 21.00, 15.00, 315.00, 34),
	(115, 'Técnico', 13.00, 15.00, 195.00, 35),
	(116, 'Técnico Panelizar', 13.00, 15.00, 195.00, 35),
	(117, 'Técnico', 13.00, 15.00, 195.00, 36),
	(118, 'Técnico Panelizar', 13.00, 15.00, 195.00, 36),
	(119, 'Técnico', 13.00, 15.00, 195.00, 37),
	(120, 'Técnico Panelizar', 13.00, 15.00, 195.00, 37),
	(121, 'Armada', 2.00, 15.00, 30.00, 38),
	(122, 'Instalación', 1.00, 15.00, 15.00, 38),
	(123, 'Corte y Soldadura', 2.00, 15.00, 30.00, 39),
	(124, 'Tesado y Armado', 1.50, 15.00, 22.50, 39),
	(125, 'Instalación', 1.50, 15.00, 22.50, 39),
	(126, 'Corte y Soldadura', 2.00, 15.00, 30.00, 40),
	(127, 'Tesado y Armado', 1.50, 15.00, 22.50, 40),
	(128, 'Instalación', 1.50, 15.00, 22.50, 40),
	(129, 'Corte y Soldadura', 1.00, 15.00, 15.00, 41),
	(130, 'Tesado y Armado', 0.50, 15.00, 7.50, 41),
	(131, 'Instalación', 1.00, 15.00, 15.00, 41),
	(132, 'Pintor', 40.00, 50.00, 2000.00, 42),
	(133, 'Ayudante Pintor', 40.00, 74.00, 2960.00, 42),
	(134, 'Albañil', 24.00, 150.00, 3600.00, 42),
	(135, 'Técnico', 7.00, 15.00, 105.00, 43),
	(136, 'Técnico Refilar', 3.50, 15.00, 52.50, 43),
	(137, 'Instalación', 21.00, 15.00, 315.00, 43),
	(138, 'Armado', 2.00, 15.00, 30.00, 44),
	(139, 'Instalación', 1.00, 15.00, 15.00, 44),
	(140, 'Armado', 2.00, 15.00, 30.00, 45),
	(141, 'Instalación', 1.00, 15.00, 15.00, 45),
	(142, 'Armado', 2.00, 15.00, 30.00, 46),
	(143, 'Instalación', 1.00, 15.00, 15.00, 46),
	(144, 'Técnico', 7.00, 15.00, 105.00, 47),
	(145, 'Técnico Refilar', 3.50, 15.00, 52.50, 47),
	(146, 'Instalación', 21.00, 15.00, 315.00, 47),
	(147, 'Tecnico', 13.00, 15.00, 195.00, 48),
	(148, 'Tecnico', 13.00, 15.00, 195.00, 48),
	(149, 'Plotesdo de adhesivo', 16.00, 110.00, 1760.00, 49),
	(150, 'Instalacion', 8.00, 30.00, 240.00, 49),
	(151, 'fabricaciopn e instalacion', 3.00, 25.00, 75.00, 50),
	(152, 'Impresión y armado', 1.00, 45.00, 45.00, 55),
	(153, 'impresión e instalacion', 0.50, 22.00, 11.00, 56),
	(154, 'Corte', 0.30, 15.00, 4.50, 57),
	(155, 'Armado', 1.00, 45.00, 45.00, 57),
	(156, 'colocado', 0.50, 9.00, 4.50, 58),
	(157, 'Armado', 2.00, 15.00, 30.00, 60),
	(158, 'TECNICO', 1.00, 30.00, 30.00, 61),
	(159, 'tecnico', 2.00, 15.00, 30.00, 62),
	(160, 'TECNICO', 2.00, 15.00, 30.00, 63),
	(161, 'TECNICO 1', 2.00, 40.00, 80.00, 64),
	(162, 'TECNICO 2', 1.00, 30.00, 30.00, 64),
	(163, 'TECINICO', 1.00, 30.00, 30.00, 65),
	(164, 'TECNICO1', 1.00, 195.00, 195.00, 66),
	(165, 'TECNICO 2', 1.00, 195.00, 195.00, 66),
	(166, 'tecnico', 1.00, 50.00, 50.00, 68),
	(167, 'TECNICO', 2.00, 30.00, 60.00, 69),
	(168, 'TECNICO', 1.00, 25.00, 25.00, 70),
	(169, 'ARMADA', 2.00, 15.00, 30.00, 73),
	(170, 'INSTALACION', 1.00, 15.00, 15.00, 73),
	(171, 'TECNICO', 1.00, 15.00, 15.00, 74),
	(172, 'TECNICO', 1.00, 15.00, 15.00, 75),
	(173, 'TECNICO', 1.00, 120.00, 120.00, 76),
	(174, 'Mano de Obra', 2.00, 2500.70, 5001.40, 80),
	(175, 'Impresión, refilado, instalación', 6.00, 50.00, 300.00, 83),
	(176, 'Fabricación', 1.00, 35.00, 35.00, 84),
	(177, 'Instalación', 1.00, 45.00, 45.00, 84),
	(178, 'test de mano de obra', 10.00, 2000.00, 20000.00, 85),
	(179, 'test de mano de obra', 10.00, 2500.00, 25000.00, 86),
	(180, 'test', 12.00, 500.00, 6000.00, 87);
/*!40000 ALTER TABLE `workers` ENABLE KEYS */;

-- Volcando estructura para tabla imagen.work_orders
CREATE TABLE IF NOT EXISTS `work_orders` (
  `id` int(10) unsigned NOT NULL AUTO_INCREMENT,
  `number` varchar(32) NOT NULL,
  `opening_date` date NOT NULL,
  `estimated_date` date NOT NULL,
  `closing_date` date DEFAULT NULL,
  `type_work` varchar(64) NOT NULL,
  `note` mediumtext,
  `name_staff` varchar(64) DEFAULT NULL,
  `address_work` varchar(64) DEFAULT NULL,
  `quotation_id` int(10) unsigned NOT NULL,
  `city_id` int(10) unsigned DEFAULT NULL,
  `deleted_at` timestamp NULL DEFAULT NULL,
  `created_at` timestamp NULL DEFAULT NULL,
  `updated_at` timestamp NULL DEFAULT NULL,
  PRIMARY KEY (`id`),
  KEY `work_orders_city_id_foreign` (`city_id`),
  KEY `work_orders_quotation_id_foreign` (`quotation_id`),
  FULLTEXT KEY `number` (`number`)
) ENGINE=InnoDB AUTO_INCREMENT=107 DEFAULT CHARSET=latin1;

-- Volcando datos para la tabla imagen.work_orders: ~100 rows (aproximadamente)
/*!40000 ALTER TABLE `work_orders` DISABLE KEYS */;
INSERT INTO `work_orders` (`id`, `number`, `opening_date`, `estimated_date`, `closing_date`, `type_work`, `note`, `name_staff`, `address_work`, `quotation_id`, `city_id`, `deleted_at`, `created_at`, `updated_at`) VALUES
	(1, '1', '2020-09-11', '2020-09-11', '2020-09-21', 'Impresión y armado de banner', NULL, NULL, NULL, 1, NULL, NULL, '2020-09-21 10:04:59', '2020-09-21 10:06:22'),
	(2, '2', '2020-09-14', '2020-09-14', '2020-09-21', 'Impresión de lona con acabado tipo banner', NULL, NULL, NULL, 2, NULL, NULL, '2020-09-21 10:20:00', '2020-09-21 10:20:13'),
	(3, '3', '2020-09-14', '2020-09-14', '2020-09-21', 'impresión de lona y armado en roller', NULL, NULL, NULL, 3, NULL, NULL, '2020-09-21 10:31:50', '2020-09-21 10:32:04'),
	(4, '4', '2020-09-16', '2020-09-18', '2020-09-21', 'Impresión de lona', 'fabricación de bastidor con tubo cuadrado de 0.20x0.20 de 45x110', NULL, NULL, 6, NULL, NULL, '2020-09-21 10:46:49', '2020-09-21 10:46:54'),
	(5, '5', '2020-09-18', '2020-09-19', '2020-09-21', 'impresión de adhesivo', NULL, NULL, NULL, 8, NULL, NULL, '2020-09-21 10:55:36', '2020-09-21 10:55:40'),
	(6, '6', '2020-09-21', '2020-09-21', '2020-09-22', 'Impresión de adshesivo', 'impresión e instalacion en foam de 3 mm', NULL, NULL, 7, NULL, NULL, '2020-09-21 11:30:34', '2020-09-22 08:51:49'),
	(7, '7', '2020-09-21', '2020-09-22', '2020-09-22', 'impresion e instalado', 'Impresión de adhesivos y lona con instalado', NULL, NULL, 9, NULL, NULL, '2020-09-22 09:43:30', '2020-09-22 11:30:10'),
	(8, '8', '2020-09-22', '2020-09-22', '2020-09-23', 'Impresión e instalación', NULL, NULL, NULL, 5, NULL, NULL, '2020-09-22 11:59:06', '2020-09-23 09:28:30'),
	(9, '9', '2020-09-22', '2020-09-23', '2020-09-23', 'Impresión', 'Impresión y entrega de adhesivo', NULL, NULL, 10, NULL, NULL, '2020-09-22 12:12:00', '2020-09-23 09:28:43'),
	(10, '10', '2020-09-23', '2020-09-23', '2020-09-28', 'Impresion e instalacion', NULL, NULL, NULL, 13, NULL, NULL, '2020-09-28 09:48:14', '2020-09-28 09:48:21'),
	(11, '11', '2020-09-25', '2020-10-01', '2020-10-01', 'Impresión e Instalación', NULL, NULL, NULL, 14, NULL, NULL, '2020-09-28 12:47:13', '2020-10-01 10:31:39'),
	(12, '12', '2020-09-28', '2020-09-29', '2020-09-29', 'Ploteado', NULL, NULL, NULL, 16, NULL, NULL, '2020-09-28 12:56:07', '2020-09-29 09:34:21'),
	(13, '13', '2020-09-28', '2020-09-29', '2020-09-30', 'impresión e instalación', NULL, NULL, NULL, 17, NULL, NULL, '2020-09-28 13:12:45', '2020-09-30 10:41:07'),
	(14, '14', '2020-09-29', '2020-09-30', '2020-09-30', 'impresión', NULL, NULL, NULL, 18, NULL, NULL, '2020-09-30 09:38:25', '2020-09-30 09:38:42'),
	(15, '15', '2020-09-23', '2020-09-30', '2020-09-30', 'impresión con instalacón', NULL, 'Pablo Hernani', NULL, 12, 1, NULL, '2020-09-30 11:56:35', '2020-09-30 11:59:50'),
	(16, '16', '2020-09-25', '2020-09-30', '2020-09-30', 'impresión e instalación', NULL, 'Pablo Hernani', NULL, 15, 1, NULL, '2020-09-30 12:07:38', '2020-09-30 12:07:42'),
	(17, '17', '2020-09-30', '2020-10-01', '2020-10-02', 'impresión e instalación', 'Se debe armar las lonas dándole forma de forro para el torito', NULL, NULL, 11, NULL, NULL, '2020-09-30 12:28:14', '2020-10-02 08:49:07'),
	(18, '18', '2020-10-01', '2020-10-02', '2020-10-02', 'impresión e instalación en bastidores', NULL, NULL, NULL, 20, NULL, NULL, '2020-10-01 10:43:58', '2020-10-02 08:44:49'),
	(19, '19', '2020-10-01', '2020-10-02', '2020-10-02', 'impresión e instalación', NULL, NULL, NULL, 22, NULL, NULL, '2020-10-01 11:44:30', '2020-10-02 08:45:27'),
	(20, '20', '2020-10-02', '2020-10-02', '2020-10-05', 'impresión e instalación', NULL, NULL, NULL, 23, NULL, NULL, '2020-10-02 09:55:16', '2020-10-05 09:32:48'),
	(21, '21', '2020-10-02', '2020-10-02', '2020-10-05', 'impresión e instalación', 'son 2 artes de torque  las medidas están en los artes', NULL, NULL, 24, NULL, NULL, '2020-10-02 10:00:46', '2020-10-05 09:44:29'),
	(22, '22', '2020-10-02', '2020-10-02', '2020-10-12', 'impresión', 'Con ojales al contorno', NULL, NULL, 19, NULL, NULL, '2020-10-02 10:06:53', '2020-10-12 08:37:12'),
	(23, '23', '2020-10-08', '2020-10-09', '2020-10-14', 'Impresión e instalación', 'Impresión e instalación en placas de alocubond. Instalación de señaléticas sobre pared', NULL, NULL, 25, NULL, NULL, '2020-10-08 11:55:22', '2020-10-14 10:54:48'),
	(24, '24', '2020-10-13', '2020-10-14', '2020-10-14', 'IMPRESION', 'Impresión de adhesivo e instalacion en foam de 3 mm', NULL, NULL, 31, NULL, NULL, '2020-10-13 10:21:59', '2020-10-14 10:55:45'),
	(25, '25', '2020-10-13', '2020-10-14', '2020-10-14', 'Impresion de adhesivo', NULL, NULL, NULL, 33, NULL, NULL, '2020-10-13 10:48:30', '2020-10-14 10:56:14'),
	(26, '26', '2020-10-15', '2020-10-19', '2020-11-03', 'impresión e instalación', NULL, NULL, NULL, 35, NULL, NULL, '2020-10-15 09:42:20', '2020-11-03 09:47:13'),
	(27, '27', '2020-10-15', '2020-10-22', '2020-10-22', 'SEÑALETICA DE EXTERIOR', NULL, NULL, NULL, 21, NULL, NULL, '2020-10-22 12:02:30', '2020-10-22 12:02:39'),
	(28, '28', '2020-10-22', '2020-10-23', '2020-10-22', 'cuadro', NULL, NULL, NULL, 39, NULL, NULL, '2020-10-22 12:40:29', '2020-10-22 12:41:11'),
	(29, '29', '2020-10-22', '2020-10-26', '2020-11-03', 'Fabricacion e Instalacion', 'Fabricar e instalar letrerosa de velocidad', NULL, NULL, 32, NULL, NULL, '2020-11-03 10:04:26', '2020-11-03 10:04:30'),
	(30, '30', '2020-11-03', '2020-11-04', '2020-11-04', 'impresión e instalación', NULL, NULL, NULL, 44, NULL, NULL, '2020-11-04 09:32:27', '2020-11-04 15:25:32'),
	(31, '31', '2020-10-29', '2020-11-01', '2020-11-04', 'colgado de lonas e instalacion de valla', 'se viaja a puerto suarez', NULL, NULL, 34, NULL, NULL, '2020-11-04 15:38:30', '2020-11-04 15:39:19'),
	(32, '32', '2020-11-03', '2020-11-05', '2020-11-05', 'Impresión e instalación', NULL, NULL, NULL, 43, NULL, NULL, '2020-11-05 09:28:16', '2020-11-05 09:32:42'),
	(33, '33', '2020-11-05', '2020-11-05', '2020-11-10', 'corte e instalacion', NULL, NULL, NULL, 45, NULL, NULL, '2020-11-05 10:11:28', '2020-11-10 08:56:05'),
	(34, '34', '2020-10-23', '2020-10-28', '2020-11-10', 'Impresión e instalación', NULL, NULL, NULL, 40, NULL, NULL, '2020-11-10 10:20:21', '2020-11-10 10:45:18'),
	(35, '35', '2020-11-09', '2020-11-10', '2020-11-10', 'impresion en instalacion', 'Instalacion en bastidores', NULL, NULL, 47, NULL, NULL, '2020-11-10 10:56:29', '2020-11-10 10:56:49'),
	(36, '36', '2020-11-11', '2020-11-12', '2020-11-12', 'Impresión e instalación', NULL, NULL, NULL, 48, NULL, NULL, '2020-11-11 10:03:50', '2020-11-12 11:15:09'),
	(37, '37', '2020-11-11', '2020-11-12', '2020-11-12', 'Impresión e instalación', 'Instalación en valla de la Isabel la católica', NULL, NULL, 49, NULL, NULL, '2020-11-11 10:41:38', '2020-11-12 11:15:53'),
	(38, '38', '2020-11-16', '2020-11-17', '2020-11-17', 'Impresion y armado', 'Impresión y armado de banner con tubo Berman de 3/4', NULL, NULL, 54, NULL, NULL, '2020-11-17 10:03:41', '2020-11-17 10:03:54'),
	(39, '39', '2020-11-13', '2020-11-13', '2020-11-17', 'imprenta', 'El trabajo se realizar en la imprenta de Wilber', NULL, NULL, 55, NULL, NULL, '2020-11-17 10:09:02', '2020-11-17 10:09:05'),
	(40, '40', '2020-11-18', '2020-11-24', '2020-11-24', 'Impresión en instalación', 'Instalación en bastidores', NULL, NULL, 58, NULL, NULL, '2020-11-18 11:06:07', '2020-11-24 08:57:42'),
	(41, '41', '2020-11-16', '2020-11-17', '2020-11-18', 'Corte', 'Los tableros de madera los proporciono el cliente', NULL, NULL, 56, NULL, NULL, '2020-11-18 11:29:24', '2020-11-18 11:29:28'),
	(42, '42', '2020-11-17', '2020-11-18', '2020-11-24', 'Impresión y corte', NULL, NULL, NULL, 57, NULL, NULL, '2020-11-18 11:40:00', '2020-11-24 08:56:31'),
	(43, '43', '2020-11-10', '2020-11-13', '2020-11-30', 'Impresión e instalación', NULL, 'Jorge Sillerico', 'Agencias CIS La Paz', 50, 1, NULL, '2020-11-30 09:54:21', '2020-11-30 09:54:26'),
	(44, '44', '2020-11-11', '2020-11-12', '2020-11-30', 'impresión', 'Impresion yu armado de banner con tubin y', NULL, NULL, 60, NULL, NULL, '2020-11-30 10:09:04', '2020-11-30 10:09:08'),
	(45, '45', '2020-11-23', '2020-11-25', '2020-11-30', 'impresión de lona', 'Impresión con refilado dejando 5cm de blanco a los lados', 'Jorge Sillerico', 'El cliente recogerá de oficina', 62, 1, NULL, '2020-11-30 10:13:18', '2020-11-30 10:13:21'),
	(46, '46', '2020-11-25', '2020-11-26', '2020-11-30', 'Impresion', 'La impresion es de 2 fotos en una', NULL, NULL, 64, NULL, NULL, '2020-11-30 10:26:35', '2020-11-30 10:26:38'),
	(47, '47', '2020-11-30', '2020-12-01', '2020-12-01', 'Impresión e instalación', 'Instalación de lona en bastidores', NULL, NULL, 69, NULL, NULL, '2020-12-01 10:33:38', '2020-12-01 10:33:46'),
	(48, '48', '2020-12-01', '2020-12-07', '2020-12-11', 'impresión e instalación', NULL, NULL, NULL, 72, NULL, NULL, '2020-12-01 10:49:32', '2020-12-11 09:42:18'),
	(50, '50', '2020-12-01', '2020-12-02', '2020-12-11', 'Impresión e instalación', NULL, 'Pablo Hernani', 'Av. Kantutani carril de subida Valla 15x5 m. Codigo LPZ-1', 74, 1, NULL, '2020-12-01 11:28:52', '2020-12-11 09:42:39'),
	(51, '51', '2020-12-03', '2020-12-04', '2020-12-11', 'impresión e instalacion', 'Se debe ir a instalar a la parada de las unidades de la linea 16 previo acuerdo con los del sindicato', NULL, NULL, 75, NULL, NULL, '2020-12-03 10:46:00', '2020-12-11 09:43:12'),
	(52, '52', '2020-12-03', '2020-12-03', '2020-12-11', 'Impresión y armado', NULL, NULL, NULL, 77, NULL, NULL, '2020-12-03 10:58:07', '2020-12-11 09:44:11'),
	(53, '53', '2020-12-03', '2020-12-04', '2020-12-11', 'Impresión y armado', NULL, NULL, NULL, 80, NULL, NULL, '2020-12-03 11:06:16', '2020-12-11 09:45:08'),
	(54, '54', '2020-12-03', '2020-12-04', '2020-12-11', 'impresión e instalación', NULL, NULL, NULL, 79, NULL, NULL, '2020-12-03 11:52:27', '2020-12-11 09:44:47'),
	(55, '55', '2020-12-07', '2020-12-08', NULL, 'Corte de acrilico', NULL, NULL, NULL, 84, NULL, NULL, '2020-12-07 10:53:57', '2020-12-07 10:53:57'),
	(56, '56', '2020-12-09', '2020-12-10', '2020-12-15', 'Impresión de lona e instalado en bastidor', NULL, NULL, NULL, 88, NULL, NULL, '2020-12-08 15:20:02', '2020-12-15 15:53:09'),
	(57, '57', '2020-12-09', '2020-12-10', NULL, 'Cajas de Sintra con adhesivo', 'se debe realizar el instalado del adhesivo en Sintra como en las imágenes adjuntas', NULL, NULL, 89, NULL, NULL, '2020-12-09 09:21:58', '2020-12-09 09:21:58'),
	(58, '58', '2020-12-10', '2020-12-11', '2020-12-10', 'Alquiler / Instalación de valla', NULL, NULL, NULL, 98, NULL, NULL, '2020-12-10 11:08:34', '2020-12-10 11:08:44'),
	(59, '59', '2020-12-10', '2020-12-11', '2020-12-10', 'Alquiler de Valla', NULL, NULL, NULL, 99, NULL, NULL, '2020-12-10 12:50:48', '2020-12-10 12:50:50'),
	(60, '60', '2020-12-10', '2020-12-11', '2020-12-10', 'Alquiler de Valla', NULL, NULL, NULL, 100, NULL, NULL, '2020-12-10 12:55:19', '2020-12-10 12:55:21'),
	(61, '61', '2020-12-10', '2020-12-10', '2020-12-10', 'Alquiler de Valla', NULL, NULL, NULL, 101, NULL, NULL, '2020-12-10 12:57:19', '2020-12-10 12:57:22'),
	(62, '62', '2020-12-07', '2020-12-09', '2020-12-11', 'Impresión e instalación', NULL, NULL, NULL, 90, NULL, NULL, '2020-12-11 09:38:04', '2020-12-11 09:38:08'),
	(64, '64', '2020-11-19', '2020-12-07', '2020-12-11', 'impresión e instalación', NULL, NULL, NULL, 59, NULL, NULL, '2020-12-11 09:49:39', '2020-12-11 09:49:42'),
	(65, '65', '2020-11-20', '2020-11-26', '2020-12-11', 'Varios', NULL, NULL, NULL, 61, NULL, NULL, '2020-12-11 10:07:52', '2020-12-11 10:07:56'),
	(66, '66', '2020-11-11', '2020-11-11', '2020-12-11', 'Alquiler de valla', NULL, NULL, NULL, 52, NULL, NULL, '2020-12-11 10:11:52', '2020-12-11 10:11:55'),
	(67, '67', '2020-12-07', '2020-12-08', '2020-12-11', 'impresión e instalación', 'El trabajo se realizara en La Paz en coordinación con Jorge Sillerico', NULL, NULL, 85, NULL, NULL, '2020-12-11 10:44:32', '2020-12-11 10:44:34'),
	(68, '68', '2020-12-08', '2020-12-11', '2020-12-18', 'Corte u serigrafiado', NULL, NULL, NULL, 96, NULL, NULL, '2020-12-11 11:31:32', '2020-12-18 11:27:01'),
	(69, '69', '2020-12-11', '2020-12-14', '2020-12-15', 'Impresión y corte', NULL, NULL, NULL, 103, NULL, NULL, '2020-12-11 12:12:43', '2020-12-15 08:50:30'),
	(70, '70', '2020-12-08', '2020-12-09', '2020-12-15', 'Impresión e instalación', NULL, NULL, NULL, 86, NULL, NULL, '2020-12-15 08:59:44', '2020-12-15 08:59:47'),
	(71, '71', '2020-12-07', '2020-12-07', '2020-12-15', 'Impresión e instalación', NULL, NULL, NULL, 87, NULL, NULL, '2020-12-15 09:04:05', '2020-12-15 09:04:08'),
	(72, '72', '2020-12-17', '2020-12-18', NULL, 'ADHESIVO', 'JKBKKKKJBBKJJBKJB', NULL, NULL, 94, NULL, NULL, '2020-12-16 15:30:21', '2020-12-16 15:30:21'),
	(73, '73', '2020-12-15', '2020-12-18', '2021-01-06', 'Impresión e instalacion', NULL, NULL, NULL, 95, NULL, NULL, '2020-12-17 15:10:41', '2021-01-06 17:14:37'),
	(74, '74', '2020-12-16', '2020-12-17', '2021-01-06', 'Impresión e instalación', NULL, NULL, NULL, 92, NULL, NULL, '2020-12-18 11:26:12', '2021-01-06 17:14:41'),
	(75, '75', '2020-12-18', '2020-12-18', '2020-12-18', 'Impresión de Lona', NULL, NULL, NULL, 114, NULL, NULL, '2020-12-18 14:41:27', '2020-12-18 14:41:36'),
	(76, '76', '2020-12-18', '2020-12-18', '2020-12-18', 'Impresión de Adhesivo + Instalación', NULL, NULL, NULL, 115, NULL, NULL, '2020-12-18 14:42:35', '2020-12-18 14:42:38'),
	(77, '77', '2020-12-18', '2020-12-18', '2020-12-18', 'Impresión de Lona + Instalación y Bastidor con Lona', NULL, NULL, NULL, 116, NULL, NULL, '2020-12-18 14:44:21', '2020-12-18 14:44:23'),
	(78, '78', '2020-12-18', '2020-12-18', '2020-12-18', 'Impresión de Adhesivo + Instalación', NULL, NULL, NULL, 117, NULL, NULL, '2020-12-18 14:45:13', '2020-12-18 14:45:16'),
	(79, '79', '2020-12-18', '2020-12-18', '2020-12-18', 'Producto/Servicio General', NULL, NULL, NULL, 118, NULL, NULL, '2020-12-18 14:46:05', '2020-12-18 14:46:07'),
	(80, '80', '2020-12-21', '2020-12-21', '2020-12-21', 'Impresión e instalación', NULL, NULL, NULL, 109, NULL, NULL, '2020-12-21 09:16:34', '2020-12-21 14:02:56'),
	(81, '81', '2020-12-14', '2020-12-16', '2020-12-22', 'Serigrafia', NULL, NULL, NULL, 106, NULL, NULL, '2020-12-22 10:29:59', '2020-12-22 10:30:05'),
	(82, '82', '2020-12-28', '2020-12-28', '2020-12-29', 'Impresión e instalación', NULL, NULL, NULL, 121, NULL, NULL, '2020-12-29 14:30:39', '2020-12-29 14:30:42'),
	(83, '83', '2020-12-30', '2020-12-30', NULL, 'Impresión e instalación en bastidores', NULL, NULL, NULL, 124, NULL, NULL, '2020-12-30 13:20:36', '2020-12-30 13:20:36'),
	(84, '84', '2020-12-30', '2021-01-04', NULL, 'impresión e instalacion', 'Instalación en la  valla de Av. Isabel la Católica esq. Yotau. (Ricardo Camacho)', NULL, NULL, 125, NULL, NULL, '2020-12-30 13:28:32', '2020-12-30 13:28:32'),
	(85, '85', '2021-01-04', '2021-01-05', NULL, 'Impresión de lona e instalación en valla', NULL, NULL, NULL, 126, NULL, NULL, '2021-01-04 09:11:06', '2021-01-04 09:11:06'),
	(86, '86', '2021-01-06', '2021-01-06', '2021-01-06', 'Rediseño de logo', NULL, NULL, NULL, 131, NULL, NULL, '2021-01-06 10:07:50', '2021-01-06 10:07:56'),
	(87, '87', '2021-01-08', '2021-01-08', '2021-01-08', 'Alquiler de Valla', NULL, NULL, NULL, 139, NULL, NULL, '2021-01-08 12:45:22', '2021-01-08 12:45:25'),
	(88, '88', '2021-01-08', '2021-01-08', '2021-01-08', 'Alquiler de Valla', NULL, NULL, NULL, 138, NULL, NULL, '2021-01-08 12:46:06', '2021-01-08 12:46:09'),
	(89, '89', '2021-01-08', '2021-01-08', '2021-01-08', 'Alquiler de Valla', NULL, NULL, NULL, 137, NULL, NULL, '2021-01-08 12:47:54', '2021-01-08 12:47:56'),
	(90, '90', '2021-01-13', '2021-01-13', '2021-01-13', 'Alquiler de Valla', NULL, NULL, NULL, 141, NULL, NULL, '2021-01-13 12:25:59', '2021-01-13 12:26:02'),
	(91, '91', '2021-01-25', '2021-01-20', NULL, 'Impresión e instalación', NULL, NULL, NULL, 144, NULL, NULL, '2021-01-18 17:20:50', '2021-01-18 17:20:50'),
	(92, '92', '2021-01-21', '2021-01-25', NULL, 'Mampara en Acrílico transparente de 3 mm', NULL, NULL, NULL, 146, NULL, NULL, '2021-01-20 12:12:48', '2021-01-20 12:12:48'),
	(93, '93', '2021-01-21', '2021-01-21', '2021-01-21', 'Impresión de Lona', NULL, NULL, NULL, 145, NULL, NULL, '2021-01-21 14:14:22', '2021-01-21 14:14:25'),
	(95, '95', '2021-01-21', '2021-01-21', '2021-01-21', 'Impresión de Lona', NULL, NULL, NULL, 140, NULL, NULL, '2021-01-21 14:23:53', '2021-01-21 14:23:57'),
	(96, '96', '2021-01-21', '2021-01-21', '2021-01-21', 'Impresión de Lona', NULL, NULL, NULL, 135, NULL, NULL, '2021-01-21 14:25:34', '2021-01-21 14:25:39'),
	(97, '97', '2021-01-21', '2021-01-21', '2021-01-21', 'Alquiler e Impresión de Lona', NULL, NULL, NULL, 133, NULL, NULL, '2021-01-21 14:27:24', '2021-01-21 14:27:26'),
	(98, '98', '2021-01-21', '2021-01-21', '2021-01-21', 'Alquiler e Impresión de Lona', NULL, NULL, NULL, 132, NULL, NULL, '2021-01-21 14:29:34', '2021-01-21 14:29:37'),
	(99, '99', '2021-01-21', '2021-01-21', '2021-01-21', 'Impresión de Lona', NULL, NULL, NULL, 130, NULL, NULL, '2021-01-21 14:31:42', '2021-01-21 14:31:45'),
	(100, '100', '2021-01-21', '2021-01-21', '2021-01-21', 'Señaletica Vial', NULL, NULL, NULL, 119, NULL, NULL, '2021-01-21 14:33:12', '2021-01-21 14:33:15'),
	(101, '101', '2021-02-11', '2021-02-12', '2021-02-11', 'Instalación', NULL, NULL, NULL, 162, NULL, NULL, '2021-02-11 20:14:09', '2021-02-11 20:14:18'),
	(102, '102', '2021-02-17', '2021-02-18', '2021-02-17', 'adadadad', NULL, NULL, NULL, 161, NULL, NULL, '2021-02-17 13:52:01', '2021-02-17 13:52:03'),
	(103, '103', '2021-02-17', '2021-02-18', '2021-02-17', 'adadadad', NULL, NULL, NULL, 160, NULL, NULL, '2021-02-17 13:54:26', '2021-02-17 13:54:29'),
	(104, '104', '2021-02-25', '2021-02-25', '2021-02-25', 'SFSFSDFS', NULL, NULL, NULL, 164, NULL, NULL, '2021-02-25 15:00:43', '2021-02-25 15:00:45'),
	(105, '105', '2021-02-25', '2021-02-25', '2021-02-25', 'sfsfsfsfs', NULL, NULL, NULL, 163, NULL, NULL, '2021-02-25 21:08:29', '2021-02-25 21:08:38'),
	(106, '106', '2021-02-25', '2021-02-25', NULL, 'Tecnico panelizar', NULL, NULL, NULL, 156, NULL, NULL, '2021-02-25 21:30:14', '2021-02-25 21:30:14');
/*!40000 ALTER TABLE `work_orders` ENABLE KEYS */;

-- Volcando estructura para disparador imagen.after_invoice_insert
SET @OLDTMP_SQL_MODE=@@SQL_MODE, SQL_MODE='NO_AUTO_VALUE_ON_ZERO';
DELIMITER //
CREATE TRIGGER `after_invoice_insert` AFTER INSERT ON `invoices` FOR EACH ROW BEGIN
 UPDATE licenses SET starting_number = starting_number + 1 WHERE id = NEW.license_id;
END//
DELIMITER ;
SET SQL_MODE=@OLDTMP_SQL_MODE;

-- Volcando estructura para disparador imagen.after_notes_insert
SET @OLDTMP_SQL_MODE=@@SQL_MODE, SQL_MODE='NO_AUTO_VALUE_ON_ZERO';
DELIMITER //
CREATE TRIGGER `after_notes_insert` AFTER INSERT ON `notes` FOR EACH ROW BEGIN
 UPDATE vouchers SET starting_number = starting_number + 1 WHERE id = NEW.voucher_id;
END//
DELIMITER ;
SET SQL_MODE=@OLDTMP_SQL_MODE;

-- Volcando estructura para disparador imagen.before_quotations_insert
SET @OLDTMP_SQL_MODE=@@SQL_MODE, SQL_MODE='NO_AUTO_VALUE_ON_ZERO';
DELIMITER //
CREATE TRIGGER `before_quotations_insert` BEFORE INSERT ON `quotations` FOR EACH ROW BEGIN
    DECLARE code_city VARCHAR(32);
    DECLARE number_quo INT;
    DECLARE year_quo INT DEFAULT DATE_FORMAT(CURDATE(), '%y');
    DECLARE city INT;
    
    SELECT c.code_city, c.id INTO code_city, city
	 FROM cities AS c
	 INNER JOIN offices AS o
	 ON c.id = o.city_id
	 INNER JOIN users AS u
	 ON u.office_id = o.id
	 WHERE u.id = NEW.user_id;
	 
	 SELECT number_quotation INTO number_quo FROM code_cities WHERE city_id = city;
    
    IF number_quo > 0 THEN
        UPDATE code_cities SET number_quotation = number_quotation + 1 WHERE city_id = city;
        SET NEW.cite = CONCAT(code_city, '-', number_quo + 1, '-', year_quo);
    ELSE
        INSERT INTO code_cities(number_quotation, city_id) VALUES (1, city);
        SET NEW.cite = CONCAT(code_city, '-', 1, '-', year_quo);
    END IF; 
 
END//
DELIMITER ;
SET SQL_MODE=@OLDTMP_SQL_MODE;

-- Volcando estructura para disparador imagen.before_work_orders_insert
SET @OLDTMP_SQL_MODE=@@SQL_MODE, SQL_MODE='NO_AUTO_VALUE_ON_ZERO';
DELIMITER //
CREATE TRIGGER `before_work_orders_insert` BEFORE INSERT ON `work_orders` FOR EACH ROW BEGIN
    DECLARE code_number INT;
    
    SELECT number INTO code_number
	 FROM work_orders 
	 ORDER BY id DESC
	 LIMIT 1;
    
    IF (code_number IS NULL) THEN
        SET NEW.number = 1;
    ELSE
        SET NEW.number = code_number + 1;
    END IF; 
 
END//
DELIMITER ;
SET SQL_MODE=@OLDTMP_SQL_MODE;

/*!40101 SET SQL_MODE=IFNULL(@OLD_SQL_MODE, '') */;
/*!40014 SET FOREIGN_KEY_CHECKS=IF(@OLD_FOREIGN_KEY_CHECKS IS NULL, 1, @OLD_FOREIGN_KEY_CHECKS) */;
/*!40101 SET CHARACTER_SET_CLIENT=@OLD_CHARACTER_SET_CLIENT */;
